species,lon,lat,group
arabis,18.22089,68.13071,11
arabis,18.55514,68.51355,11
arabis,18.26125,68.12599,11
arabis,18.26838,68.13602,11
arabis,18.20097,68.23773,11
arabis,16.13754,66.64845,11
arabis,18.91574,68.28466,11
arabis,17.65212,59.1961,11
arabis,7.336466,45.580284,11
arabis,14.353681,47.650326,11
arabis,17.918701,67.222649,11
arabis,12.934685,47.548264,11
arabis,11.979729,46.711803,11
arabis,3.410933,44.365788,11
arabis,10.584812,47.568535,11
arabis,10.503874,47.467964,11
arabis,10.302773,47.5252,11
arabis,6.542546,61.012581,11
arabis,10.340238,47.547089,11
arabis,13.971976,47.246613,11
arabis,9.170535,46.495972,11
arabis,11.255836,47.407181,11
arabis,10.35676,47.485367,11
arabis,10.246702,46.669453,11
arabis,11.608686,46.504391,11
arabis,10.394268,47.553883,11
arabis,10.412292,47.421001,11
arabis,10.11137,47.366966,11
arabis,12.328548,47.708492,11
arabis,9.343357,47.249699,11
arabis,10.574684,47.490761,11
arabis,12.496498,47.118999,11
arabis,8.508911,47.808773,11
arabis,10.376458,47.517723,11
arabis,11.81571,46.570663,11
arabis,10.093679,46.907181,11
arabis,10.411949,47.478233,11
arabis,12.596082,47.694336,11
arabis,7.455359,49.387062,11
arabis,14.320973,47.782448,11
arabis,7.1104,59.5054,11
arabis,18.61881,68.16649,11
arabis,18.68273,68.15804,11
arabis,18.16818,68.21606,11
arabis,18.80927,68.17657,11
arabis,18.33459,68.30835,11
arabis,18.20721,68.39202,11
arabis,16.51244,67.06819,11
arabis,16.48015,67.05387,11
arabis,17.85211,66.89829,11
arabis,16.60481,67.28299,11
arabis,16.62623,67.30105,11
arabis,16.59541,67.2371,11
arabis,16.64077,67.25029,11
arabis,16.23997,66.339,11
arabis,17.06086,66.68643,11
arabis,15.98186,66.23056,11
arabis,16.06637,66.24062,11
arabis,16.18961,66.62059,11
arabis,16.01471,66.24184,11
arabis,16.99462,66.88291,11
arabis,16.81766,66.6596,11
arabis,14.66518,65.25267,11
arabis,15.20895,66.19305,11
arabis,16.86164,66.67026,11
arabis,16.86583,66.64127,11
arabis,16.75939,67.3139,11
arabis,16.52219,67.42099,11
arabis,16.47587,67.359,11
arabis,16.13678,66.68116,11
arabis,15.13174,65.16651,11
arabis,16.0927,66.58321,11
arabis,17.03445,66.68835,11
arabis,17.0334,67.27007,11
arabis,18.11394,68.42816,11
arabis,18.92331,68.27608,11
arabis,18.73332,68.48996,11
arabis,18.65846,68.39026,11
arabis,20.15626,69.01983,11
arabis,20.18213,69.01925,11
arabis,20.23957,69.0033,11
arabis,20.21281,69.0165,11
arabis,14.68931,65.86952,11
arabis,16.07844,66.26947,11
arabis,15.85222,66.76664,11
arabis,15.10296,64.83779,11
arabis,16.52915,66.25471,11
arabis,20.30038,69.00464,11
arabis,20.24405,69.01949,11
arabis,15.57294,66.36454,11
arabis,12.32479,63.25641,11
arabis,18.8731,68.45527,11
arabis,19.48504,68.21767,11
arabis,18.75696,68.32833,11
arabis,15.09963,65.14705,11
arabis,18.3319,67.81683,11
arabis,18.76652,68.35652,11
arabis,6.42375,45.060833,11
arabis,21.090395,69.366079,11
arabis,9.676053,62.315261,11
arabis,-19.892621,63.720835,11
arabis,7.40617,46.34388,11
arabis,6.435,60.226112,11
arabis,-2.931053,37.089825,11
arabis,20.73161,67.89143,11
arabis,18.67871,68.40127,11
arabis,-0.56497,43.07837,11
arabis,2.56743,42.8658,11
arabis,0.69994,42.93861,11
arabis,7.5502,60.6091,11
arabis,20.75025,48.102578,11
arabis,-0.355574,43.004618,11
arabis,-2.943907,43.219691,11
arabis,7.608612,46.909811,11
arabis,11.669456,46.533521,11
arabis,11.799755,46.654103,11
arabis,20.777094,40.617722,11
arabis,6.937545,47.097576,11
arabis,10.733011,47.549812,11
arabis,6.537872,44.954427,11
arabis,11.121815,46.074835,11
arabis,14.063436,50.668076,11
arabis,12.76,46.98,11
arabis,6.10236,44.90403,11
arabis,6.94605,45.59785,11
arabis,6.33657,44.90508,11
arabis,6.8612,45.45686,11
arabis,-0.07479,43.06123,11
arabis,6.91526,45.43138,11
arabis,6.75551,45.38123,11
arabis,-0.2067,43.03185,11
arabis,-0.10793,43.05151,11
arabis,-0.16884,43.03639,11
arabis,-0.167,43.0628,11
arabis,5.51525,45.1885,11
arabis,5.8244,46.26236,11
arabis,3.58565,44.31706,11
arabis,6.6838,45.51661,11
arabis,3.60273,44.51952,11
arabis,5.57888,45.18705,11
arabis,3.60801,44.31102,11
arabis,2.46161,44.90038,11
arabis,0.72745,42.95868,11
arabis,6.08285,45.08415,11
arabis,2.08651,42.43368,11
arabis,3.12761,44.21119,11
arabis,2.93374,43.69519,11
arabis,0.08604,42.71622,11
arabis,3.03488,43.9726,11
arabis,0.69523,42.92508,11
arabis,2.44809,42.89637,11
arabis,6.46723,46.15445,11
arabis,2.14527,43.47411,11
arabis,1.75356,42.93856,11
arabis,1.69307,44.93018,11
arabis,0.04486,42.83349,11
arabis,1.49618,44.84406,11
arabis,0.69652,42.94744,11
arabis,0.23538,42.84757,11
arabis,0.24995,42.84251,11
arabis,2.23141,42.61774,11
arabis,2.19115,42.4242,11
arabis,2.22577,42.43072,11
arabis,2.32057,42.60198,11
arabis,0.00856,42.75433,11
arabis,6.6524,46.01343,11
arabis,-0.11109,42.76367,11
arabis,5.12312,44.92643,11
arabis,5.73257,45.72399,11
arabis,0.06729,42.73227,11
arabis,-0.25893,42.96577,11
arabis,-0.18104,42.80233,11
arabis,0.43572,42.87373,11
arabis,0.13922,42.78743,11
arabis,1.08084,42.84452,11
arabis,0.10625,42.80505,11
arabis,0.10172,42.78298,11
arabis,2.81102,45.54724,11
arabis,2.82851,45.53,11
arabis,0.14027,42.91868,11
arabis,0.67572,42.99122,11
arabis,0.46649,42.91657,11
arabis,1.55952,42.86457,11
arabis,0.12467,42.74677,11
arabis,1.40236,42.7881,11
arabis,0.26982,42.89589,11
arabis,0.4802,42.87265,11
arabis,0.37384,43.03958,11
arabis,1.83871,42.78787,11
arabis,2.0006,42.66948,11
arabis,0.0347,42.98179,11
arabis,0.24617,42.87118,11
arabis,-0.00269,42.80125,11
arabis,0.01382,42.96974,11
arabis,0.64866,42.93111,11
arabis,0.35316,42.87286,11
arabis,-0.1313,42.78999,11
arabis,0.8897,42.82816,11
arabis,0.21642,42.96168,11
arabis,2.04698,42.61217,11
arabis,2.09426,42.45769,11
arabis,2.26335,42.61613,11
arabis,2.41522,42.53943,11
arabis,2.16758,42.63016,11
arabis,2.24833,42.78843,11
arabis,2.00212,42.6504,11
arabis,2.1803,42.65494,11
arabis,2.14969,42.44314,11
arabis,2.36018,42.60222,11
arabis,2.4928,42.93196,11
arabis,6.28722,45.83844,11
arabis,6.17032,46.13292,11
arabis,6.9983,45.42599,11
arabis,6.9546,45.43999,11
arabis,5.55553,44.26333,11
arabis,6.78062,46.10114,11
arabis,7.02313,45.42107,11
arabis,6.83937,45.45691,11
arabis,5.90826,46.22634,11
arabis,6.71451,45.7675,11
arabis,5.94057,45.16485,11
arabis,6.9971,45.4849,11
arabis,6.00558,45.17789,11
arabis,6.28297,45.84853,11
arabis,6.34903,45.93743,11
arabis,7.10466,45.36083,11
arabis,6.63265,45.8045,11
arabis,6.1893,45.71014,11
arabis,5.82061,46.24433,11
arabis,6.83717,46.10959,11
arabis,6.17412,45.20466,11
arabis,6.32701,45.41604,11
arabis,5.48189,44.24048,11
arabis,6.57396,46.00661,11
arabis,5.95259,46.27575,11
arabis,6.57041,45.99236,11
arabis,6.54611,45.23702,11
arabis,6.84354,45.54372,11
arabis,6.19051,45.6164,11
arabis,6.75951,46.01236,11
arabis,6.56603,45.12949,11
arabis,5.35185,45.06232,11
arabis,6.8245,46.10649,11
arabis,6.79564,46.12843,11
arabis,5.71718,44.7249,11
arabis,5.93483,46.25642,11
arabis,6.48828,45.89743,11
arabis,6.05599,45.75132,11
arabis,6.75187,46.2402,11
arabis,6.70828,45.75253,11
arabis,5.86998,46.14249,11
arabis,5.82115,44.77634,11
arabis,5.57194,44.68243,11
arabis,5.48924,46.05285,11
arabis,6.77637,46.17108,11
arabis,6.54132,45.30481,11
arabis,5.83655,45.68082,11
arabis,6.77445,46.32786,11
arabis,6.22568,45.95125,11
arabis,5.58156,45.24486,11
arabis,6.56768,45.1187,11
arabis,5.59128,45.23711,11
arabis,6.29348,45.81901,11
arabis,5.77072,46.19587,11
arabis,6.34008,46.00457,11
arabis,5.86019,45.06097,11
arabis,5.41638,45.91631,11
arabis,6.27117,45.69612,11
arabis,6.0017,44.9697,11
arabis,6.57853,45.16581,11
arabis,6.19558,45.63661,11
arabis,6.73453,45.75519,11
arabis,6.47748,45.90278,11
arabis,6.79597,46.10261,11
arabis,6.80986,46.10886,11
arabis,6.73417,45.96759,11
arabis,5.88756,44.87935,11
arabis,5.94034,46.26815,11
arabis,6.75737,45.5172,11
arabis,6.5019,45.98387,11
arabis,5.81106,45.38991,11
arabis,6.72843,46.35461,11
arabis,6.40993,45.07053,11
arabis,6.26592,45.83454,11
arabis,6.81913,46.22308,11
arabis,5.86793,46.22348,11
arabis,6.3073,45.84345,11
arabis,6.97187,45.9066,11
arabis,5.55922,44.16929,11
arabis,5.8002,44.70856,11
arabis,5.60066,45.06339,11
arabis,6.63053,45.30338,11
arabis,7.08572,45.29131,11
arabis,6.65634,45.2621,11
arabis,6.86094,46.11123,11
arabis,5.64253,44.68657,11
arabis,6.20336,45.60858,11
arabis,5.85506,45.30977,11
arabis,6.65231,45.32798,11
arabis,5.95339,45.16688,11
arabis,6.19776,45.69799,11
arabis,5.72568,45.7096,11
arabis,6.95211,45.32103,11
arabis,5.60142,44.46979,11
arabis,6.47657,45.08453,11
arabis,6.19658,45.73158,11
arabis,6.83815,45.52764,11
arabis,5.89742,45.1531,11
arabis,7.00539,45.43987,11
arabis,6.75394,46.38047,11
arabis,6.08655,45.74402,11
arabis,5.82848,44.68811,11
arabis,7.10049,45.29167,11
arabis,6.82698,45.51389,11
arabis,6.65323,45.31854,11
arabis,5.96287,46.28243,11
arabis,6.75913,46.35567,11
arabis,5.32381,45.00876,11
arabis,5.72403,44.68074,11
arabis,5.58844,45.07112,11
arabis,5.93696,45.05084,11
arabis,5.42384,44.84228,11
arabis,6.81172,46.31484,11
arabis,6.10086,45.28272,11
arabis,6.62433,45.31658,11
arabis,6.85737,45.5488,11
arabis,5.34895,45.77768,11
arabis,5.35279,45.86769,11
arabis,1.92141,42.83336,11
arabis,1.95289,42.75075,11
arabis,1.95861,42.74267,11
arabis,5.28278,45.734,11
arabis,5.96061,45.17757,11
arabis,5.84025,45.31585,11
arabis,5.95347,45.04261,11
arabis,5.84254,45.36085,11
arabis,6.32878,44.9419,11
arabis,5.56647,44.91707,11
arabis,5.65106,45.36554,11
arabis,5.75643,44.91252,11
arabis,6.26545,44.94378,11
arabis,6.26283,44.8988,11
arabis,6.0291,45.26584,11
arabis,6.00966,44.90595,11
arabis,6.0705,44.85923,11
arabis,5.49713,44.78354,11
arabis,5.50515,44.96351,11
arabis,5.95109,44.99762,11
arabis,6.0779,44.99418,11
arabis,5.89466,45.13425,11
arabis,5.94636,44.90765,11
arabis,6.0145,44.99592,11
arabis,6.26807,44.98876,11
arabis,6.20211,44.94562,11
arabis,5.62348,44.78062,11
arabis,5.95822,45.13258,11
arabis,5.82655,45.0459,11
arabis,6.32611,44.89692,11
arabis,5.56031,44.78209,11
arabis,5.74761,44.73257,11
arabis,6.01935,45.08589,11
arabis,5.81073,44.73098,11
arabis,5.62138,44.73563,11
arabis,6.08533,45.12914,11
arabis,5.88537,44.9543,11
arabis,6.15142,45.17235,11
arabis,5.5706,45.00706,11
arabis,5.56441,44.87208,11
arabis,6.19954,44.90064,11
arabis,6.07543,44.9492,11
arabis,6.02665,45.22086,11
arabis,5.51728,45.2335,11
arabis,5.50114,44.87352,11
arabis,5.6845,44.73411,11
arabis,5.57266,45.05206,11
arabis,5.63614,45.05057,11
arabis,6.08037,45.03917,11
arabis,6.20726,45.03558,11
arabis,6.20468,44.9906,11
arabis,6.13877,44.94743,11
arabis,5.87613,44.77435,11
arabis,5.71051,45.27402,11
arabis,6.21501,45.17053,11
arabis,6.1565,45.26232,11
arabis,6.00725,44.86096,11
arabis,5.93929,44.77269,11
arabis,5.62558,44.82561,11
arabis,5.56236,44.82709,11
arabis,5.89001,45.04427,11
arabis,5.84485,45.40584,11
arabis,5.96299,45.22256,11
arabis,5.44964,45.14492,11
arabis,5.7127,45.31902,11
arabis,5.57681,45.14205,11
arabis,-0.15758,43.08414,11
arabis,0.66747,42.91513,11
arabis,0.10227,42.90365,11
arabis,0.29147,42.87938,11
arabis,0.67359,43.00029,11
arabis,0.66752,43.23878,11
arabis,0.04371,42.92341,11
arabis,-0.21831,43.01669,11
arabis,0.17817,42.78453,11
arabis,0.77927,42.91992,11
arabis,1.41721,44.86949,11
arabis,0.57467,42.79446,11
arabis,6.09148,46.39059,11
arabis,5.315,44.96764,11
arabis,6.71391,45.96635,11
arabis,6.05623,45.76073,11
arabis,6.80014,46.27903,11
arabis,6.59962,46.1954,11
arabis,6.64345,45.8785,11
arabis,6.25966,45.93529,11
arabis,6.79702,46.23405,11
arabis,6.80327,46.324,11
arabis,6.45589,45.97453,11
arabis,6.71695,46.01133,11
arabis,6.84289,45.96205,11
arabis,6.45872,46.01951,11
arabis,6.91056,46.00481,11
arabis,6.59078,46.06047,11
arabis,6.52328,46.01752,11
arabis,6.77531,45.91925,11
arabis,6.53485,46.19744,11
arabis,6.78149,46.00919,11
arabis,6.78459,46.05416,11
arabis,6.69879,45.74148,11
arabis,6.76609,45.78433,11
arabis,6.7784,45.96422,11
arabis,8.510096,47.818023,11
arabis,8.431553,46.726929,11
arabis,13.614722,47.549168,11
arabis,14.516111,47.824444,11
arabis,13.523334,48.584446,11
arabis,6.51349,47.1109,11
arabis,6.0136,45.29748,11
arabis,5.92999,45.40665,11
arabis,6.62665,44.26188,11
arabis,6.64837,45.17415,11
arabis,6.46984,44.9957,11
arabis,6.80349,44.65264,11
arabis,5.77175,44.73243,11
arabis,0.62699,42.73494,11
arabis,6.74346,46.08792,11
arabis,5.61065,44.97316,11
arabis,5.76428,45.70186,11
arabis,6.76286,44.21458,11
arabis,6.1081,46.60694,11
arabis,6.11335,45.06078,11
arabis,5.91001,44.89816,11
arabis,6.07936,44.88144,11
arabis,6.4605,45.90025,11
arabis,6.76657,45.66492,11
arabis,5.59017,45.12096,11
arabis,5.23047,44.86411,11
arabis,5.88571,45.33409,11
arabis,6.72901,45.25504,11
arabis,5.68449,44.74669,11
arabis,6.90331,43.73729,11
arabis,5.79787,45.33144,11
arabis,6.76527,44.85332,11
arabis,4.92049,47.33946,11
arabis,9.00017,42.0848,11
arabis,8.93712,42.02537,11
arabis,9.07744,42.12789,11
arabis,8.94838,42.40263,11
arabis,8.93499,42.25937,11
arabis,9.24008,42.05385,11
arabis,9.23311,42.3503,11
arabis,8.967,42.05908,11
arabis,9.13234,41.99279,11
arabis,9.24686,42.5315,11
arabis,9.14201,42.27028,11
arabis,9.12391,42.23546,11
arabis,9.43454,42.36438,11
arabis,9.23952,42.00503,11
arabis,9.02728,42.24571,11
arabis,8.9376,42.34318,11
arabis,9.33238,42.35872,11
arabis,9.02529,42.05754,11
arabis,9.08415,42.23334,11
arabis,9.15029,42.24302,11
arabis,9.10159,42.56831,11
arabis,9.23064,41.83327,11
arabis,9.2022,41.93396,11
arabis,9.39169,42.6718,11
arabis,9.22359,42.00242,11
arabis,9.3099,42.0749,11
arabis,9.40327,42.72933,11
arabis,8.99015,42.07265,11
arabis,9.02946,42.04449,11
arabis,9.21277,42.00715,11
arabis,9.22686,42.38043,11
arabis,9.0846,42.21481,11
arabis,9.04577,42.04384,11
arabis,9.25072,42.34422,11
arabis,9.2466,41.85582,11
arabis,8.85682,42.15672,11
arabis,9.03462,41.94171,11
arabis,9.13346,42.07248,11
arabis,9.09436,42.42854,11
arabis,8.97621,42.52219,11
arabis,9.25104,42.50284,11
arabis,9.12396,42.20688,11
arabis,9.2059,42.58958,11
arabis,9.39208,42.82426,11
arabis,9.02461,42.07153,11
arabis,9.16498,42.06815,11
arabis,9.09491,42.28526,11
arabis,8.98063,42.39066,11
arabis,9.07442,42.27969,11
arabis,9.18443,42.37808,11
arabis,9.15712,42.10483,11
arabis,9.00239,42.06205,11
arabis,8.99663,42.47272,11
arabis,9.22394,42.04557,11
arabis,9.2249,41.84235,11
arabis,9.36781,42.31654,11
arabis,8.94839,42.45666,11
arabis,8.94646,42.37966,11
arabis,11.037655,46.843521,11
arabis,17.15215,67.01845,11
arabis,17.17317,67.01031,11
arabis,14.41446,65.06774,11
arabis,14.206421,45.292254,11
arabis,19.908814,49.243688,11
arabis,-5.154947,42.96353,11
arabis,-5.102475,43.005766,11
arabis,-5.101514,42.950918,11
arabis,10.229395,47.401946,11
arabis,9.129875,62.640932,11
arabis,26.969168,69.691728,11
arabis,13.712892,42.401357,11
arabis,10.713961,46.864423,11
arabis,-4.980344,43.273845,11
arabis,-4.834633,43.255024,11
arabis,-21.118464,64.457887,11
arabis,10.831475,47.362781,11
arabis,11.719998,43.878531,11
arabis,10.613102,46.496219,11
arabis,11.175711,47.388029,11
arabis,-1.876906,42.936474,11
arabis,15.3672,67.0207,11
arabis,-2.53111,43.27917,11
arabis,6.65968,44.35445,11
arabis,6.92706,44.42711,11
arabis,6.75636,44.28134,11
arabis,6.79633,44.34305,11
arabis,6.79048,44.45046,11
arabis,6.65941,44.15664,11
arabis,6.59438,44.33307,11
arabis,6.77839,44.40264,11
arabis,6.5808,44.33593,11
arabis,6.5466,44.33757,11
arabis,6.73969,44.33226,11
arabis,6.67563,44.25056,11
arabis,6.77026,44.2798,11
arabis,6.8711,44.46804,11
arabis,6.70494,44.21144,11
arabis,6.65734,44.18406,11
arabis,6.82803,44.3458,11
arabis,6.72905,44.25498,11
arabis,6.68456,44.17798,11
arabis,6.77255,44.38654,11
arabis,6.80027,44.45664,11
arabis,7.56657,44.04816,11
arabis,7.59052,44.00001,11
arabis,7.60798,44.09338,11
arabis,7.63428,44.12114,11
arabis,7.5013,43.99202,11
arabis,7.47595,44.04936,11
arabis,7.54885,44.08434,11
arabis,7.47681,44.03608,11
arabis,7.5479,44.12583,11
arabis,7.53025,44.06709,11
arabis,7.65538,43.98092,11
arabis,6.72864,43.85074,11
arabis,5.77649,43.33152,11
arabis,5.82512,43.34539,11
arabis,7.34831,47.48534,11
arabis,6.82068,43.74375,11
arabis,5.81393,46.69061,11
arabis,5.8186,46.78059,11
arabis,5.9594,46.95725,11
arabis,5.82799,46.96055,11
arabis,6.35914,47.03641,11
arabis,5.97426,47.22716,11
arabis,5.9447,46.68733,11
arabis,6.10113,47.13373,11
arabis,6.90479,47.28966,11
arabis,6.07544,46.6839,11
arabis,6.76632,47.20411,11
arabis,6.10632,47.22369,11
arabis,5.82329,46.87057,11
arabis,5.93983,46.59735,11
arabis,5.68761,46.78373,11
arabis,6.09596,47.04377,11
arabis,6.37602,47.30625,11
arabis,6.06023,46.41397,11
arabis,6.22755,47.04017,11
arabis,6.34242,46.76655,11
arabis,5.95449,46.86728,11
arabis,6.79237,44.32138,11
arabis,6.86201,44.31283,11
arabis,5.55236,46.69673,11
arabis,5.69208,46.87372,11
arabis,6.07036,46.59392,11
arabis,5.54814,46.60673,11
arabis,5.68316,46.69374,11
arabis,6.76003,47.11418,11
arabis,7.09181,45.3859,11
arabis,6.58743,45.37011,11
arabis,6.89067,44.03858,11
arabis,5.46084,45.94333,11
arabis,9.15923,41.91827,11
arabis,-0.29062,42.95102,11
arabis,7.45789,43.9593,11
arabis,-0.31589,42.96837,11
arabis,5.94831,46.28901,11
arabis,0.42742,42.9394,11
arabis,6.99589,43.79998,11
arabis,5.90613,44.6748,11
arabis,1.55996,42.7849,11
arabis,5.43778,45.07966,11
arabis,6.14021,45.68824,11
arabis,2.15675,42.58797,11
arabis,5.86353,46.1836,11
arabis,6.7875,45.26792,11
arabis,3.28284,44.57925,11
arabis,5.82024,45.30241,11
arabis,5.56133,45.23819,11
arabis,6.92888,45.2802,11
arabis,5.56986,45.16591,11
arabis,6.85033,46.01247,11
arabis,6.54684,45.98349,11
arabis,6.74574,46.10525,11
arabis,6.06947,45.02417,11
arabis,9.16811,42.09784,11
arabis,5.42383,44.828,11
arabis,5.76565,46.27667,11
arabis,5.86802,44.8507,11
arabis,5.65522,44.67725,11
arabis,5.59421,45.1472,11
arabis,5.36652,44.9376,11
arabis,6.06085,45.65488,11
arabis,5.87105,45.49893,11
arabis,5.93349,44.8846,11
arabis,5.35095,44.88402,11
arabis,6.83254,45.19403,11
arabis,6.01199,45.69252,11
arabis,5.75324,45.25047,11
arabis,5.72055,45.34151,11
arabis,6.72933,44.85581,11
arabis,5.72999,45.28719,11
arabis,5.49408,44.95204,11
arabis,5.81526,44.81636,11
arabis,6.5715,45.78088,11
arabis,-0.16006,43.04403,11
arabis,5.74541,45.95309,11
arabis,6.3251,45.93404,11
arabis,6.27091,45.17931,11
arabis,-0.3728,43.05473,11
arabis,0.88604,42.97182,11
arabis,1.03206,42.83735,11
arabis,2.73217,45.12559,11
arabis,2.69998,45.14999,11
arabis,6.44336,45.46034,11
arabis,6.01998,46.31622,11
arabis,20.834722,69.084722,11
arabis,13.560554,68.203835,11
arabis,18.972545,68.997638,11
arabis,12.275827,47.142444,11
arabis,9.824444,47.131434,11
arabis,11.378532,47.306084,11
arabis,13.441638,47.776122,11
arabis,25.496171,67.710497,11
arabis,25.479636,68.043071,11
arabis,29.391419,67.819064,11
arabis,20.853335,69.054291,11
arabis,15.89641,66.76687,11
arabis,10.152014,62.103806,11
arabis,24.615305,45.603592,11
arabis,15.807354,47.718791,11
arabis,20.914534,69.04134,11
arabis,15.833636,47.75932,11
arabis,20.74326,39.892939,11
arabis,-18.369207,64.868851,11
arabis,11.39,47.52,11
arabis,10.99,47.66,11
arabis,11.46,47.56,11
arabis,11.58,47.65,11
arabis,12.66,47.71,11
arabis,12.41,47.72,11
arabis,12.46,47.67,11
arabis,11.77,47.63,11
arabis,11.78,47.62,11
arabis,11.48,48,11
arabis,10.84,47.57,11
arabis,9.807515,45.936984,11
arabis,0.4978,42.71397,11
arabis,6.82445,45.54601,11
arabis,12.017533,46.528466,11
arabis,21.053186,69.388056,11
arabis,21.079588,69.394958,11
arabis,11.51,49.61,11
arabis,10.1885,62.3658,11
arabis,10.1874,62.3389,11
arabis,8.84884,46.87493,11
arabis,8.44943,46.56429,11
arabis,8.51823,46.74359,11
arabis,8.65008,46.78725,11
arabis,7.002185,46.371118,11
arabis,7.47099,46.11899,11
arabis,10.360755,62.646186,11
arabis,32.095,69.9227,11
arabis,32.035,69.7432,11
arabis,31.872,69.7013,11
arabis,32.8467,69.7652,11
arabis,31.8735,69.7699,11
arabis,32.1693,69.7165,11
arabis,20.64992,41.70775,11
arabis,11.951025,61.731935,11
arabis,11.0429,62.693076,11
arabis,9.421025,47.280597,11
arabis,10.56002,62.688102,11
arabis,10.561214,62.712731,11
arabis,10.853023,62.764894,11
arabis,11.278052,62.446554,11
arabis,10.325811,63.022524,11
arabis,11.425909,47.330451,11
arabis,16.1436,66.89422,11
arabis,14.59949,66.077,11
arabis,19.041633,48.880383,11
arabis,7.643,46.09215,11
arabis,11.4203,49.7544,11
arabis,11.027217,46.493567,11
arabis,10.671,63.434,11
arabis,9.58466,46.47621,11
arabis,9.09318,42.13738,11
arabis,0.86,42.66,11
arabis,2.21,42.62,11
arabis,-6.213,57.241,11
arabis,11.63351,46.461587,11
arabis,10.06798,46.31336,11
arabis,8.77767,46.65087,11
arabis,7.14195,47.15308,11
arabis,8.91937,47.05398,11
arabis,8.05358,46.1623,11
arabis,6.48751,46.87965,11
arabis,7.40628,46.16397,11
arabis,9.37501,46.91223,11
arabis,9.75315,46.54523,11
arabis,7.40603,46.56877,11
arabis,8.32269,46.79025,11
arabis,7.27464,46.8835,11
arabis,7.00901,47.28759,11
arabis,7.53794,47.37829,11
arabis,9.972369,62.941553,11
arabis,12.63,47.13,11
arabis,13.6,47.22,11
arabis,12.22,47.1,11
arabis,-18.07,65.64,11
arabis,13.24,47.78,11
arabis,12.97,47.89,11
arabis,13.19,47.5,11
arabis,13.6,47.29,11
arabis,12.58,47.23,11
arabis,12.85,47.13,11
arabis,12.75,47.51,11
arabis,12.18,47.19,11
arabis,13.77,47,11
arabis,12.67,47.55,11
arabis,13.13,47.59,11
arabis,14.41,48.03,11
arabis,13.13,47.41,11
arabis,13.09,47.38,11
arabis,13.37,47.18,11
arabis,12.74,47.5,11
arabis,13.59,47.06,11
arabis,12.97,47.05,11
arabis,12.8,47.15,11
arabis,13.2,47.54,11
arabis,13.23,47.6,11
arabis,13.1,47.55,11
arabis,13.55,47.46,11
arabis,14.92,47.09,11
arabis,13.42,47.63,11
arabis,13.28,47.67,11
arabis,13.36,47.55,11
arabis,-20.97,64.7,11
arabis,12.57,47.25,11
arabis,13.01,47.73,11
arabis,12.67,47.56,11
arabis,13.57,47.29,11
arabis,13.4,47.19,11
arabis,12.86,47.08,11
arabis,12.62,47.21,11
arabis,10.54,46.93,11
arabis,13.3,47.78,11
arabis,13.46,47.3,11
arabis,13.8,47.26,11
arabis,12.62,47.06,11
arabis,12.8,47.62,11
arabis,13.17,47.12,11
arabis,13.24,47.73,11
arabis,13.29,47.15,11
arabis,13.35,47.54,11
arabis,12.92,47.17,11
arabis,12.7,47.56,11
arabis,12.76,46.97,11
arabis,13.37,47.21,11
arabis,13.13,47.51,11
arabis,13.71,47.04,11
arabis,13.39,47.72,11
arabis,12.8,47.6,11
arabis,12.8,47.55,11
arabis,13.64,47.23,11
arabis,12.95,47.24,11
arabis,13.75,47.25,11
arabis,13.24,47.15,11
arabis,12.86,47.51,11
arabis,13.48,47.22,11
arabis,13.27,47.13,11
arabis,13.07,47.47,11
arabis,13.43,47.48,11
arabis,13.02,47.45,11
arabis,12.39,47.17,11
arabis,12.22,47.24,11
arabis,13.58,47.27,11
arabis,13.44,47.49,11
arabis,13.38,47.2,11
arabis,12.65,47.61,11
arabis,12.36,47.19,11
arabis,12.54,47.17,11
arabis,13.34,47.42,11
arabis,13.34,47.63,11
arabis,13.38,47.26,11
arabis,13.33,47.22,11
arabis,12.43,47.18,11
arabis,13.78,46.98,11
arabis,12.72,47.57,11
arabis,12.62,47.07,11
arabis,13.36,47.25,11
arabis,12.83,47.12,11
arabis,12.62,47.17,11
arabis,13.53,47.8,11
arabis,13.47,47.53,11
arabis,13.82,47.3,11
arabis,13.38,47.54,11
arabis,13.06,47.39,11
arabis,12.68,47.57,11
arabis,12.89,47.16,11
arabis,12.83,47.52,11
arabis,13.08,47.69,11
arabis,12.64,47.37,11
arabis,13.44,47.21,11
arabis,12.69,47.21,11
arabis,13.47,47.2,11
arabis,12.12,47.29,11
arabis,13.16,47.29,11
arabis,13.39,47.18,11
arabis,12.8,46.96,11
arabis,13.42,47.16,11
arabis,13.13,47.11,11
arabis,13.13,47.42,11
arabis,12.77,47.62,11
arabis,13.43,47.17,11
arabis,13.63,47.13,11
arabis,13.12,47.57,11
arabis,12.81,47.16,11
arabis,13.15,47.58,11
arabis,12.99,47.74,11
arabis,13.22,47.77,11
arabis,13.12,47.66,11
arabis,13.54,47.24,11
arabis,13.07,47.59,11
arabis,12.83,47.11,11
arabis,13.33,47.23,11
arabis,12.83,47.09,11
arabis,12.32,47.24,11
arabis,12.86,47.2,11
arabis,12.75,46.99,11
arabis,13.06,47.56,11
arabis,13.37,47.19,11
arabis,13.06,47.29,11
arabis,13.04,47.25,11
arabis,13.24,47.48,11
arabis,13.41,47.27,11
arabis,13.03,47.83,11
arabis,13.57,47.25,11
arabis,13.55,47.06,11
arabis,12.37,47.2,11
arabis,13.74,46.88,11
arabis,12.85,47.52,11
arabis,13.41,47.17,11
arabis,13.54,47.43,11
arabis,12.48,47.25,11
arabis,13.08,47.56,11
arabis,13.07,47.55,11
arabis,12.35,47.2,11
arabis,13.42,47.21,11
arabis,13.47,47.19,11
arabis,10.26,46.93,11
arabis,13.43,47.11,11
arabis,13.05,47.4,11
arabis,13.47,47.7,11
arabis,13.35,47.51,11
arabis,13.13,47.5,11
arabis,13.06,47.41,11
arabis,13.55,47.19,11
arabis,13.01,47.75,11
arabis,12.98,47.41,11
arabis,13.33,47.55,11
arabis,13.75,47.23,11
arabis,13.07,47.01,11
arabis,12.66,47.04,11
arabis,13.15,46.99,11
arabis,12.88,47.12,11
arabis,13.25,47.04,11
arabis,12.88,47.14,11
arabis,12.72,47.03,11
arabis,12.31,47.19,11
arabis,12.64,47.03,11
arabis,12.71,47.01,11
arabis,12.29,47.01,11
arabis,13.23,47.04,11
arabis,12.94,47.18,11
arabis,12.15,47,11
arabis,12.31,47.01,11
arabis,13.2,47.02,11
arabis,12.21,46.95,11
arabis,12.34,47.15,11
arabis,12.15,46.98,11
arabis,12.7,47.03,11
arabis,-19.001144,63.442016,11
arabis,15.985098,67.079177,11
arabis,13.769409,50.118417,11
arabis,2.491356,48.746269,11
arabis,8.1251,46.70165,11
arabis,6.829801,60.512274,11
arabis,-6.228522,57.244394,11
arabis,32.184065,69.705355,11
arabis,23.60442,69.770896,11
arabis,11.010021,45.668741,11
arabis,9.56472,46.72889,11
arabis,7.1476,46.11862,11
arabis,8.63807,46.24758,11
arabis,10.35885,46.89135,11
arabis,8.52003,46.83353,11
arabis,7.53638,46.52376,11
arabis,7.40549,47.4233,11
arabis,8.70919,46.5167,11
arabis,8.45365,46.78916,11
arabis,7.80276,47.37776,11
arabis,7.47112,46.34388,11
arabis,6.88477,46.52245,11
arabis,9.8794,46.45259,11
arabis,8.05613,46.38719,11
arabis,9.62282,46.54781,11
arabis,10.13285,46.31184,11
arabis,8.51375,46.51872,11
arabis,8.83023,46.1554,11
arabis,7.07602,47.1529,11
arabis,7.99435,46.70236,11
arabis,7.08144,46.34332,11
arabis,7.60387,47.28827,11
arabis,7.40561,47.24341,11
arabis,7.1422,47.10811,11
arabis,7.1459,46.43346,11
arabis,7.47114,46.38886,11
arabis,8.39215,47.01459,11
arabis,9.37663,46.95719,11
arabis,7.47104,46.20895,11
arabis,7.86933,47.42251,11
arabis,7.60047,46.16386,11
arabis,7.00828,47.37753,11
arabis,8.91442,46.87411,11
arabis,6.42277,46.83412,11
arabis,8.96975,46.51349,11
arabis,7.08085,46.43328,11
arabis,9.0496,47.00724,11
arabis,9.16372,46.46572,11
arabis,6.61937,46.8357,11
arabis,7.80246,47.33279,11
arabis,6.10517,46.42599,11
arabis,7.40558,47.28838,11
arabis,7.79467,46.16342,11
arabis,6.42362,46.78914,11
arabis,9.08906,46.15192,11
arabis,9.6301,46.72765,11
arabis,8.5789,46.51809,11
arabis,6.88753,46.25258,11
arabis,7.27709,46.0739,11
arabis,8.38897,46.8347,11
arabis,6.42447,46.74417,11
arabis,9.94237,46.40621,11
arabis,7.66595,46.34366,11
arabis,8.0546,46.25226,11
arabis,7.53671,46.70367,11
arabis,7.40546,47.46827,11
arabis,7.01615,46.38807,11
arabis,7.47178,47.46827,11
arabis,7.27519,46.70359,11
arabis,10.40703,46.57504,11
arabis,8.85002,46.9199,11
arabis,8.96468,46.33361,11
arabis,8.12913,47.01647,11
arabis,7.34163,46.11896,11
arabis,6.04591,46.20035,11
arabis,7.93601,47.46721,11
arabis,7.8697,47.46747,11
arabis,7.9884,46.11766,11
arabis,7.21095,46.43361,11
arabis,6.94458,47.10743,11
arabis,6.16598,46.60663,11
arabis,8.71236,46.65162,11
arabis,8.05308,46.11733,11
arabis,9.16229,46.42076,11
arabis,10.28377,46.71321,11
arabis,7.93476,47.3323,11
arabis,8.95465,45.97386,11
arabis,7.0165,46.3431,11
arabis,7.20904,46.88339,11
arabis,7.34098,46.47878,11
arabis,7.99389,46.65738,11
arabis,6.95034,46.47777,11
arabis,9.62828,46.68269,11
arabis,9.09042,46.19688,11
arabis,8.05973,46.70202,11
arabis,7.79792,46.65817,11
arabis,8.11887,46.20691,11
arabis,9.81633,46.49893,11
arabis,8.98387,47.00814,11
arabis,8.31902,46.56538,11
arabis,7.27339,47.28827,11
arabis,7.27587,46.4787,11
arabis,9.32041,47.22805,11
arabis,7.21038,46.56855,11
arabis,6.1702,46.42674,11
arabis,10.22306,46.80472,11
arabis,8.11831,46.16193,11
arabis,7.66652,46.4786,11
arabis,10.35397,46.80145,11
arabis,8.40021,47.46428,11
arabis,10.00736,46.40476,11
arabis,7.4062,46.2989,11
arabis,7.21,46.6585,11
arabis,7.07995,46.56821,11
arabis,10.22771,46.89462,11
arabis,7.92735,46.52275,11
arabis,9.45411,47.27078,11
arabis,9.8183,46.54388,11
arabis,7.60101,46.34377,11
arabis,9.39134,47.36183,11
arabis,7.47165,47.24341,11
arabis,7.92775,46.56773,11
arabis,6.17649,46.1569,11
arabis,7.60061,46.20884,11
arabis,7.20788,47.15324,11
arabis,8.31829,46.5204,11
arabis,9.89366,46.76728,11
arabis,6.75729,46.29685,11
arabis,7.34155,46.16393,11
arabis,6.75673,46.34183,11
arabis,10.0031,46.31485,11
arabis,7.66502,46.11877,11
arabis,8.57984,46.56306,11
arabis,8.85239,47.00984,11
arabis,6.10406,46.47096,11
arabis,7.2069,47.3781,11
arabis,7.80338,47.4677,11
arabis,8.52275,46.96845,11
arabis,8.32565,46.97014,11
arabis,9.24984,47.09423,11
arabis,10.27903,46.62332,11
arabis,7.60414,47.37822,11
arabis,10.15987,46.85125,11
arabis,7.92898,46.70266,11
arabis,8.96848,46.46852,11
arabis,7.73631,47.33298,11
arabis,8.51733,46.69861,11
arabis,9.67868,46.32174,11
arabis,9.55414,46.45912,11
arabis,9.77254,46.9948,11
arabis,9.37825,47.00215,11
arabis,7.27735,45.98395,11
arabis,6.68301,46.97107,11
arabis,8.05921,46.65705,11
arabis,6.10295,46.51593,11
arabis,9.38805,47.27191,11
arabis,7.33931,47.37829,11
arabis,9.5045,46.86497,11
arabis,7.47125,46.56877,11
arabis,7.406,46.61375,11
arabis,7.33948,47.28835,11
arabis,6.81494,46.92689,11
arabis,10.41198,46.66493,11
arabis,10.46969,46.52837,11
arabis,7.66614,46.38864,11
arabis,7.79496,46.20839,11
arabis,6.94375,47.19738,11
arabis,8.44525,46.33942,11
arabis,7.92857,46.65768,11
arabis,7.40642,45.93908,11
arabis,6.94333,47.24235,11
arabis,7.92373,46.11796,11
arabis,8.06811,47.42159,11
arabis,9.23926,46.77948,11
arabis,6.29649,46.60801,11
arabis,9.25136,47.13919,11
arabis,10.35641,46.8464,11
arabis,8.51196,46.42877,11
arabis,9.68612,46.50158,11
arabis,7.3409,46.52376,11
arabis,9.75893,46.6801,11
arabis,9.4959,46.64016,11
arabis,9.10417,46.64656,11
arabis,8.77322,46.47099,11
arabis,8.32049,46.65533,11
arabis,9.49248,46.55024,11
arabis,8.25653,46.74576,11
arabis,7.60168,46.56866,11
arabis,7.67055,47.42307,11
arabis,7.14614,46.38849,11
arabis,10.15533,46.76135,11
arabis,8.90583,46.55932,11
arabis,9.82028,46.58884,11
arabis,7.47167,47.28839,11
arabis,8.25585,46.70079,11
arabis,7.21284,45.98384,11
arabis,9.02174,46.06291,11
arabis,8.51019,46.33882,11
arabis,6.5531,46.88018,11
arabis,10.34427,46.62167,11
arabis,7.14903,45.84876,11
arabis,7.53769,47.24338,11
arabis,8.06865,47.46656,11
arabis,6.49068,46.69976,11
arabis,10.34669,46.66662,11
arabis,8.577,46.42814,11
arabis,7.79379,46.02849,11
arabis,7.21133,46.34366,11
arabis,7.53566,46.11896,11
arabis,9.55589,46.50408,11
arabis,9.82624,46.72371,11
arabis,6.75954,46.11695,11
arabis,8.64404,46.51741,11
arabis,10.2814,46.66826,11
arabis,8.38188,46.42993,11
arabis,8.51285,46.47375,11
arabis,6.23324,46.51739,11
arabis,9.25441,47.22911,11
arabis,9.89776,46.85719,11
arabis,7.60114,46.38875,11
arabis,9.88143,46.49754,11
arabis,6.10184,46.56091,11
arabis,7.14492,46.61337,11
arabis,8.84297,46.65008,11
arabis,7.72922,46.02867,11
arabis,8.78552,46.96566,11
arabis,10.00949,46.44971,11
arabis,9.49419,46.5952,11
arabis,10.29328,46.893,11
arabis,7.27353,47.2433,11
arabis,8.98646,47.09808,11
arabis,7.60034,46.11888,11
arabis,9.01655,45.88303,11
arabis,9.10002,46.51166,11
arabis,9.01784,45.928,11
arabis,7.66539,46.20873,11
arabis,6.02606,46.96485,11
arabis,9.83023,46.81362,11
arabis,8.91196,46.78417,11
arabis,9.9507,46.58603,11
arabis,8.52093,46.87851,11
arabis,9.24377,46.91437,11
arabis,9.02044,46.01794,11
arabis,8.98776,47.14304,11
arabis,7.85836,46.02826,11
arabis,7.00755,47.46747,11
arabis,7.53582,46.20891,11
arabis,9.81239,46.40901,11
arabis,7.27628,46.34377,11
arabis,7.14094,47.33298,11
arabis,9.10834,46.78147,11
arabis,8.97103,46.55846,11
arabis,7.20768,47.19821,11
arabis,10.00523,46.35981,11
arabis,7.1488,45.89374,11
arabis,7.92816,46.61271,11
arabis,7.53574,46.16393,11
arabis,9.52016,47.2696,11
arabis,9.10974,46.82643,11
arabis,7.40581,46.92859,11
arabis,9.31096,46.95828,11
arabis,7.72898,45.98369,11
arabis,8.71342,46.69659,11
arabis,7.21057,46.52357,11
arabis,7.07418,47.42273,11
arabis,7.40555,47.33336,11
arabis,7.07541,47.24284,11
arabis,7.34065,46.65869,11
arabis,7.93559,47.42224,11
arabis,7.00937,47.24261,11
arabis,9.61739,46.41292,11
arabis,6.74697,47.10641,11
arabis,7.73066,46.29854,11
arabis,7.01045,47.10769,11
arabis,10.15306,46.7164,11
arabis,8.77433,46.51596,11
arabis,7.34057,46.70367,11
arabis,6.82371,46.16229,11
arabis,7.99574,46.83729,11
arabis,8.84649,46.78499,11
arabis,6.82422,46.11732,11
arabis,6.87824,47.1521,11
arabis,7.7935,45.98351,11
arabis,9.70873,47.04108,11
arabis,7.60442,47.46816,11
arabis,9.95698,46.7209,11
arabis,6.81232,47.15176,11
arabis,7.21152,46.29868,11
arabis,7.14711,46.20857,11
arabis,9.38641,47.22695,11
arabis,6.68365,46.9261,11
arabis,6.69179,46.34142,11
arabis,9.31725,47.13813,11
arabis,7.92413,46.16294,11
arabis,7.08438,45.89355,11
arabis,7.08055,46.47825,11
arabis,9.05366,47.14213,11
arabis,8.05562,46.34221,11
arabis,7.2756,46.56866,11
arabis,7.66996,47.28816,11
arabis,7.27641,46.29879,11
arabis,7.21171,46.2537,11
arabis,7.34187,45.98402,11
arabis,7.01474,46.56798,11
arabis,9.69737,46.77133,11
arabis,7.27682,46.16386,11
arabis,9.94653,46.49612,11
arabis,10.29567,46.93795,11
arabis,7.21209,46.16375,11
arabis,8.84414,46.69505,11
arabis,7.72994,46.1636,11
arabis,8.78102,46.78578,11
arabis,9.11253,46.91637,11
arabis,6.55161,46.97013,11
arabis,7.40595,46.70371,11
arabis,8.58269,46.69798,11
arabis,6.95317,46.16293,11
arabis,8.05511,46.29723,11
arabis,6.48989,46.74473,11
arabis,8.83831,46.4702,11
arabis,7.47133,46.70371,11
arabis,9.16659,46.55566,11
arabis,7.99528,46.79231,11
arabis,6.35904,46.74357,11
arabis,8.31611,46.38548,11
arabis,6.82218,46.29722,11
arabis,7.53543,45.98402,11
arabis,7.99068,46.34255,11
arabis,8.38976,46.87967,11
arabis,7.86254,46.56799,11
arabis,6.36084,46.65362,11
arabis,7.73681,47.42292,11
arabis,8.52366,47.01342,11
arabis,7.14418,46.74831,11
arabis,7.01438,46.61296,11
arabis,8.19048,46.70124,11
arabis,7.67035,47.3781,11
arabis,7.08174,46.29834,11
arabis,7.0158,46.43305,11
arabis,7.72851,45.89374,11
arabis,7.92333,46.07298,11
arabis,8.98128,46.91821,11
arabis,10.34911,46.71156,11
arabis,9.63193,46.77261,11
arabis,6.35995,46.6986,11
arabis,9.84025,47.0384,11
arabis,7.79703,46.52324,11
arabis,7.59968,45.894,11
arabis,6.16809,46.51668,11
arabis,9.1884,47.23013,11
arabis,8.32196,46.74528,11
arabis,7.5381,47.46823,11
arabis,10.21842,46.71482,11
arabis,10.0159,46.58458,11
arabis,10.48741,46.84298,11
arabis,8.45112,46.65424,11
arabis,6.55605,46.70029,11
arabis,9.43727,46.82117,11
arabis,8.12797,46.92652,11
arabis,7.27546,46.61364,11
arabis,7.73656,47.37795,11
arabis,8.11775,46.11696,11
arabis,7.73211,46.5684,11
arabis,8.00185,47.42194,11
arabis,7.47101,46.16397,11
arabis,6.55384,46.83521,11
arabis,7.93517,47.37727,11
arabis,9.56649,46.77385,11
arabis,7.80307,47.42273,11
arabis,7.34171,46.07398,11
arabis,7.86219,46.52301,11
arabis,8.44692,46.42937,11
arabis,7.14145,47.24303,11
arabis,7.60195,46.65862,11
arabis,6.68428,46.88112,11
arabis,8.57795,46.47311,11
arabis,7.20729,47.28816,11
arabis,9.38314,47.13703,11
arabis,9.74739,46.41035,11
arabis,7.21076,46.47859,11
arabis,8.06076,46.79198,11
arabis,10.0811,46.58308,11
arabis,7.1412,47.288,11
arabis,6.48591,46.9696,11
arabis,7.66727,46.65851,11
arabis,7.60128,46.43373,11
arabis,7.33957,47.24337,11
arabis,10.34185,46.57672,11
arabis,7.08233,46.20839,11
arabis,7.98976,46.25259,11
arabis,10.02234,46.71944,11
arabis,9.03755,46.60253,11
arabis,6.44113,45.84469,11
arabis,7.07449,47.37776,11
arabis,6.81284,47.10679,11
arabis,7.86149,46.43306,11
arabis,8.58941,47.01278,11
arabis,7.53558,46.07398,11
arabis,7.99297,46.56743,11
arabis,9.11956,47.14119,11
arabis,8.86313,47.41453,11
arabis,7.47096,46.07402,11
arabis,9.184,47.09524,11
arabis,7.47138,46.79366,11
arabis,6.95357,46.11795,11
arabis,7.47093,46.02904,11
arabis,6.29744,46.56304,11
arabis,9.24832,47.04926,11
arabis,7.14663,46.29853,11
arabis,9.05096,47.0522,11
arabis,8.7209,47.01139,11
arabis,7.08203,46.25337,11
arabis,7.53606,46.34385,11
arabis,9.1014,46.55663,11
arabis,7.01755,46.20816,11
arabis,6.95115,46.38781,11
arabis,7.14069,47.37795,11
arabis,7.08115,46.3883,11
arabis,6.55532,46.74526,11
arabis,6.94208,47.37726,11
arabis,7.40614,46.38886,11
arabis,6.95397,46.07297,11
arabis,7.14566,46.47844,11
arabis,9.76474,46.81498,11
arabis,6.36174,46.60865,11
arabis,9.04826,46.96227,11
arabis,10.28852,46.80311,11
arabis,8.7799,46.74081,11
arabis,7.01009,47.15267,11
arabis,8.90828,46.64926,11
arabis,8.25721,46.79074,11
arabis,6.23223,46.56237,11
arabis,7.98931,46.20762,11
arabis,7.47135,46.74868,11
arabis,9.09727,46.42173,11
arabis,7.66465,46.02882,11
arabis,6.87777,47.19707,11
arabis,10.4095,46.61998,11
arabis,8.05664,46.43216,11
arabis,7.01544,46.47803,11
arabis,9.6192,46.45789,11
arabis,7.40589,46.79366,11
arabis,6.42616,46.65422,11
arabis,10.01162,46.49467,11
arabis,10.42191,46.84471,11
arabis,7.86044,46.29813,11
arabis,6.68174,47.06102,11
arabis,7.86897,47.37753,11
arabis,10.1508,46.67145,11
arabis,7.07479,47.33278,11
arabis,10.1576,46.8063,11
arabis,10.40457,46.53009,11
arabis,5.98115,46.19953,11
arabis,7.86079,46.3431,11
arabis,6.87918,47.06215,11
arabis,10.42691,46.9346,11
arabis,6.95074,46.43279,11
arabis,8.4562,46.92408,11
arabis,8.38266,46.4749,11
arabis,9.11393,46.96133,11
arabis,7.27695,46.11888,11
arabis,7.14687,46.25355,11
arabis,10.07234,46.40327,11
arabis,7.79822,46.70315,11
arabis,9.90394,46.99205,11
arabis,6.81389,47.01684,11
arabis,9.90601,47.037,11
arabis,10.41942,46.79976,11
arabis,6.81442,46.97186,11
arabis,10.36129,46.93629,11
arabis,6.4891,46.78971,11
arabis,7.60428,47.42319,11
arabis,8.84064,46.56014,11
arabis,8.71768,46.87648,11
arabis,10.22074,46.75977,11
arabis,6.74929,46.92651,11
arabis,10.42441,46.88965,11
arabis,10.41694,46.75482,11
arabis,9.44062,46.9111,11
arabis,7.40634,46.07402,11
arabis,7.34032,46.8386,11
arabis,7.66446,45.98384,11
arabis,10.22538,46.84967,11
arabis,7.60074,46.25382,11
arabis,9.09315,46.28682,11
arabis,8.13437,47.42122,11
arabis,7.92654,46.4328,11
arabis,8.71024,46.56168,11
arabis,6.95155,46.34284,11
arabis,9.95908,46.76585,11
arabis,8.25995,46.97063,11
arabis,6.61869,46.88067,11
arabis,9.08634,46.06198,11
arabis,10.01376,46.53962,11
arabis,10.2161,46.66987,11
arabis,8.12056,46.34184,11
arabis,7.53777,47.28835,11
arabis,9.18546,47.14021,11
arabis,6.16703,46.56165,11
arabis,6.74871,46.97149,11
arabis,9.18693,47.18517,11
arabis,6.29553,46.65299,11
arabis,8.65414,46.96713,11
arabis,6.55458,46.79023,11
arabis,9.44229,46.95606,11
arabis,7.2071,47.33313,11
arabis,9.75122,46.50027,11
arabis,8.9723,46.60343,11
arabis,7.14541,46.52342,11
arabis,9.36534,46.64245,11
arabis,7.40578,46.97357,11
arabis,10.2909,46.84805,11
arabis,9.23775,46.73451,11
arabis,10.41445,46.70987,11
arabis,7.14736,46.1636,11
arabis,6.4883,46.83468,11
arabis,7.47176,47.4233,11
arabis,7.34114,46.38882,11
arabis,7.27311,47.37821,11
arabis,8.5846,46.78792,11
arabis,9.31253,47.00324,11
arabis,6.74814,47.01646,11
arabis,9.82425,46.67875,11
arabis,9.89161,46.72232,11
arabis,7.0751,47.28781,11
arabis,7.47173,47.37833,11
arabis,7.73606,47.28801,11
arabis,8.71875,46.92145,11
arabis,9.61378,46.323,11
arabis,9.88753,46.63241,11
arabis,9.23476,46.64458,11
arabis,7.73187,46.52342,11
arabis,7.27367,47.19832,11
arabis,9.1767,46.87042,11
arabis,9.31883,47.18309,11
arabis,9.36054,46.50755,11
arabis,7.98795,46.07269,11
arabis,8.97486,46.69337,11
arabis,7.92293,46.028,11
arabis,7.92533,46.29787,11
arabis,9.94445,46.45117,11
arabis,7.27325,47.33324,11
arabis,9.88549,46.58746,11
arabis,9.76086,46.72506,11
arabis,7.92979,46.79261,11
arabis,7.47149,46.97357,11
arabis,8.78439,46.92069,11
arabis,8.97999,46.87324,11
arabis,8.83484,46.33529,11
arabis,7.34195,45.93905,11
arabis,9.76669,46.85993,11
arabis,10.06581,46.26841,11
arabis,7.2067,47.42307,11
arabis,7.66521,46.16375,11
arabis,7.40606,46.5238,11
arabis,7.27381,47.15335,11
arabis,7.33999,47.0185,11
arabis,9.11674,47.05126,11
arabis,7.33923,47.42326,11
arabis,6.74755,47.06143,11
arabis,7.27749,45.93897,11
arabis,9.44734,47.09094,11
arabis,10.35154,46.75651,11
arabis,7.9302,46.83759,11
arabis,8.64705,46.65233,11
arabis,8.77544,46.56093,11
arabis,20.87,42.01722,11
arabis,6.823432,60.502164,11
arabis,9.8049,46.8317,11
arabis,18.430072,68.461881,11
arabis,-2.00121,42.97396,11
arabis,-16.398382,65.837546,11
arabis,-1.899928,42.816593,11
arabis,-0.02739,42.73382,11
arabis,12.727748,47.095824,11
arabis,6.839353,44.532722,11
arabis,12.219707,47.038421,11
arabis,13.573422,47.238491,11
arabis,10.4225,47.22164,11
arabis,6.994813,50.515297,11
arabis,-16.8762,64.0079,11
arabis,-0.42597,42.81459,11
arabis,13.14645,47.655722,11
arabis,12.991365,47.511844,11
arabis,11.751492,46.497533,11
arabis,-23.642032,64.799002,11
arabis,17.970774,67.202368,11
arabis,10.126088,47.366315,11
arabis,9.825147,46.851109,11
arabis,7.628573,46.432691,11
arabis,6.815686,45.558836,11
arabis,12.084052,46.547448,11
arabis,5.864268,46.163275,11
arabis,13.006176,47.505493,11
arabis,8.797762,46.557472,11
arabis,5.321739,44.924885,11
arabis,9.026164,42.226642,11
arabis,-23.6809,64.781,11
arabis,10.287155,46.634688,11
arabis,9.8528,46.8119,11
arabis,-3.298158,37.049697,11
arabis,7.525635,60.511343,11
arabis,5.391197,46.26457,11
arabis,9.509697,46.81595,11
arabis,7.953783,46.041366,11
arabis,12.292993,46.6103,11
arabis,9.939308,47.399271,11
arabis,10.590216,47.372392,11
arabis,-1.92205,42.851837,11
arabis,10.169462,47.196708,11
arabis,8.422465,46.577198,11
arabis,-0.7051,42.8493,11
arabis,18.280347,68.408101,11
arabis,12.012893,47.252086,11
arabis,12.844794,47.082103,11
arabis,11.061573,47.43906,11
arabis,7.63264,46.48992,11
arabis,8.31571,46.544207,11
arabis,3.761387,44.477646,11
arabis,10.338821,46.979081,11
arabis,6.85019,45.573287,11
arabis,17.279377,66.998368,11
arabis,1.144688,44.842785,11
arabis,11.334149,49.770059,11
arabis,5.894366,44.666104,11
arabis,6.240761,50.554703,11
arabis,-1.502589,42.944959,11
arabis,9.922522,46.467301,11
arabis,10.256451,46.900495,11
arabis,11.878562,46.437755,11
arabis,13.4194,47.022073,11
arabis,13.297915,47.465079,11
arabis,7.165604,46.291608,11
arabis,11.811616,46.502415,11
arabis,7.56629,46.134289,11
arabis,13.741772,46.442295,11
arabis,9.689941,46.787837,11
arabis,6.141307,49.611364,11
arabis,8.386434,46.578532,11
arabis,2.033965,42.690037,11
arabis,17.113895,67.185462,11
arabis,-19.511375,63.530654,11
arabis,7.679358,46.457195,11
arabis,19.547027,48.946051,11
arabis,8.335876,46.560911,11
arabis,67.79392,67.710192,11
arabis,9.365099,62.403607,11
arabis,33.599604,67.681503,11
arabis,12.87,47.72,11
arabis,12.87,47.52,11
arabis,13.04,47.72,11
arabis,18.52049,68.41735,11
arabis,8.414292,46.559078,11
arabis,-5.558984,42.90575,11
arabis,5.976832,49.016065,11
arabis,7.264654,46.089242,11
arabis,9.550969,46.745389,11
arabis,11.207075,49.466984,11
arabis,2.648466,50.610052,11
arabis,7.19287,50.931732,11
arabis,15.609437,44.895646,11
arabis,-0.113224,42.886466,11
arabis,15.742057,50.78155,11
arabis,7.468734,49.198849,11
arabis,10.223345,53.133523,11
arabis,-0.570039,44.844058,11
arabis,6.32421,46.66582,11
arabis,6.265528,44.677399,11
arabis,-0.648632,44.860264,11
arabis,11.362456,45.804002,11
arabis,8.047841,45.908821,11
arabis,2.185214,42.304105,11
arabis,10.358056,43.947778,11
arabis,19.144444,48.716111,11
arabis,14.876721,46.904747,11
arabis,-0.106525,42.901397,11
arabis,9.083585,49.0655,11
arabis,-4.534966,48.389269,11
arabis,6.87,45.324165,11
arabis,9.352157,47.417041,11
arabis,20.724974,69.111507,11
arabis,13.883283,65.950952,11
arabis,25.3007,70.27559,11
arabis,15.248129,66.366643,11
arabis,12.003813,46.575112,11
arabis,10.768111,47.5739,11
arabis,18.34308,68.41517,11
arabis,16.54574,66.56985,11
arabis,15.94283,66.75467,11
arabis,16.02957,66.86314,11
arabis,11.631584,46.43049,11
arabis,13.13833,47.17222,11
arabis,39.39028,39.44806,11
arabis,-23.636893,64.770968,11
arabis,-3.49,41.11,11
arabis,-3.03,41,11
arabis,6.49014,43.84487,11
arabis,6.84111,44.28959,11
arabis,6.09839,44.79088,11
arabis,6.18899,44.15766,11
arabis,5.88556,44.59037,11
arabis,6.23508,44.9672,11
arabis,6.32691,43.79675,11
arabis,7.65136,44.07167,11
arabis,6.19405,44.24759,11
arabis,6.58068,44.41588,11
arabis,6.29824,43.88419,11
arabis,6.17288,44.32516,11
arabis,5.95785,44.52445,11
arabis,6.42255,43.88036,11
arabis,6.82068,44.55902,11
arabis,6.27295,44.7456,11
arabis,5.81862,44.25787,11
arabis,5.70201,44.44094,11
arabis,5.96257,44.61441,11
arabis,6.47733,44.77964,11
arabis,6.64828,43.86029,11
arabis,6.58638,44.5058,11
arabis,6.69674,44.46252,11
arabis,7.06302,44.12874,11
arabis,6.932,44.0434,11
arabis,6.84994,44.67718,11
arabis,6.42653,44.87291,11
arabis,6.34902,44.6838,11
arabis,6.41968,44.43222,11
arabis,6.78346,43.68826,11
arabis,6.40646,43.61066,11
arabis,6.30447,43.72853,11
arabis,6.47177,44.6897,11
arabis,6.36179,44.96344,11
arabis,6.28364,45.06006,11
arabis,6.65036,44.83937,11
arabis,6.24371,44.10606,11
arabis,5.93911,44.16464,11
arabis,7.5037,43.94022,11
arabis,6.54684,43.87639,11
arabis,5.82309,44.34783,11
arabis,6.68855,44.14198,11
arabis,6.70026,44.32181,11
arabis,5.83661,44.61772,11
arabis,5.68918,44.17106,11
arabis,5.81415,44.16792,11
arabis,6.22472,44.78728,11
arabis,6.7239,44.6815,11
arabis,7.18119,44.03416,11
arabis,6.4829,44.86958,11
arabis,6.81943,44.22761,11
arabis,6.60938,44.86554,11
arabis,6.30867,44.06403,11
arabis,5.80971,44.07797,11
arabis,7.54051,44.0998,11
arabis,6.3186,44.4415,11
arabis,6.56933,44.23603,11
arabis,6.62682,45.13537,11
arabis,6.59211,44.59573,11
arabis,5.30687,43.99968,11
arabis,6.58246,44.8379,11
arabis,6.91345,43.77375,11
arabis,7.55483,44.01923,11
arabis,5.82758,44.43779,11
arabis,6.84994,44.44437,11
arabis,6.63548,44.72468,11
arabis,6.49721,45.10109,11
arabis,6.71204,44.50165,11
arabis,6.49973,45.13943,11
arabis,5.69344,44.26101,11
arabis,7.1162,43.93769,11
arabis,7.23881,43.92753,11
arabis,6.86228,44.85703,11
arabis,6.60097,44.08587,11
arabis,6.91961,43.86363,11
arabis,6.56368,44.14612,11
arabis,6.97596,44.67272,11
arabis,5.64726,43.27174,11
arabis,5.89085,44.68478,11
arabis,6.66535,43.78239,11
arabis,6.20884,45.10484,11
arabis,6.8872,45.25245,11
arabis,6.46395,44.21333,11
arabis,6.07379,44.34111,11
arabis,6.59881,45.04411,11
arabis,5.83209,44.52775,11
arabis,6.94446,44.22319,11
arabis,7.41636,43.84464,11
arabis,6.82326,43.77694,11
arabis,6.31916,44.24388,11
arabis,6.7866,44.38763,11
arabis,5.56244,43.98381,11
arabis,6.26328,44.66378,11
arabis,6.84081,45.42617,11
arabis,5.95314,44.43449,11
arabis,6.41336,45.42195,11
arabis,6.6617,44.17242,11
arabis,5.38208,45.79951,11
arabis,6.04546,46.37273,11
arabis,5.60126,44.98383,11
arabis,6.81532,46.0306,11
arabis,5.84575,45.46703,11
arabis,6.65033,45.49516,11
arabis,5.72565,44.71722,11
arabis,5.71406,44.74079,11
arabis,6.46017,44.73631,11
arabis,6.24445,44.9289,11
arabis,6.53715,44.82156,11
arabis,6.03288,45.034,11
arabis,5.76222,44.70214,11
arabis,6.55702,46.039,11
arabis,5.98069,44.95881,11
arabis,6.53074,44.71806,11
arabis,6.68618,46.03487,11
arabis,6.1357,44.83688,11
arabis,5.96406,44.89019,11
arabis,6.36413,45.00015,11
arabis,6.24294,44.81661,11
arabis,6.79668,45.76076,11
arabis,6.1233,44.99499,11
arabis,6.5687,46.21892,11
arabis,6.12884,44.74082,11
arabis,6.4642,44.81429,11
arabis,6.66817,45.76502,11
arabis,6.42784,46.04298,11
arabis,-0.54585,42.91546,11
arabis,-0.27709,42.92397,11
arabis,-0.3673,43.02509,11
arabis,-0.61805,42.93178,11
arabis,5.38597,45.88952,11
arabis,-0.16909,42.99924,11
arabis,-0.55261,43.06574,11
arabis,-0.51493,42.96055,11
arabis,-0.53262,42.9739,11
arabis,6.42224,45.95302,11
arabis,-0.57055,42.91221,11
arabis,0.26213,42.7449,11
arabis,-0.32277,43.02714,11
arabis,-0.63743,42.86416,11
arabis,-19.366414,63.532183,11
arabis,9.113588,62.838825,11
arabis,9.169562,62.726179,11
arabis,9.208756,62.737509,11
arabis,9.721624,47.096999,11
arabis,8.872839,46.861453,11
arabis,7.488889,46.004444,11
arabis,10.135784,46.732227,11
arabis,9.338365,62.7487,11
arabis,5.28222,44.16861,11
arabis,20.144388,69.204189,11
arabis,67.867,67.717,11
arabis,67.817,67.7,11
arabis,8.646755,46.928139,11
arabis,7.227928,60.423908,11
arabis,17.021,67.09031,11
arabis,0.28,42.66,11
arabis,-19.988208,63.615547,11
arabis,6.843624,45.348074,11
arabis,26.348126,70.276199,11
arabis,14.72294,65.87594,11
arabis,11.109281,47.584979,11
arabis,0.83507,42.65284,11
arabis,0.711,42.686,11
arabis,7.239262,47.149467,11
arabis,6.853975,47.160328,11
arabis,7.049244,47.129639,11
arabis,8.304338,46.781672,11
arabis,10.749908,47.5564,11
arabis,8.845162,47.098439,11
arabis,9.313575,47.213878,11
arabis,9.010586,47.099895,11
arabis,7.507647,47.252128,11
arabis,9.015079,44.610695,11
arabis,6.867386,47.083103,11
arabis,10.573407,47.400983,11
arabis,0.09437,44.8183,11
arabis,5.79697,43.33896,11
arabis,5.81458,43.34003,11
arabis,2.27687,42.59183,11
arabis,2.29418,42.45172,11
arabis,1.03849,44.58728,11
arabis,2.44251,44.92267,11
arabis,9.15819,41.83203,11
arabis,1.04247,44.97198,11
arabis,1.02266,44.94033,11
arabis,1.08035,44.98185,11
arabis,5.82869,46.1106,11
arabis,7.41521,47.79851,11
arabis,3.59223,43.68337,11
arabis,2.13828,42.4969,11
arabis,5.87944,46.42167,11
arabis,2.00654,42.40474,11
arabis,5.95748,46.72325,11
arabis,5.90527,46.35842,11
arabis,5.79005,46.17326,11
arabis,6.89082,46.08258,11
arabis,6.81397,45.9803,11
arabis,6.72496,45.97805,11
arabis,6.76103,45.80419,11
arabis,6.88308,46.09182,11
arabis,6.87133,45.97973,11
arabis,6.85449,45.96683,11
arabis,6.76282,45.9661,11
arabis,6.84142,46.12632,11
arabis,6.74646,45.78958,11
arabis,6.80087,45.89702,11
arabis,6.81117,46.04903,11
arabis,6.77131,46.00322,11
arabis,6.9364,45.4816,11
arabis,5.33215,44.18534,11
arabis,6.96794,44.77472,11
arabis,6.79273,46.30101,11
arabis,6.86953,45.27694,11
arabis,20.478381,69.248839,11
arabis,12.013422,63.546996,11
arabis,20.633116,69.432849,11
arabis,20.654074,69.445207,11
arabis,11.638877,46.473985,11
arabis,22.28502,68.24677,11
arabis,21.88846,68.29914,11
arabis,11.314802,47.050137,11
arabis,11.848583,46.522263,11
arabis,9.01,46.9,11
arabis,-5.63,40.15,11
arabis,6.972033,60.706883,11
arabis,7.473149,60.575537,11
arabis,8.173817,46.255688,11
arabis,14.54336,65.66731,11
arabis,13.629658,47.479191,11
arabis,11.236439,47.440075,11
arabis,11.212338,47.435314,11
arabis,10.83252,46.486576,11
arabis,11.736972,46.524044,11
arabis,12.69827,62.87373,11
arabis,6.856731,47.074842,11
arabis,10.34488,46.769638,11
arabis,10.230881,46.5471,11
arabis,6.413658,45.802903,11
arabis,13.862101,66.302254,11
arabis,16.65402,68.539851,11
arabis,19.917806,69.39303,11
arabis,19.103267,69.574308,11
arabis,9.682716,62.073307,11
arabis,13.919377,66.873697,11
arabis,20.879434,69.357919,11
arabis,20.909411,69.35366,11
arabis,18.73067,68.23559,11
arabis,9.647268,62.315986,11
arabis,16.845594,68.060677,11
arabis,15.556791,67.599448,11
arabis,14.655816,68.3368,11
arabis,14.567916,66.728225,11
arabis,16.293364,67.064965,11
arabis,14.329548,66.818899,11
arabis,14.49747,66.701105,11
arabis,9.061486,61.556296,11
arabis,14.735443,67.074863,11
arabis,18.999422,69.62715,11
arabis,9.995958,62.96876,11
arabis,15.320525,67.05506,11
arabis,14.697884,66.672191,11
arabis,14.444245,66.961979,11
arabis,8.859715,61.733488,11
arabis,16.210171,67.060274,11
arabis,14.423171,66.98164,11
arabis,9.576337,62.249227,11
arabis,14.131461,66.953931,11
arabis,15.932502,67.172384,11
arabis,15.947576,67.027833,11
arabis,9.769421,62.495846,11
arabis,10.000827,62.380202,11
arabis,9.62384,62.534225,11
arabis,8.886629,61.794815,11
arabis,8.615185,61.790344,11
arabis,14.708718,67.077686,11
arabis,13.56095,65.792537,11
arabis,10.677717,62.818671,11
arabis,15.490962,67.394146,11
arabis,31.106017,70.371639,11
arabis,14.775023,66.651059,11
arabis,15.642714,67.670232,11
arabis,9.852884,62.25967,11
arabis,6.134092,60.42322,11
arabis,7.770616,62.469969,11
arabis,9.107282,61.954804,11
arabis,15.325654,67.151213,11
arabis,15.307364,67.433379,11
arabis,15.927786,67.071972,11
arabis,15.947046,66.981876,11
arabis,20.775643,69.179017,11
arabis,14.32573,65.692751,11
arabis,9.657554,62.470218,11
arabis,20.430259,69.241559,11
arabis,15.938036,67.34891,11
arabis,7.213705,59.834261,11
arabis,13.602766,65.552357,11
arabis,14.527716,66.695366,11
arabis,20.384112,69.25919,11
arabis,12.137515,62.98161,11
arabis,15.311604,66.31426,11
arabis,14.522479,66.813767,11
arabis,7.793128,62.493685,11
arabis,18.92364,69.683491,11
arabis,9.000652,61.957583,11
arabis,15.034501,66.925943,11
arabis,7.085668,59.858926,11
arabis,14.806877,66.770863,11
arabis,20.969059,69.404478,11
arabis,16.186483,67.140541,11
arabis,8.116925,60.770193,11
arabis,9.645041,62.297993,11
arabis,6.997229,59.836328,11
arabis,6.010843,60.43347,11
arabis,6.097252,60.40646,11
arabis,15.987712,67.342302,11
arabis,10.690904,62.757912,11
arabis,7.269949,62.048622,11
arabis,21.091176,69.376893,11
arabis,18.092726,68.448933,11
arabis,16.288531,67.553449,11
arabis,8.131568,61.664476,11
arabis,6.410486,60.948375,11
arabis,10.196355,62.408217,11
arabis,14.859078,66.780158,11
arabis,7.249009,59.808819,11
arabis,10.755475,62.721407,11
arabis,8.661304,61.074702,11
arabis,6.758179,60.134474,11
arabis,14.313307,67.029243,11
arabis,6.306613,60.925937,11
arabis,16.332234,67.533362,11
arabis,9.079165,61.368958,11
arabis,15.66652,67.526155,11
arabis,9.674406,62.3033,11
arabis,19.037268,69.629367,11
arabis,16.328542,67.547028,11
arabis,8.956437,61.960919,11
arabis,9.510742,63.00102,11
arabis,16.181551,67.118084,11
arabis,14.06954,66.978394,11
arabis,13.403996,66.027166,11
arabis,10.154897,61.557601,11
arabis,21.058325,69.355962,11
arabis,14.855952,66.808861,11
arabis,7.678521,60.424812,11
arabis,16.183051,66.984664,11
arabis,19.019023,69.638249,11
arabis,9.056967,61.984367,11
arabis,8.829388,61.843347,11
arabis,15.500987,66.97786,11
arabis,8.490023,62.554681,11
arabis,14.694345,66.684115,11
arabis,14.485541,66.675499,11
arabis,9.492839,62.226686,11
arabis,14.439718,66.949404,11
arabis,9.781252,62.325959,11
arabis,8.963147,61.740681,11
arabis,12.038988,62.901262,11
arabis,9.660932,63.054411,11
arabis,15.788134,66.988601,11
arabis,8.305625,62.614498,11
arabis,9.801725,62.276704,11
arabis,19.074997,68.669216,11
arabis,18.721582,69.625874,11
arabis,14.884276,66.878865,11
arabis,10.093237,62.985996,11
arabis,10.079538,61.383994,11
arabis,9.83534,62.2938,11
arabis,13.362566,66.012303,11
arabis,7.584108,60.280056,11
arabis,30.60615,70.54172,11
arabis,6.444604,60.925155,11
arabis,15.682986,67.171014,11
arabis,7.319015,59.797645,11
arabis,9.805426,62.2939,11
arabis,7.329831,61.012735,11
arabis,16.311151,67.559279,11
arabis,8.096938,61.643628,11
arabis,11.114891,63.064911,11
arabis,15.354454,67.374808,11
arabis,7.048757,59.83069,11
arabis,9.996066,62.94318,11
arabis,8.853113,61.810724,11
arabis,9.642705,62.341788,11
arabis,15.587693,67.183583,11
arabis,15.792221,66.892033,11
arabis,6.889719,59.8775,11
arabis,7.678206,60.702964,11
arabis,7.99259,62.587591,11
arabis,7.509431,60.614099,11
arabis,11.634009,62.855662,11
arabis,9.545938,62.010007,11
arabis,15.356278,67.438011,11
arabis,14.539556,66.704374,11
arabis,7.10518,59.870904,11
arabis,7.2877,60.919249,11
arabis,10.832541,62.767808,11
arabis,16.126008,67.148485,11
arabis,8.921358,62.028286,11
arabis,15.696263,66.846147,11
arabis,14.250514,66.764861,11
arabis,14.355806,67.037403,11
arabis,19.059097,69.619943,11
arabis,16.157988,67.147386,11
arabis,20.421222,69.303334,11
arabis,9.438608,62.729163,11
arabis,14.707892,67.13689,11
arabis,15.772278,66.947572,11
arabis,15.883463,67.293625,11
arabis,8.955566,62.044293,11
arabis,15.244195,67.234072,11
arabis,14.371158,66.927619,11
arabis,15.547259,66.820815,11
arabis,19.032839,69.613072,11
arabis,8.720207,61.07856,11
arabis,6.074767,60.452485,11
arabis,12.740653,64.13411,11
arabis,21.251768,69.510754,11
arabis,14.961827,66.977235,11
arabis,18.94219,69.695814,11
arabis,13.09555,65.822301,11
arabis,11.931882,61.768595,11
arabis,14.796268,66.679347,11
arabis,9.168394,61.93916,11
arabis,9.602568,62.301004,11
arabis,9.513536,62.051346,11
arabis,9.671119,62.770517,11
arabis,21.020542,69.392897,11
arabis,13.152755,65.827256,11
arabis,15.019571,66.919112,11
arabis,9.105674,61.630467,11
arabis,8.143803,60.767504,11
arabis,15.350789,67.546969,11
arabis,14.223538,65.597481,11
arabis,9.824308,62.274514,11
arabis,18.980243,69.599668,11
arabis,15.862092,67.350896,11
arabis,14.654604,67.01658,11
arabis,7.249225,60.667955,11
arabis,8.912599,61.803144,11
arabis,8.051896,61.636993,11
arabis,15.39248,67.363426,11
arabis,20.617018,69.508949,11
arabis,7.171835,59.809533,11
arabis,8.918609,61.916379,11
arabis,15.779079,67.000138,11
arabis,15.756863,67.344973,11
arabis,9.27356,62.738822,11
arabis,8.063368,61.648799,11
arabis,7.066606,62.422743,11
arabis,8.219845,60.757812,11
arabis,20.676162,69.068129,11
arabis,11.823865,46.513932,11
arabis,-21.962276,70.484014,11
arabis,20.829695,69.359287,11
arabis,8.96056,42.36778,11
arabis,19.63222,42.40861,11
arabis,19.64333,42.31833,11
arabis,12.73317,46.44947,11
arabis,13.84083,46.27528,11
arabis,16.213917,67.138433,11
arabis,18.57968,67.87541,11
arabis,18.66995,68.41131,11
arabis,17.29711,67.07894,11
arabis,16.43116,67.08385,11
arabis,19.077162,69.598225,11
arabis,16.408492,67.615577,11
arabis,16.410316,67.561731,11
arabis,15.059,65.15551,11
arabis,14.93561,66.06299,11
arabis,13.9892,63.83855,11
arabis,20.659257,69.468824,11
arabis,19.009304,69.608926,11
arabis,10.282323,62.221977,11
arabis,8.752735,61.404295,11
arabis,25.014703,70.251273,11
arabis,19.480156,69.708089,11
arabis,20.721897,69.435446,11
arabis,8.651064,61.71026,11
arabis,15.366482,66.313191,11
arabis,9.916071,62.324536,11
arabis,7.509772,62.177185,11
arabis,7.116768,60.806187,11
arabis,15.814571,67.21197,11
arabis,7.448344,60.547676,11
arabis,15.06727,65.76982,11
arabis,14.90934,65.31495,11
arabis,8.078558,60.44692,11
arabis,8.044009,60.497219,11
arabis,7.485428,60.596939,11
arabis,19.680902,69.717172,11
arabis,16.097801,67.787541,11
arabis,25.17039,70.303006,11
arabis,11.49,47.88,11
arabis,11.18,47.46,11
arabis,12.87,47.57,11
arabis,12.96,47.57,11
arabis,13.04,47.52,11
arabis,12.9,47.58,11
arabis,12.01,47.71,11
arabis,11.29,49.77,11
arabis,11.29,49.72,11
arabis,11.54,49.62,11
arabis,11.46,49.77,11
arabis,10.97,47.5,11
arabis,11.23,47.4,11
arabis,10.94,47.47,11
arabis,11.66,49.91,11
arabis,12.3393,63.17645,11
arabis,12.31485,63.18867,11
arabis,12.69964,62.88369,11
arabis,9.328442,47.23695,11
arabis,18.71765,68.38951,11
arabis,18.86545,68.31899,11
arabis,-0.420026,42.801899,11
arabis,10.359813,47.418121,11
arabis,20.613749,69.488764,11
arabis,11.515342,63.653269,11
arabis,7.527145,60.596401,11
arabis,9.100796,61.718148,11
arabis,9.668693,62.396107,11
arabis,15.442597,66.822007,11
arabis,15.689005,66.780683,11
arabis,21.07983,67.19473,11
arabis,4.52561,50.37901,11
arabis,5.20281,49.80204,11
arabis,3.8006,50.61458,11
arabis,6.15623,50.23577,11
arabis,4.95066,50.27442,11
arabis,5.7142,50.481,11
arabis,4.56822,50.65068,11
arabis,5.22432,50.15773,11
arabis,12.002703,47.734032,11
arabis,13.463146,47.868835,11
arabis,13.447568,47.799393,11
arabis,18.683528,68.391287,11
arabis,13.271357,47.571148,11
arabis,14.0388,77.48,11
arabis,19.003204,69.70579,11
arabis,9.280549,62.757974,11
arabis,13.41911,47.821838,11
arabis,16.03151,65.97612,11
arabis,21.23206,68.73661,11
arabis,18.66117,68.43306,11
arabis,3.375077,44.162136,11
arabis,21.561116,69.272541,11
arabis,21.540427,69.253898,11
arabis,11.296005,47.429714,11
arabis,8.806332,44.57138,11
arabis,11.747783,44.007872,11
arabis,21.169384,69.368621,11
arabis,7.25657,47.424225,11
arabis,7.018043,62.361464,11
arabis,13.685025,65.608527,11
arabis,9.335625,62.247567,11
arabis,21.291394,69.017774,11
arabis,26.472505,68.406954,11
arabis,6.9562,59.8502,11
arabis,6.704,59.8575,11
arabis,34.28767,67.45821,11
arabis,13.832826,46.238884,11
arabis,66.79684,67.65548,11
arabis,67.8535,67.67212,11
arabis,66.75691,67.64386,11
arabis,26.117663,69.391667,11
arabis,11.29,49.78,11
arabis,12.96,47.48,11
arabis,12.43,48.19,11
arabis,10.84,47.77,11
arabis,13.46,48.57,11
arabis,12.54,47.67,11
arabis,12.62,47.72,11
arabis,12.54,47.77,11
arabis,12.54,47.72,11
arabis,12.62,47.82,11
arabis,12.71,47.72,11
arabis,12.46,47.77,11
arabis,12.37,47.72,11
arabis,12.21,47.72,11
arabis,12.54,47.62,11
arabis,12.62,47.77,11
arabis,12.37,47.77,11
arabis,12.29,47.77,11
arabis,12.46,47.72,11
arabis,12.01,47.64,11
arabis,11.96,47.69,11
arabis,11.15,47.52,11
arabis,10.79,47.52,11
arabis,11.9,47.72,11
arabis,12.02,47.7,11
arabis,11.99,47.72,11
arabis,19.718182,68.847821,11
arabis,9.847952,62.283039,11
arabis,16.1228,39.8478,11
arabis,12.7575,47.07278,11
arabis,13.61861,47.45028,11
arabis,13.61583,47.43028,11
arabis,14.01861,47.52194,11
arabis,16.199679,67.126113,11
arabis,8.664475,61.053174,11
arabis,8.926272,62.037137,11
arabis,7.514928,62.165598,11
arabis,6.418696,60.93581,11
arabis,9.485706,61.543303,11
arabis,9.545867,61.57778,11
arabis,13.395606,66.017386,11
arabis,14.731194,67.341291,11
arabis,18.742869,68.363048,11
arabis,20.449977,69.247343,11
arabis,21.27631,69.538737,11
arabis,8.906106,46.919857,11
arabis,15.51348,47.72332,11
arabis,15.57034,47.71545,11
arabis,8.723225,61.820652,11
arabis,15.293413,67.400081,11
arabis,20.486412,69.321442,11
arabis,14.62799,66.06857,11
arabis,9.879824,62.268199,11
arabis,19.114631,69.615166,11
arabis,7.514848,60.605278,11
arabis,7.207435,59.81559,11
arabis,21.017784,69.347492,11
arabis,18.82582,68.30259,11
arabis,16.15404,65.89324,11
arabis,-3.379041,37.072094,11
arabis,7.035003,61.743986,11
arabis,19.69426,68.7718,11
arabis,16.543231,67.769515,11
arabis,18.599483,68.827666,11
arabis,16.310288,67.024839,11
arabis,16.385891,67.074086,11
arabis,8.658097,61.784946,11
arabis,8.106083,61.000905,11
arabis,9.431313,62.720209,11
arabis,16.385945,67.062959,11
arabis,16.58857,67.27581,11
arabis,19.34486,66.47563,11
arabis,14.80508,66.12621,11
arabis,14.45504,65.08304,11
arabis,12.39254,62.9208,11
arabis,12.36074,63.20721,11
arabis,18.5905,68.28816,11
arabis,18.711,68.35218,11
arabis,14.71696,65.86363,11
arabis,8.845181,46.863815,11
arabis,23.502578,69.913179,11
arabis,6.091305,60.318578,11
arabis,6.622946,60.510284,11
arabis,9.623032,62.341963,11
arabis,8.616092,61.799459,11
arabis,9.874704,62.519392,11
arabis,15.76194,47.71333,11
arabis,12.62,47.92,11
arabis,11.372134,46.099508,11
arabis,18.826744,68.355013,11
arabis,-5.4863,43.0338,11
arabis,1.86291,42.82943,11
arabis,13.47639,46.57667,11
arabis,-0.12846,43.05876,11
arabis,-0.07763,43.08692,11
arabis,0.16037,42.89703,11
arabis,6.74383,46.30756,11
arabis,9.317802,62.741155,11
arabis,7.219405,47.281628,11
arabis,8.532888,61.815173,11
arabis,14.54752,66.09455,11
arabis,11.29694,47.51944,11
arabis,7.588666,43.901542,11
arabis,7.553734,43.871932,11
arabis,8.590655,44.420916,11
arabis,7.596906,43.804558,11
arabis,8.67636,44.483247,11
arabis,9.557524,44.256961,11
arabis,7.700145,43.803888,11
arabis,25.550337,45.573017,11
arabis,14.75864,66.03785,11
arabis,16.72788,67.79445,11
arabis,12.46019,62.90956,11
arabis,15.67078,66.58915,11
arabis,13.61333,47.57139,11
arabis,14.06222,47.71667,11
arabis,12.404453,64.975603,11
arabis,6.080517,60.538269,11
arabis,14.984752,66.805964,11
arabis,19.172438,69.619114,11
arabis,16.427528,67.600735,11
arabis,16.19287,67.159172,11
arabis,16.164294,67.881202,11
arabis,14.915483,66.703855,11
arabis,20.455214,69.301752,11
arabis,10.162955,62.158756,11
arabis,14.64633,67.048674,11
arabis,23.410366,69.921522,11
arabis,6.105265,59.526352,11
arabis,9.835331,62.323218,11
arabis,13.20996,66.381332,11
arabis,16.020043,66.920472,11
arabis,14.69094,66.95628,11
arabis,14.776694,66.74113,11
arabis,28.49775,70.436312,11
arabis,16.289986,67.271595,11
arabis,30.459239,70.208521,11
arabis,15.003626,66.714464,11
arabis,16.431139,67.609853,11
arabis,14.397802,67.015636,11
arabis,14.842639,67.040021,11
arabis,8.034801,61.629379,11
arabis,16.284848,67.244991,11
arabis,14.505043,67.035293,11
arabis,14.590913,66.708999,11
arabis,7.056545,59.843856,11
arabis,16.271616,67.253263,11
arabis,17.188625,69.350273,11
arabis,15.177261,67.091579,11
arabis,16.034883,66.936257,11
arabis,14.384759,66.950548,11
arabis,14.453956,66.804128,11
arabis,15.094077,66.715782,11
arabis,14.179512,66.796615,11
arabis,28.497929,70.44596,11
arabis,15.765784,67.791962,11
arabis,19.180514,69.608409,11
arabis,14.486331,66.69183,11
arabis,19.001758,69.593893,11
arabis,9.638851,62.376933,11
arabis,6.126474,60.408594,11
arabis,14.632667,66.948982,11
arabis,14.372335,67.159615,11
arabis,15.013669,66.832071,11
arabis,21.209143,69.539952,11
arabis,14.415337,66.925993,11
arabis,21.121,69.360725,11
arabis,14.806302,66.75651,11
arabis,14.142618,66.791942,11
arabis,15.002278,66.849026,11
arabis,14.486466,67.023121,11
arabis,10.151645,61.640923,11
arabis,6.52989,60.972907,11
arabis,14.72407,67.062822,11
arabis,14.428641,66.669469,11
arabis,14.652241,66.940592,11
arabis,14.761826,66.729535,11
arabis,8.657199,61.044703,11
arabis,14.973784,66.853059,11
arabis,14.400246,67.000394,11
arabis,14.96375,66.70199,11
arabis,15.169994,66.710515,11
arabis,14.659356,66.955411,11
arabis,14.487499,66.995764,11
arabis,7.293745,62.065645,11
arabis,14.470503,66.157047,11
arabis,16.174185,67.2043,11
arabis,14.374949,66.976255,11
arabis,6.665859,59.416732,11
arabis,14.968259,66.719215,11
arabis,14.77001,67.068189,11
arabis,14.463756,66.678298,11
arabis,14.544281,66.71847,11
arabis,6.406659,60.888308,11
arabis,7.334313,60.635118,11
arabis,14.291271,65.096988,11
arabis,14.989109,66.74317,11
arabis,14.735479,66.712181,11
arabis,14.742387,66.701784,11
arabis,9.296315,62.738069,11
arabis,14.402932,66.937608,11
arabis,7.492084,60.577934,11
arabis,7.055701,60.964546,11
arabis,14.686098,67.065532,11
arabis,15.41127,66.17785,11
arabis,15.38875,66.17937,11
arabis,15.40794,66.1506,11
arabis,16.47591,67.07203,11
arabis,18.38329,68.4246,11
arabis,13.324768,47.076504,11
arabis,13.02,47.59,11
arabis,13.03,47.58,11
arabis,10.94,47.58,11
arabis,11.12,47.6,11
arabis,11.31,47.61,11
arabis,10.85,47.54,11
arabis,11.48,47.59,11
arabis,11.43,47.61,11
arabis,10.98,47.69,11
arabis,11.8,47.65,11
arabis,11.8,47.64,11
arabis,11.23,47.62,11
arabis,10.99,47.68,11
arabis,-0.35614,42.98737,11
arabis,8.8609,61.5383,11
arabis,7.3081,60.4242,11
arabis,8.60005,62.51191,11
arabis,9.71138,62.42719,11
arabis,8.74504,62.51272,11
arabis,9.70421,62.43581,11
arabis,13.038164,47.545916,11
arabis,21.0267,69.338,11
arabis,25.7598,70.369,11
arabis,9.6034,62.1003,11
arabis,19.1811,68.8754,11
arabis,10.2785,63.0682,11
arabis,7.9593,62.5549,11
arabis,14.1391,64.2225,11
arabis,6.7897,46.9632,11
arabis,11.9326,61.7232,11
arabis,31.64722,40.90278,11
arabis,13.86639,41.88556,11
arabis,14.3481,65.6853,11
arabis,10.1987,62.6022,11
arabis,13.3892,65.5289,11
arabis,11.48109,44.174433,11
arabis,11.392982,44.133816,11
arabis,41.20137,67.12955,11
arabis,16.01913,66.36212,11
arabis,10.452239,46.528515,11
arabis,10.790397,47.574139,11
arabis,10.306602,46.890827,11
arabis,7.459355,47.452999,11
arabis,11.612216,46.442055,11
arabis,16.03686,66.3541,11
arabis,15.18739,65.91276,11
arabis,15.18198,65.89369,11
arabis,15.19564,65.88271,11
arabis,15.30294,65.87353,11
arabis,16.44434,67.03533,11
arabis,17.21054,66.91354,11
arabis,14.63542,65.01858,11
arabis,14.63578,65.0322,11
arabis,16.21618,66.85763,11
arabis,18.34592,68.40483,11
arabis,15.28845,65.8986,11
arabis,13.92551,63.86428,11
arabis,18.31524,68.41875,11
arabis,18.67613,68.42007,11
arabis,18.50782,67.88352,11
arabis,14.30877,65.01442,11
arabis,18.6608,68.3699,11
arabis,16.87429,67.43629,11
arabis,16.54139,66.36005,11
arabis,8.431967,46.42939,11
arabis,20.104637,67.039391,11
arabis,19.05056,43.09833,11
arabis,25.803646,68.627671,11
arabis,25.867259,68.341183,11
arabis,25.726474,69.120259,11
arabis,21.121548,69.114109,11
arabis,21.171535,69.115818,11
arabis,26.046205,69.55536,11
arabis,27.034022,69.546295,11
arabis,25.187234,67.734262,11
arabis,21.198905,69.107748,11
arabis,21.276219,69.101351,11
arabis,21.226255,69.099674,11
arabis,26.011784,69.622048,11
arabis,7.552629,60.535881,11
arabis,7.034082,60.201359,11
arabis,2.23469,47.0504,11
arabis,10.342383,47.483799,11
arabis,7.968521,46.837532,11
arabis,8.371582,47.478233,11
arabis,18.509903,68.335899,11
arabis,-0.40891,42.81958,11
arabis,7.345751,45.64231,11
arabis,10.894355,45.798461,11
arabis,2.17254,42.83152,11
arabis,9.33451,62.82552,11
arabis,-0.23,40.54,11
arabis,6.79366,47.32926,11
arabis,16.2235,66.19922,11
arabis,16.14,66.22188,11
arabis,16.04181,66.82405,11
arabis,19.14903,68.11511,11
arabis,12.08961,63.33683,11
arabis,20.35984,69.51881,11
arabis,5.75054,45.3153,11
arabis,6.12384,46.58848,11
arabis,-0.27412,43.01916,11
arabis,6.51818,45.92434,11
arabis,13.04,47.57,11
arabis,9.528609,62.220036,11
arabis,12.31602,63.22067,11
arabis,16.29029,66.12248,11
arabis,15.68164,66.55584,11
arabis,18.64875,68.42121,11
arabis,15.80733,66.33589,11
arabis,21.42557,68.57123,11
arabis,17.26397,67.52387,11
arabis,17.38771,67.5628,11
arabis,17.4427,67.61212,11
arabis,17.36116,67.3206,11
arabis,16.97245,67.23806,11
arabis,16.46351,67.30459,11
arabis,16.44951,67.27938,11
arabis,16.44701,67.26219,11
arabis,16.51687,67.27679,11
arabis,16.62574,67.28842,11
arabis,15.582,66.37467,11
arabis,15.54278,66.38235,11
arabis,15.58298,66.39753,11
arabis,15.80329,66.34556,11
arabis,12.54746,62.7535,11
arabis,16.29013,66.11183,11
arabis,16.28346,66.09812,11
arabis,15.86165,66.06464,11
arabis,15.76975,66.08446,11
arabis,13.08951,63.42846,11
arabis,14.37303,65.05594,11
arabis,13.86913,64.74704,11
arabis,14.36373,65.04747,11
arabis,14.82654,66.12875,11
arabis,14.55242,65.65873,11
arabis,12.49015,62.91217,11
arabis,16.14334,66.16385,11
arabis,14.67517,65.88762,11
arabis,15.28291,65.31759,11
arabis,18.72078,68.36875,11
arabis,18.2195,68.40368,11
arabis,18.30346,68.39145,11
arabis,18.12311,68.4624,11
arabis,18.41973,68.52913,11
arabis,18.44872,68.5256,11
arabis,18.46342,68.55366,11
arabis,18.75801,68.48898,11
arabis,18.64496,68.41019,11
arabis,17.75367,67.81449,11
arabis,18.54605,68.42874,11
arabis,12.44323,62.72961,11
arabis,18.6136,67.86652,11
arabis,12.27838,63.03603,11
arabis,23.695545,69.769646,11
arabis,7.076928,46.242156,11
arabis,23.481658,69.83231,11
arabis,19.146768,69.731203,11
arabis,8.449886,46.462551,11
arabis,14.485602,46.504036,11
arabis,6.727581,46.934265,11
arabis,9.124146,47.18388,11
arabis,13.316631,47.800762,11
arabis,11.566887,47.406948,11
arabis,10.423579,46.547291,11
arabis,12.822418,47.241016,11
arabis,9.747899,47.058048,11
arabis,11.613321,47.400208,11
arabis,7.154975,45.868587,11
arabis,20.2639,68.9548,11
arabis,19.4248,69.6959,11
arabis,6.86946,44.62896,11
arabis,6.69782,45.6574,11
arabis,6.70079,44.83035,11
arabis,3.38462,44.32877,11
arabis,5.95472,44.86589,11
arabis,6.79288,44.84641,11
arabis,0.00028,42.72282,11
arabis,5.23394,44.89706,11
arabis,5.91938,45.42091,11
arabis,-0.5591,42.79326,11
arabis,6.65923,44.24771,11
arabis,2.30232,42.59759,11
arabis,6.95507,43.78416,11
arabis,6.40125,45.06124,11
arabis,7.03464,45.49176,11
arabis,2.60513,43.87921,11
arabis,-0.95444,43.01861,11
arabis,6.71408,44.24784,11
arabis,6.03329,44.91918,11
arabis,6.66078,45.27905,11
arabis,6.91719,43.74033,11
arabis,5.43068,45.17168,11
arabis,0.21603,42.75094,11
arabis,2.55724,42.87332,11
arabis,5.72185,45.69944,11
arabis,8.92786,62.46969,11
arabis,10.5672,78.811388,11
arabis,15.879807,77.016997,11
arabis,11.863602,79.1282,11
arabis,17.269001,68.64523,11
arabis,22.817832,70.619616,11
arabis,18.666889,69.527476,11
arabis,19.621168,69.92418,11
arabis,19.654266,69.009353,11
arabis,19.626241,69.017015,11
arabis,6.948911,46.997764,11
arabis,19.863603,49.242712,11
arabis,45.70972,39.75,11
arabis,44.19389,40.48056,11
arabis,20.19361,49.27111,11
arabis,18.3279,68.39473,11
arabis,21.98194,38.60167,11
arabis,18.61997,67.91112,11
arabis,14.65406,65.68255,11
arabis,16.38105,66.42521,11
arabis,16.40286,66.43886,11
arabis,16.58631,67.52156,11
arabis,18.71602,68.50089,11
arabis,18.79256,68.36612,11
arabis,18.25802,67.16252,11
arabis,12.46302,62.72588,11
arabis,1.03604,44.90684,11
arabis,1.03289,44.99685,11
arabis,0.2426,42.99899,11
arabis,0.12906,42.81604,11
arabis,-0.00694,43.0823,11
arabis,0.36506,43.00206,11
arabis,-1.36145,43.126,11
arabis,-0.6086,42.88376,11
arabis,0.36914,42.91218,11
arabis,-0.35906,42.80186,11
arabis,-0.99353,43.14027,11
arabis,-0.49727,43.06749,11
arabis,-0.74234,43.05925,11
arabis,-0.48644,42.8878,11
arabis,-0.37471,43.0714,11
arabis,-0.98115,42.96062,11
arabis,-0.73654,42.96941,11
arabis,-0.49185,42.97764,11
arabis,-0.98733,43.05044,11
arabis,-1.37505,43.30563,11
arabis,-0.6142,42.9736,11
arabis,-1.1098,43.04584,11
arabis,0.00238,42.90256,11
arabis,-0.25214,43.07517,11
arabis,-1.11619,43.13565,11
arabis,1.54507,44.82463,11
arabis,-1.35468,43.0362,11
arabis,-0.62544,43.15328,11
arabis,0.73602,42.92054,11
arabis,0.1335,42.72619,11
arabis,-0.24709,42.98531,11
arabis,-0.87085,43.14475,11
arabis,-0.61981,43.06344,11
arabis,-0.86484,43.05491,11
arabis,-0.50271,43.15734,11
arabis,-0.00227,42.99243,11
arabis,0.24687,42.90911,11
arabis,-0.12954,43.07881,11
arabis,-0.24206,42.89546,11
arabis,0.49142,42.9151,11
arabis,0.25113,42.81924,11
arabis,-0.36426,42.8917,11
arabis,-0.48105,42.79796,11
arabis,-0.36948,42.98155,11
arabis,-0.60303,42.79393,11
arabis,-1.23225,43.04109,11
arabis,0.25538,42.72938,11
arabis,-0.23705,42.80561,11
arabis,-0.12469,42.98894,11
arabis,1.22809,42.83983,11
arabis,2.57223,42.85361,11
arabis,2.20804,42.6717,11
arabis,2.4534,42.49343,11
arabis,2.33091,42.58263,11
arabis,2.20926,42.5818,11
arabis,2.09042,42.40106,11
arabis,2.21048,42.49191,11
arabis,1.96438,42.66962,11
arabis,2.08902,42.49094,11
arabis,2.93803,43.66402,11
arabis,2.0848,42.76064,11
arabis,2.20559,42.85152,11
arabis,2.20682,42.76161,11
arabis,2.32884,42.76244,11
arabis,2.08338,42.85055,11
arabis,2.3278,42.85236,11
arabis,2.32676,42.94228,11
arabis,2.57157,42.94354,11
arabis,2.44831,43.03291,11
arabis,1.96278,42.75952,11
arabis,2.44916,42.94298,11
arabis,7.56203,44.10908,11
arabis,7.29897,43.93946,11
arabis,1.96118,42.84943,11
arabis,6.54127,43.78649,11
arabis,1.83898,42.84818,11
arabis,5.31418,44.17961,11
arabis,6.28788,43.70437,11
arabis,6.53571,43.6966,11
arabis,5.77462,43.35856,11
arabis,6.65959,43.6925,11
arabis,7.42332,43.93449,11
arabis,7.18781,44.12404,11
arabis,7.43031,44.02435,11
arabis,7.68673,44.10382,11
arabis,7.67933,44.01397,11
arabis,7.54765,43.92938,11
arabis,7.43731,44.11421,11
arabis,6.81339,44.13771,11
arabis,6.92579,43.95351,11
arabis,6.93822,44.13329,11
arabis,6.78941,43.77814,11
arabis,7.03747,43.76922,11
arabis,2.68215,45.10382,11
arabis,5.66988,46.42377,11
arabis,5.94958,46.77731,11
arabis,6.62224,47.02845,11
arabis,6.4907,47.03251,11
arabis,6.06529,46.50395,11
arabis,6.20617,46.68032,11
arabis,5.93497,46.50737,11
arabis,6.36475,47.12636,11
arabis,6.49653,47.12245,11
arabis,5.80928,46.60062,11
arabis,6.0908,46.95381,11
arabis,5.92531,46.3274,11
arabis,6.89826,47.19974,11
arabis,7.03693,47.28513,11
arabis,5.93013,46.41738,11
arabis,6.24378,47.31002,11
arabis,8.99197,42.23606,11
arabis,9.1219,42.31878,11
arabis,9.15017,42.58764,11
arabis,9.11254,42.22918,11
arabis,9.24263,42.31176,11
arabis,8.88939,42.42206,11
arabis,5.72368,44.89081,11
arabis,5.34764,44.98947,11
arabis,5.71064,44.62088,11
arabis,5.99121,45.15423,11
arabis,5.47446,44.98672,11
arabis,5.84114,44.70769,11
arabis,5.78624,46.15068,11
arabis,5.79081,46.24067,11
arabis,5.21725,44.90208,11
arabis,5.91571,46.14742,11
arabis,5.31785,44.26958,11
arabis,6.80909,45.94065,11
arabis,6.88719,45.21675,11
arabis,6.94444,46.02617,11
arabis,7.01442,45.21224,11
arabis,6.39449,45.5032,11
arabis,7.15504,45.38743,11
arabis,7.10195,44.66812,11
arabis,6.8438,44.58726,11
arabis,6.71796,44.59157,11
arabis,6.98232,44.76264,11
arabis,6.72986,44.77143,11
arabis,6.80737,44.04781,11
arabis,6.44425,44.24003,11
arabis,6.43337,44.06019,11
arabis,6.17893,43.9778,11
arabis,6.80136,43.95792,11
arabis,6.96962,44.58281,11
arabis,6.83158,44.40743,11
arabis,7.03394,45.48203,11
arabis,6.28252,45.7769,11
arabis,6.63853,45.31527,11
arabis,6.63267,45.22532,11
arabis,5.7457,45.34074,11
arabis,6.69439,44.23189,11
arabis,6.32972,44.42375,11
arabis,5.60545,45.07382,11
arabis,5.9673,44.70438,11
arabis,6.389,45.41323,11
arabis,6.83768,44.49734,11
arabis,5.71497,44.71085,11
arabis,6.70614,44.41172,11
arabis,6.34568,44.69358,11
arabis,6.68272,44.05208,11
arabis,6.4941,45.04948,11
arabis,6.80287,45.85071,11
arabis,6.44972,44.32996,11
arabis,5.34012,44.80948,11
arabis,5.46653,44.80674,11
arabis,5.45866,44.62677,11
arabis,5.22438,45.08208,11
arabis,6.29306,43.79428,11
arabis,6.19912,44.33753,11
arabis,5.51486,45.88672,11
arabis,6.41717,43.79046,11
arabis,6.4118,43.70055,11
arabis,5.35142,45.07947,11
arabis,5.63942,45.79378,11
arabis,6.01061,45.51415,11
arabis,5.44306,44.26687,11
arabis,6.8255,44.31752,11
arabis,6.76601,45.31105,11
arabis,6.34034,44.60364,11
arabis,6.35103,44.78353,11
arabis,6.45521,44.41989,11
arabis,5.56826,44.26401,11
arabis,5.57234,44.35398,11
arabis,6.575,44.32595,11
arabis,6.50537,45.22939,11
arabis,5.94377,44.25459,11
arabis,5.94845,44.34454,11
arabis,5.70632,44.53091,11
arabis,5.97682,44.88431,11
arabis,6.48849,44.95953,11
arabis,6.24028,45.05716,11
arabis,6.90609,45.48655,11
arabis,6.38352,45.32327,11
arabis,6.53388,45.67917,11
arabis,6.16424,45.96053,11
arabis,6.6622,45.67507,11
arabis,6.29325,45.95685,11
arabis,5.88261,45.51751,11
arabis,6.77211,45.40099,11
arabis,5.98639,45.06426,11
arabis,6.59784,44.68567,11
arabis,6.89977,45.39661,11
arabis,6.79051,45.67082,11
arabis,6.70437,46.30472,11
arabis,6.0552,46.32399,11
arabis,6.37806,45.23331,11
arabis,5.77712,45.97069,11
arabis,6.55244,43.96629,11
arabis,5.87795,45.42752,11
arabis,6.62098,45.04543,11
arabis,6.74183,44.95129,11
arabis,6.61517,44.95548,11
arabis,6.3564,44.87348,11
arabis,6.21957,44.69732,11
arabis,6.2455,45.14712,11
arabis,6.91243,45.57649,11
arabis,6.3672,45.05339,11
arabis,7.04049,45.57195,11
arabis,6.89347,45.30668,11
arabis,6.27718,45.68693,11
arabis,7.02741,45.3921,11
arabis,6.6036,44.7756,11
arabis,6.46623,44.59976,11
arabis,6.37262,45.14335,11
arabis,5.66111,46.24378,11
arabis,6.55121,45.94904,11
arabis,5.84569,44.79766,11
arabis,6.67691,43.96218,11
arabis,5.34387,44.89948,11
arabis,14,65,11
arabis,16.26219,66.96181,11
arabis,8.221753,61.628685,11
arabis,7.060626,60.233553,11
arabis,5.268281,60.969819,11
arabis,9.100525,62.041766,11
arabis,16.18823,66.87036,11
arabis,16.14689,66.86664,11
arabis,16.14795,66.88225,11
arabis,24.883529,70.464929,11
arabis,15.091988,66.421501,11
arabis,27.670353,70.420146,11
arabis,27.769675,70.435426,11
arabis,28.522707,70.422578,11
arabis,16.06216,66.83383,11
arabis,15.97227,66.75585,11
arabis,15.99844,66.27518,11
arabis,16.00315,66.25109,11
arabis,9.583002,62.703889,11
arabis,12.737703,47.08707,11
arabis,12.690381,47.040833,11
arabis,11.395912,47.313225,11
arabis,-19.156029,65.434074,11
arabis,7.081032,44.752953,11
arabis,6.999578,44.646706,11
arabis,14.6937,65.85992,11
arabis,15.68938,66.28549,11
arabis,16.03914,66.45317,11
arabis,16.14179,66.47852,11
arabis,16.08453,66.46826,11
arabis,16.07462,66.67361,11
arabis,16.029,66.66878,11
arabis,16.14577,66.46923,11
arabis,-7.33047,42.63634,10
arabis,12.854004,61.949932,10
arabis,8.334503,46.575027,10
arabis,7.1115,59.4638,10
arabis,21.12,39.68,10
arabis,22.18,37.99,10
arabis,-2.06,40.24,10
arabis,18.90071,68.45819,10
arabis,3.26209,50.81879,10
arabis,18.32149,68.40568,10
arabis,16.72173,67.30134,10
arabis,16.64714,67.41264,10
arabis,16.60307,67.27229,10
arabis,16.62474,67.28249,10
arabis,16.09646,66.6624,10
arabis,16.01685,66.72465,10
arabis,14.54448,65.11656,10
arabis,18.10849,68.42921,10
arabis,17.22645,67.27433,10
arabis,17.1988,67.26631,10
arabis,17.10293,66.08381,10
arabis,16.06075,66.67482,10
arabis,16.85225,67.41959,10
arabis,14.30434,65.01132,10
arabis,17.19453,66.04917,10
arabis,18.67851,68.35635,10
arabis,15.99967,66.80802,10
arabis,15.99909,66.79802,10
arabis,20.1657,69.02767,10
arabis,17.20566,65.99058,10
arabis,13.95359,63.85559,10
arabis,18.50989,68.43041,10
arabis,18.86445,68.31917,10
arabis,14.64967,65.68319,10
arabis,18.51833,68.41951,10
arabis,16.24446,66.32488,10
arabis,17.54485,67.75959,10
arabis,16.56819,67.59065,10
arabis,16.62111,67.599,10
arabis,17.68901,67.19517,10
arabis,17.62882,67.21181,10
arabis,14.36445,65.04757,10
arabis,16.08517,66.87854,10
arabis,16.16524,66.87829,10
arabis,12.6833,62.89847,10
arabis,14.63498,65.84941,10
arabis,16.14943,66.61227,10
arabis,18.75056,68.32898,10
arabis,12.3613,62.5784,10
arabis,17.13473,67.20256,10
arabis,18.69373,68.36516,10
arabis,16.03651,65.97015,10
arabis,17.00722,67.76909,10
arabis,17.10454,67.7315,10
arabis,16.99397,67.77716,10
arabis,13.93688,64.81106,10
arabis,12.7472,63.03818,10
arabis,12.35072,63.22588,10
arabis,17.84834,67.33027,10
arabis,17.46363,67.46785,10
arabis,17.48127,67.45977,10
arabis,17.9871,67.31006,10
arabis,14.26131,65.05595,10
arabis,16.73069,67.29299,10
arabis,16.46347,67.35654,10
arabis,16.34521,66.13975,10
arabis,16.11046,66.69189,10
arabis,18.7207,68.36316,10
arabis,16.28768,66.8403,10
arabis,15.88989,65.79138,10
arabis,16.73342,67.52793,10
arabis,16.83044,67.5994,10
arabis,4.86613,47.3461,10
arabis,14.7917,47.575,10
arabis,24.8,35.2069,10
arabis,10.408454,47.50864,10
arabis,11.333333,47.25,10
arabis,21.232805,69.549634,10
arabis,7.9875,46.02771,10
arabis,9.602029,62.300582,10
arabis,8.182844,61.591139,10
arabis,2.11558,42.4426,10
arabis,-0.20422,42.93832,10
arabis,-0.14541,42.94152,10
arabis,-0.12485,42.93045,10
arabis,6.60607,45.61777,10
arabis,1.22285,42.78091,10
arabis,1.04427,43.09681,10
arabis,6.11038,45.57902,10
arabis,-0.26793,42.94621,10
arabis,6.1129,45.624,10
arabis,6.11543,45.66899,10
arabis,2.65107,44.99118,10
arabis,2.90889,43.68909,10
arabis,2.94685,43.76916,10
arabis,0.07435,43.01992,10
arabis,0.14595,42.75193,10
arabis,0.69645,42.9478,10
arabis,-0.49129,42.94137,10
arabis,0.27066,42.8912,10
arabis,-0.64466,42.86648,10
arabis,2.08731,42.74145,10
arabis,2.92389,43.69293,10
arabis,2.77227,43.74371,10
arabis,3.06343,43.81298,10
arabis,0.2744,42.88087,10
arabis,3.01815,43.70001,10
arabis,3.07715,43.92775,10
arabis,0.10753,42.80069,10
arabis,2.37501,43.94372,10
arabis,0.74824,42.92167,10
arabis,1.83255,42.87567,10
arabis,3.00088,43.96921,10
arabis,0.47833,42.75594,10
arabis,1.99338,42.73696,10
arabis,2.9185,43.68228,10
arabis,-0.05371,42.89577,10
arabis,1.64033,42.93482,10
arabis,0.26536,43.01886,10
arabis,6.66892,45.29174,10
arabis,3.6091,44.23228,10
arabis,3.51533,44.22776,10
arabis,3.42706,44.18041,10
arabis,1.72374,44.90611,10
arabis,1.58875,44.86821,10
arabis,1.51902,44.86074,10
arabis,1.63584,44.87417,10
arabis,1.8414,44.85268,10
arabis,1.85933,44.85842,10
arabis,1.67341,44.71559,10
arabis,-0.26049,42.91025,10
arabis,-0.11528,42.88228,10
arabis,7.06425,45.45839,10
arabis,3.05331,44.07011,10
arabis,3.04473,44.06336,10
arabis,0.64172,42.69607,10
arabis,0.64714,42.70767,10
arabis,-0.0484,42.70141,10
arabis,1.33698,42.8944,10
arabis,0.00607,42.8637,10
arabis,-0.0081,42.71499,10
arabis,-0.01122,42.73542,10
arabis,2.71382,45.12642,10
arabis,2.58729,45.03598,10
arabis,2.96802,45.44193,10
arabis,2.6505,45.08121,10
arabis,2.77741,45.12656,10
arabis,0.01735,42.83218,10
arabis,0.36484,42.78535,10
arabis,1.21205,42.84466,10
arabis,0.35167,42.79212,10
arabis,-0.14187,42.78736,10
arabis,0.19523,42.92572,10
arabis,0.67817,42.91124,10
arabis,0.33764,42.97936,10
arabis,0.30307,43.0068,10
arabis,0.03523,42.75572,10
arabis,0.06065,42.83302,10
arabis,0.45947,42.87129,10
arabis,0.067,42.99449,10
arabis,0.17826,42.91092,10
arabis,-0.07357,43.08339,10
arabis,0.33734,42.95418,10
arabis,0.05488,42.70084,10
arabis,-0.26465,42.89951,10
arabis,0.76907,42.95114,10
arabis,0.23264,43.00842,10
arabis,0.2571,42.81841,10
arabis,2.03789,42.68984,10
arabis,-0.1268,42.85222,10
arabis,-0.22788,42.99454,10
arabis,0.28564,43.03556,10
arabis,-0.02506,42.7136,10
arabis,-0.17081,43.03052,10
arabis,0.04982,42.74522,10
arabis,0.1876,42.91859,10
arabis,0.28767,42.75797,10
arabis,0.1329,42.97485,10
arabis,0.16381,43.05314,10
arabis,0.0153,42.9415,10
arabis,0.09171,42.75268,10
arabis,0.3371,43.00114,10
arabis,-0.14398,42.8834,10
arabis,0.51104,42.70391,10
arabis,0.02135,42.98037,10
arabis,0.14218,42.93672,10
arabis,0.09795,42.88822,10
arabis,0.14411,42.92727,10
arabis,0.41057,42.97461,10
arabis,0.48135,42.70234,10
arabis,0.03623,42.71332,10
arabis,0.18187,42.92798,10
arabis,0.48983,42.87743,10
arabis,1.14247,42.7609,10
arabis,0.15692,42.93071,10
arabis,0.21256,43.01622,10
arabis,-0.17084,43.04171,10
arabis,-0.0931,43.08805,10
arabis,0.15605,42.90105,10
arabis,-0.03621,42.75737,10
arabis,0.25732,43.0001,10
arabis,0.21642,42.96168,10
arabis,0.00856,42.75433,10
arabis,0.17817,42.78453,10
arabis,0.30034,42.89412,10
arabis,0.05792,42.93996,10
arabis,0.44451,42.85824,10
arabis,0.02291,42.95186,10
arabis,0.05375,42.84468,10
arabis,0.0361,42.93862,10
arabis,0.09029,42.72351,10
arabis,2.9737,43.68161,10
arabis,2.32418,42.75442,10
arabis,2.15904,42.85168,10
arabis,3.45684,44.4794,10
arabis,1.86049,42.82338,10
arabis,2.19606,42.42522,10
arabis,2.02852,42.38913,10
arabis,1.98142,42.76353,10
arabis,1.98445,42.75229,10
arabis,1.93749,42.75856,10
arabis,2.3285,42.78212,10
arabis,2.86567,42.92213,10
arabis,2.25154,42.8421,10
arabis,2.13565,42.76202,10
arabis,2.00978,42.64768,10
arabis,2.35417,42.78527,10
arabis,1.96199,42.79437,10
arabis,1.92471,42.83459,10
arabis,2.1071,42.82236,10
arabis,1.92082,42.75896,10
arabis,2.10295,42.87987,10
arabis,1.99878,42.8194,10
arabis,1.95507,42.78283,10
arabis,5.36623,45.87007,10
arabis,6.76005,46.31125,10
arabis,6.64752,45.62755,10
arabis,5.85171,45.31562,10
arabis,6.1264,45.25113,10
arabis,6.42362,45.35381,10
arabis,6.75459,45.49836,10
arabis,5.89193,45.39437,10
arabis,6.07933,46.41198,10
arabis,5.58839,45.21104,10
arabis,6.51454,45.24948,10
arabis,5.55783,45.23236,10
arabis,6.66316,45.77849,10
arabis,5.57271,45.16683,10
arabis,7.05048,45.34424,10
arabis,5.54128,45.22603,10
arabis,6.75552,45.37816,10
arabis,6.90225,45.51863,10
arabis,6.95507,45.21014,10
arabis,5.32554,45.82817,10
arabis,6.77996,45.31224,10
arabis,6.7327,45.36216,10
arabis,6.63725,45.12581,10
arabis,7.01873,45.47298,10
arabis,5.63835,46.14043,10
arabis,6.98436,45.38767,10
arabis,6.23455,44.97685,10
arabis,6.68173,45.1621,10
arabis,6.12063,45.13259,10
arabis,5.83668,46.15548,10
arabis,2.71405,45.0814,10
arabis,5.34895,45.77768,10
arabis,5.35087,45.82268,10
arabis,2.20946,42.43356,10
arabis,2.6735,42.90433,10
arabis,6.0705,44.85923,10
arabis,5.65106,45.36554,10
arabis,6.07296,44.90422,10
arabis,6.00244,44.771,10
arabis,6.15142,45.17235,10
arabis,6.0779,44.99418,10
arabis,6.00966,44.90595,10
arabis,5.95347,45.04261,10
arabis,6.0145,44.99592,10
arabis,5.89233,45.08926,10
arabis,5.96299,45.22256,10
arabis,6.08285,45.08415,10
arabis,5.71051,45.27402,10
arabis,6.13625,44.90245,10
arabis,5.95584,45.0876,10
arabis,6.13877,44.94743,10
arabis,6.26021,44.85382,10
arabis,5.5112,45.0985,10
arabis,6.20468,44.9906,10
arabis,6.01208,44.95093,10
arabis,5.56236,44.82709,10
arabis,5.5706,45.00706,10
arabis,6.14888,45.12736,10
arabis,5.944,44.86266,10
arabis,6.07543,44.9492,10
arabis,5.77648,45.31745,10
arabis,6.15905,45.3073,10
arabis,6.08533,45.12914,10
arabis,6.26807,44.98876,10
arabis,6.01935,45.08589,10
arabis,5.64465,45.23055,10
arabis,5.87844,44.81933,10
arabis,6.00725,44.86096,10
arabis,6.32611,44.89692,10
arabis,5.6845,44.73411,10
arabis,6.14129,44.99241,10
arabis,5.89466,45.13425,10
arabis,6.21501,45.17053,10
arabis,5.90637,45.35921,10
arabis,6.13374,44.85746,10
arabis,5.58097,45.23204,10
arabis,6.20984,45.08057,10
arabis,6.0953,45.30909,10
arabis,5.57266,45.05206,10
arabis,6.20211,44.94562,10
arabis,5.31873,45.05763,10
arabis,6.08782,45.17413,10
arabis,5.81297,44.77597,10
arabis,5.64039,45.14056,10
arabis,6.20726,45.03558,10
arabis,5.96061,45.17757,10
arabis,5.81073,44.73098,10
arabis,5.64251,45.18556,10
arabis,5.90872,45.4042,10
arabis,6.32345,44.85194,10
arabis,6.14635,45.08238,10
arabis,5.83796,45.27086,10
arabis,5.51323,45.1435,10
arabis,5.84254,45.36085,10
arabis,5.49913,44.82853,10
arabis,6.26545,44.94378,10
arabis,6.0928,45.2641,10
arabis,6.19698,44.85566,10
arabis,6.08037,45.03917,10
arabis,5.50114,44.87352,10
arabis,5.87613,44.77435,10
arabis,6.32878,44.9419,10
arabis,6.26283,44.8988,10
arabis,6.33145,44.98688,10
arabis,5.7127,45.31902,10
arabis,5.95822,45.13258,10
arabis,5.78097,45.40744,10
arabis,6.19954,44.90064,10
arabis,6.09031,45.21911,10
arabis,-0.1719,43.0056,10
arabis,-0.25612,43.02583,10
arabis,-0.08817,42.93523,10
arabis,-0.10953,43.0604,10
arabis,0.28837,42.74391,10
arabis,-0.21548,42.80607,10
arabis,-0.09097,42.92168,10
arabis,0.23182,42.78854,10
arabis,-0.2138,42.94651,10
arabis,6.91056,46.00481,10
arabis,5.70832,45.22903,10
arabis,6.40303,45.11989,10
arabis,5.82882,45.09089,10
arabis,6.53008,45.11594,10
arabis,5.82427,45.00091,10
arabis,5.94636,44.90765,10
arabis,5.85873,45.6758,10
arabis,5.95414,46.25907,10
arabis,6.50893,45.79262,10
arabis,5.44964,45.14492,10
arabis,6.40577,45.16487,10
arabis,5.82655,45.0459,10
arabis,5.60887,44.4657,10
arabis,5.37648,44.9213,10
arabis,6.02178,45.13088,10
arabis,6.46377,45.07296,10
arabis,6.75996,45.69438,10
arabis,5.76308,45.0475,10
arabis,6.46656,45.11794,10
arabis,5.88537,44.9543,10
arabis,6.71695,46.01133,10
arabis,5.51525,45.1885,10
arabis,5.315,44.96764,10
arabis,5.62348,44.78062,10
arabis,5.24981,44.92394,10
arabis,5.38222,45.05629,10
arabis,5.50918,45.05351,10
arabis,5.93929,44.77269,10
arabis,5.95109,44.99762,10
arabis,5.62138,44.73563,10
arabis,5.37839,44.9663,10
arabis,5.81974,44.91093,10
arabis,5.56031,44.78209,10
arabis,6.53292,45.16092,10
arabis,5.75643,44.91252,10
arabis,5.3803,45.0113,10
arabis,5.44767,45.09992,10
arabis,6.40029,45.07492,10
arabis,6.67783,45.42666,10
arabis,6.18219,45.71219,10
arabis,6.1796,45.6672,10
arabis,7.11481,45.27621,10
arabis,6.87884,45.55511,10
arabis,5.82208,46.21737,10
arabis,6.87256,45.46517,10
arabis,6.14382,45.03739,10
arabis,5.91107,45.44919,10
arabis,6.80865,45.46736,10
arabis,6.28125,45.21366,10
arabis,6.55873,45.56571,10
arabis,5.35279,45.86769,10
arabis,6.93646,45.46295,10
arabis,6.80556,45.42239,10
arabis,5.28464,45.779,10
arabis,6.98422,45.23586,10
arabis,6.81173,45.51233,10
arabis,6.74777,45.51449,10
arabis,6.65711,45.11185,10
arabis,6.69278,45.65153,10
arabis,6.90737,45.95984,10
arabis,6.38861,45.9315,10
arabis,6.52328,46.01752,10
arabis,6.47578,46.28939,10
arabis,6.53485,46.19744,10
arabis,6.32958,46.02338,10
arabis,6.45872,46.01951,10
arabis,6.1978,45.98211,10
arabis,6.73221,46.2362,10
arabis,6.83975,45.91708,10
arabis,6.78149,46.00919,10
arabis,6.79079,46.14411,10
arabis,6.32414,45.93341,10
arabis,6.51753,45.92756,10
arabis,6.7784,45.96422,10
arabis,6.24905,45.75534,10
arabis,6.25966,45.93529,10
arabis,6.5204,45.97254,10
arabis,6.74143,46.37112,10
arabis,6.12051,45.75897,10
arabis,6.6524,46.01343,10
arabis,6.80327,46.324,10
arabis,6.79702,46.23405,10
arabis,6.1384,46.0739,10
arabis,6.34326,46.2483,10
arabis,6.26233,45.98027,10
arabis,6.77531,45.91925,10
arabis,6.97509,46.00256,10
arabis,6.69879,45.74148,10
arabis,6.78459,46.05416,10
arabis,6.58491,45.97051,10
arabis,6.2464,45.71035,10
arabis,6.73835,46.32615,10
arabis,6.14097,46.11888,10
arabis,6.20829,46.16206,10
arabis,6.05623,45.76073,10
arabis,6.59962,46.1954,10
arabis,6.66439,46.19333,10
arabis,6.6674,46.23831,10
arabis,6.46723,46.15445,10
arabis,6.18738,45.80216,10
arabis,6.45025,45.88456,10
arabis,6.76916,45.8293,10
arabis,6.37757,45.75156,10
arabis,6.44744,45.83958,10
arabis,6.52617,46.0625,10
arabis,6.32686,45.97839,10
arabis,6.53195,46.15246,10
arabis,6.12305,45.80396,10
arabis,6.45589,45.97453,10
arabis,6.48151,46.37935,10
arabis,6.44463,45.7946,10
arabis,6.25435,45.84531,10
arabis,6.60554,46.28536,10
arabis,6.7939,46.18908,10
arabis,6.59667,46.15043,10
arabis,6.257,45.8903,10
arabis,6.84603,46.00702,10
arabis,6.2517,45.80033,10
arabis,11.999567,61.633345,10
arabis,9.680019,62.612498,10
arabis,8.320309,62.598138,10
arabis,8.486615,62.553966,10
arabis,9.78991,62.274406,10
arabis,8.883634,62.474077,10
arabis,8.922423,62.474104,10
arabis,7.259687,62.881654,10
arabis,9.543189,62.482045,10
arabis,13.176389,48.293056,10
arabis,13.598056,48.128613,10
arabis,13.620556,47.838055,10
arabis,12.760278,48.119446,10
arabis,13.510278,48.588333,10
arabis,7.534207,46.131809,10
arabis,5.77175,44.73243,10
arabis,5.61061,44.42452,10
arabis,6.86953,45.27694,10
arabis,9.24689,42.53152,10
arabis,8.97098,42.39148,10
arabis,8.94506,42.38153,10
arabis,9.19379,42.03986,10
arabis,8.99213,42.46662,10
arabis,9.12341,42.23934,10
arabis,9.07691,42.23948,10
arabis,9.12426,42.20738,10
arabis,9.3469,42.3312,10
arabis,8.98867,42.40297,10
arabis,9.05561,42.20602,10
arabis,9.14973,42.07697,10
arabis,9.25502,42.34386,10
arabis,9.09816,42.41583,10
arabis,-2.35,43.15,10
arabis,-2.37,43.14,10
arabis,13.884144,47.457228,10
arabis,18.83152,68.35096,10
arabis,12.088216,66.498097,10
arabis,-6.041136,42.790073,10
arabis,-5.119385,42.949805,10
arabis,9.623804,62.294781,10
arabis,1.044765,42.623594,10
arabis,1.106849,42.615785,10
arabis,20.813122,69.049669,10
arabis,25.759273,67.698202,10
arabis,25.900694,68.02533,10
arabis,21.132774,69.26615,10
arabis,24.03778,35.29167,10
arabis,-0.016323,42.700277,10
arabis,6.75416,44.26142,10
arabis,6.63524,44.30394,10
arabis,6.70198,44.30041,10
arabis,6.87858,44.39394,10
arabis,6.79041,44.31238,10
arabis,6.61536,44.31911,10
arabis,6.60915,44.30943,10
arabis,6.84786,44.35341,10
arabis,6.77447,44.31615,10
arabis,6.63973,44.1813,10
arabis,6.74439,44.27893,10
arabis,6.7061,44.27445,10
arabis,6.69371,44.21118,10
arabis,6.76008,44.2962,10
arabis,6.7193,44.23655,10
arabis,6.80965,44.33848,10
arabis,6.73423,44.25218,10
arabis,6.86587,44.41875,10
arabis,6.71401,44.28371,10
arabis,6.81588,44.3488,10
arabis,6.88187,44.36659,10
arabis,6.71763,44.26848,10
arabis,6.66328,44.18726,10
arabis,6.8928,44.40981,10
arabis,6.89532,44.37091,10
arabis,6.73587,44.26961,10
arabis,6.71888,44.2472,10
arabis,6.8289,44.35019,10
arabis,6.85841,44.3453,10
arabis,6.63307,44.31432,10
arabis,6.87267,44.37398,10
arabis,6.7282,44.27918,10
arabis,7.19448,44.08727,10
arabis,6.92675,44.05084,10
arabis,7.00335,44.09855,10
arabis,7.22885,44.12857,10
arabis,7.24952,44.06519,10
arabis,6.90714,44.16797,10
arabis,7.26695,44.10441,10
arabis,7.40606,44.02997,10
arabis,7.39603,44.10111,10
arabis,6.23295,47.13012,10
arabis,6.91134,47.37957,10
arabis,5.80928,46.60062,10
arabis,5.68316,46.69374,10
arabis,6.24378,47.31002,10
arabis,5.8186,46.78059,10
arabis,7.03693,47.28513,10
arabis,6.20617,46.68032,10
arabis,6.22755,47.04017,10
arabis,5.96929,47.13719,10
arabis,6.77263,47.29403,10
arabis,6.09596,47.04377,10
arabis,6.10113,47.13373,10
arabis,6.89826,47.19974,10
arabis,6.0908,46.95381,10
arabis,6.49653,47.12245,10
arabis,6.21149,46.77028,10
arabis,6.62224,47.02846,10
arabis,5.93497,46.50737,10
arabis,17.24687,52.32713,10
arabis,2.30247,42.74976,10
arabis,5.36652,44.9376,10
arabis,5.78447,44.7273,10
arabis,5.99082,46.34168,10
arabis,5.34025,44.92032,10
arabis,9.17593,42.0613,10
arabis,5.81734,45.66271,10
arabis,6.99883,43.83587,10
arabis,5.47382,45.04264,10
arabis,6.78563,45.88073,10
arabis,6.10175,45.68954,10
arabis,6.28252,45.70133,10
arabis,5.79701,45.33916,10
arabis,5.283,44.79584,10
arabis,5.88985,44.79598,10
arabis,6.52325,44.80978,10
arabis,2.47291,42.67784,10
arabis,5.80075,45.80731,10
arabis,5.80674,45.08673,10
arabis,6.10667,45.76143,10
arabis,5.19949,45.14007,10
arabis,2.35122,42.76773,10
arabis,5.67173,45.379,10
arabis,5.69397,45.3243,10
arabis,2.27801,42.83957,10
arabis,5.80038,45.39308,10
arabis,9.05662,42.28519,10
arabis,-0.4676,43.04466,10
arabis,1.88874,42.82835,10
arabis,-0.65564,43.0418,10
arabis,-0.65792,43.09002,10
arabis,2.72091,45.05571,10
arabis,7.5037,43.94022,10
arabis,-0.57933,42.9394,10
arabis,21.148328,69.104119,10
arabis,15.868596,68.570007,10
arabis,6.737697,59.376922,10
arabis,7.667202,61.06276,10
arabis,20.116307,69.354616,10
arabis,18.69111,68.39822,10
arabis,19.49031,67.85858,10
arabis,22.104862,69.921217,10
arabis,9.105171,62.047712,10
arabis,7.27641,46.29879,10
arabis,14.0658,47.700477,10
arabis,10.93,47.64,10
arabis,11.53,47.83,10
arabis,11.54,47.82,10
arabis,11.54,47.72,10
arabis,11.46,47.97,10
arabis,11.54,47.67,10
arabis,11.54,47.87,10
arabis,10.84,47.61,10
arabis,11.46,47.87,10
arabis,15.200623,47.635036,10
arabis,13.251309,66.388435,10
arabis,7.997318,44.149122,10
arabis,8.78102,46.78578,10
arabis,8.64705,46.65233,10
arabis,8.51913,46.78856,10
arabis,8.52003,46.83353,10
arabis,8.58365,46.74295,10
arabis,8.65312,46.92216,10
arabis,8.64504,46.56239,10
arabis,8.58174,46.653,10
arabis,8.78439,46.92069,10
arabis,8.51643,46.65364,10
arabis,8.65008,46.78725,10
arabis,31.8062,69.8248,10
arabis,7.493018,62.442374,10
arabis,7.66,45.92,10
arabis,-4.94,43.25,10
arabis,8.886216,61.9241,10
arabis,6.840806,60.773391,10
arabis,8.877457,61.909333,10
arabis,8.950104,61.957317,10
arabis,14.75051,66.03269,10
arabis,11.028783,46.848383,10
arabis,10.671,63.434,10
arabis,14.55389,47.08889,10
arabis,-4.93,43.17,10
arabis,-4.8,43.14,10
arabis,14.04,37.86,10
arabis,1.11,42.57,10
arabis,0.99,42.48,10
arabis,1.15,42.19,10
arabis,8.65515,47.0121,10
arabis,9.184,47.09524,10
arabis,8.85002,46.9199,10
arabis,12.73,47.24,10
arabis,12.12,47.19,10
arabis,13.02,47.11,10
arabis,13.02,47.81,10
arabis,13.36,47.14,10
arabis,12.26,47.13,10
arabis,12.97,47.8,10
arabis,13.06,47.07,10
arabis,13.15,47.24,10
arabis,12.29,47.17,10
arabis,13.38,47.16,10
arabis,13.18,47.77,10
arabis,13.5,47.27,10
arabis,13.03,47.83,10
arabis,13.41,47.13,10
arabis,13.39,47.14,10
arabis,12.66,47.22,10
arabis,12.3,47.18,10
arabis,13.21,47.44,10
arabis,12.84,47.08,10
arabis,12.78,47.17,10
arabis,12.77,47.46,10
arabis,12.83,47.12,10
arabis,13.07,47.73,10
arabis,12.25,47.2,10
arabis,13.42,47.77,10
arabis,13.23,47.55,10
arabis,13.14,47.63,10
arabis,13.01,47.84,10
arabis,13.29,47.56,10
arabis,13.24,47.56,10
arabis,12.81,47.22,10
arabis,12.97,47.1,10
arabis,13.09,47.69,10
arabis,12.27,47.14,10
arabis,12.73,47.63,10
arabis,12.95,47.13,10
arabis,13.42,47.65,10
arabis,13.31,47.81,10
arabis,12.99,47.06,10
arabis,12.6,47.22,10
arabis,13.28,47.55,10
arabis,13.4,47.65,10
arabis,12.28,47.13,10
arabis,12.71,47.19,10
arabis,12.76,47.62,10
arabis,13.11,47.82,10
arabis,12.75,47.66,10
arabis,13.18,47.78,10
arabis,13.03,47.06,10
arabis,12.73,47.17,10
arabis,12.11,47.18,10
arabis,12.11,47.2,10
arabis,13.46,47.72,10
arabis,12.28,47.12,10
arabis,13.15,47.26,10
arabis,13.38,47.12,10
arabis,12.11,47.15,10
arabis,13.05,47.15,10
arabis,13.28,47.48,10
arabis,13.44,47.77,10
arabis,13.16,47.95,10
arabis,13.43,47.76,10
arabis,12.78,47.13,10
arabis,13.14,47.66,10
arabis,12.86,47.17,10
arabis,12.45,47.07,10
arabis,12.28,46.95,10
arabis,12.11,47.14,10
arabis,13.26,46.99,10
arabis,12.4,46.96,10
arabis,12.83,47.01,10
arabis,12.83,47,10
arabis,12.46,47.06,10
arabis,12.5,47.08,10
arabis,12.77,47.08,10
arabis,12.09,47.16,10
arabis,12.75,47.08,10
arabis,12.08,47.17,10
arabis,12.93,47.14,10
arabis,12.31,46.98,10
arabis,12.71,47.09,10
arabis,12.24,47.02,10
arabis,12.48,47.11,10
arabis,12.23,47.18,10
arabis,12.78,47.21,10
arabis,13.22,46.98,10
arabis,12.4,46.95,10
arabis,12.47,47.19,10
arabis,12.08,47.18,10
arabis,12.61,47.04,10
arabis,13.28,46.99,10
arabis,12.27,46.97,10
arabis,13.24,46.99,10
arabis,12.11,47.17,10
arabis,12.14,47,10
arabis,12.96,47.09,10
arabis,12.66,47.04,10
arabis,12.62,47.06,10
arabis,12.14,46.99,10
arabis,12.75,47.06,10
arabis,18.44003,68.3797,10
arabis,20.25373,68.99454,10
arabis,20.3605,68.91245,10
arabis,20.38058,68.89112,10
arabis,20.2072,68.98102,10
arabis,-1.68,40.27,10
arabis,-2.13,40.54,10
arabis,-1.94,40.59,10
arabis,-6.228522,57.244394,10
arabis,8.39697,47.28441,10
arabis,7.21284,45.98384,10
arabis,10.0811,46.58308,10
arabis,8.52093,46.87851,10
arabis,7.92373,46.11796,10
arabis,10.00523,46.35981,10
arabis,9.18546,47.14021,10
arabis,7.66521,46.16375,10
arabis,8.51733,46.69861,10
arabis,7.80276,47.37776,10
arabis,8.91937,47.05398,10
arabis,9.31725,47.13813,10
arabis,8.71342,46.69659,10
arabis,9.55589,46.50408,10
arabis,9.10834,46.78147,10
arabis,10.14855,46.6265,10
arabis,7.53582,46.20891,10
arabis,7.21076,46.47859,10
arabis,8.06337,47.01685,10
arabis,7.60047,46.16386,10
arabis,9.75893,46.6801,10
arabis,7.53574,46.16393,10
arabis,6.48751,46.87965,10
arabis,10.35154,46.75651,10
arabis,8.97486,46.69337,10
arabis,7.27519,46.70359,10
arabis,7.40546,47.46827,10
arabis,9.38641,47.22695,10
arabis,7.53785,47.33332,10
arabis,7.20729,47.28816,10
arabis,7.47101,46.16397,10
arabis,7.73066,46.29854,10
arabis,7.34195,45.93905,10
arabis,9.67868,46.32174,10
arabis,7.14663,46.29853,10
arabis,9.02174,46.06291,10
arabis,8.77544,46.56093,10
arabis,8.06811,47.42159,10
arabis,8.05511,46.29723,10
arabis,8.5789,46.51809,10
arabis,7.08233,46.20839,10
arabis,9.49248,46.55024,10
arabis,7.79822,46.70315,10
arabis,8.9723,46.60343,10
arabis,7.14195,47.15308,10
arabis,7.92293,46.028,10
arabis,9.36054,46.50755,10
arabis,8.38976,46.87967,10
arabis,7.21302,45.93886,10
arabis,7.66671,46.52357,10
arabis,9.32041,47.22805,10
arabis,9.08906,46.15192,10
arabis,9.84025,47.0384,10
arabis,7.53543,45.98402,10
arabis,7.53558,46.07398,10
arabis,9.36534,46.64245,10
arabis,9.31096,46.95828,10
arabis,9.88143,46.49754,10
arabis,6.618,46.92565,10
arabis,7.07572,47.19787,10
arabis,9.10002,46.51166,10
arabis,8.5846,46.78792,10
arabis,8.85239,47.00984,10
arabis,8.32049,46.65533,10
arabis,7.92775,46.56773,10
arabis,9.61378,46.323,10
arabis,8.58652,46.87787,10
arabis,8.51196,46.42877,10
arabis,9.37825,47.00215,10
arabis,9.75315,46.54523,10
arabis,7.72994,46.1636,10
arabis,8.91565,46.91907,10
arabis,8.12797,46.92652,10
arabis,8.32269,46.79025,10
arabis,9.08634,46.06198,10
arabis,8.12056,46.34184,10
arabis,8.84064,46.56014,10
arabis,8.89614,46.19956,10
arabis,7.92735,46.52275,10
arabis,7.01081,47.06272,10
arabis,8.13437,47.42122,10
arabis,6.94208,47.37726,10
arabis,7.27735,45.98395,10
arabis,8.58844,46.96781,10
arabis,8.58748,46.92284,10
arabis,7.07602,47.1529,10
arabis,7.1412,47.288,10
arabis,8.06232,46.9269,10
arabis,8.32491,46.92517,10
arabis,7.72898,45.98369,10
arabis,7.66633,46.43362,10
arabis,7.0751,47.28781,10
arabis,8.51375,46.51872,10
arabis,6.81232,47.15176,10
arabis,6.87587,47.37696,10
arabis,7.33923,47.42326,10
arabis,10.15533,46.76135,10
arabis,7.14069,47.37795,10
arabis,8.84766,46.82996,10
arabis,7.01009,47.15267,10
arabis,6.35904,46.74357,10
arabis,7.27297,47.42318,10
arabis,7.20788,47.15324,10
arabis,10.15306,46.7164,10
arabis,7.21133,46.34366,10
arabis,7.14614,46.38849,10
arabis,9.23926,46.77948,10
arabis,10.06798,46.31336,10
arabis,6.10517,46.42599,10
arabis,6.68174,47.06102,10
arabis,7.27749,45.93897,10
arabis,7.93559,47.42224,10
arabis,9.77254,46.9948,10
arabis,6.87824,47.1521,10
arabis,7.14687,46.25355,10
arabis,9.11674,47.05126,10
arabis,6.95074,46.43279,10
arabis,7.7935,45.98351,10
arabis,7.34163,46.11896,10
arabis,7.34098,46.47878,10
arabis,10.00736,46.40476,10
arabis,7.34065,46.65869,10
arabis,8.05664,46.43216,10
arabis,8.90583,46.55932,10
arabis,8.71768,46.87648,10
arabis,8.05358,46.1623,10
arabis,8.70919,46.5167,10
arabis,6.74755,47.06143,10
arabis,9.49419,46.5952,10
arabis,7.60128,46.43373,10
arabis,7.66595,46.34366,10
arabis,10.42191,46.84471,10
arabis,9.69737,46.77133,10
arabis,6.5531,46.88018,10
arabis,8.11887,46.20691,10
arabis,8.4545,46.83413,10
arabis,7.92898,46.70266,10
arabis,9.61739,46.41292,10
arabis,7.40603,46.56877,10
arabis,9.25441,47.22911,10
arabis,8.0618,46.88193,10
arabis,9.74739,46.41035,10
arabis,6.95317,46.16293,10
arabis,6.36084,46.65362,10
arabis,7.1476,46.11862,10
arabis,6.94333,47.24235,10
arabis,7.40561,47.24341,10
arabis,6.4883,46.83468,10
arabis,8.60208,47.59735,10
arabis,6.94291,47.28732,10
arabis,8.91319,46.82914,10
arabis,7.92857,46.65768,10
arabis,7.14145,47.24303,10
arabis,7.21152,46.29868,10
arabis,10.00949,46.44971,10
arabis,10.35641,46.8464,10
arabis,7.08203,46.25337,10
arabis,9.37501,46.91223,10
arabis,7.6047,47.5581,10
arabis,8.91196,46.78417,10
arabis,7.21,46.6585,10
arabis,9.90601,47.037,10
arabis,9.24377,46.91437,10
arabis,6.94417,47.1524,10
arabis,8.77767,46.65087,10
arabis,8.11831,46.16193,10
arabis,9.1767,46.87042,10
arabis,9.68612,46.50158,10
arabis,8.98387,47.00814,10
arabis,8.78552,46.96566,10
arabis,9.09727,46.42173,10
arabis,9.10417,46.64656,10
arabis,9.24832,47.04926,10
arabis,9.94445,46.45117,10
arabis,9.62828,46.68269,10
arabis,8.52184,46.92348,10
arabis,8.00281,47.51187,10
arabis,7.73284,46.70333,10
arabis,8.45535,46.87911,10
arabis,7.66539,46.20873,10
arabis,7.27574,46.52368,10
arabis,6.74814,47.01646,10
arabis,8.71024,46.56168,10
arabis,8.1251,46.70165,10
arabis,8.38266,46.4749,10
arabis,7.99068,46.34255,10
arabis,9.29695,46.5536,10
arabis,7.20749,47.24318,10
arabis,7.33931,47.37829,10
arabis,7.67035,47.3781,10
arabis,9.88753,46.63241,10
arabis,7.73211,46.5684,10
arabis,8.25721,46.79074,10
arabis,7.27682,46.16386,10
arabis,7.33957,47.24337,10
arabis,7.4717,47.33336,10
arabis,8.05973,46.70202,10
arabis,8.05613,46.38719,10
arabis,10.0031,46.31485,10
arabis,8.39778,47.32938,10
arabis,7.20768,47.19821,10
arabis,6.87918,47.06215,10
arabis,7.40617,46.34388,10
arabis,7.14094,47.33298,10
arabis,8.12625,46.7916,10
arabis,7.1417,47.19806,10
arabis,7.14541,46.52342,10
arabis,7.47167,47.28839,10
arabis,7.27311,47.37821,10
arabis,7.07479,47.33278,10
arabis,7.92333,46.07298,10
arabis,7.01045,47.10769,10
arabis,7.27722,46.02893,10
arabis,7.01615,46.38807,10
arabis,7.0165,46.3431,10
arabis,7.27381,47.15335,10
arabis,9.30783,46.86835,10
arabis,8.38817,46.78972,10
arabis,7.66614,46.38864,10
arabis,7.1459,46.43346,10
arabis,6.88753,46.25258,10
arabis,7.40552,47.37833,10
arabis,7.21095,46.43361,10
arabis,7.40555,47.33336,10
arabis,7.00937,47.24261,10
arabis,9.24227,46.86941,10
arabis,7.79703,46.52324,10
arabis,8.90828,46.64926,10
arabis,8.05921,46.65705,10
arabis,7.53606,46.34385,10
arabis,9.62282,46.54781,10
arabis,9.76669,46.85993,10
arabis,8.51019,46.33882,10
arabis,8.84884,46.87493,10
arabis,10.01162,46.49467,10
arabis,8.97103,46.55846,10
arabis,7.98795,46.07269,10
arabis,6.74929,46.92651,10
arabis,7.53638,46.52376,10
arabis,10.2909,46.84805,10
arabis,7.00901,47.28759,10
arabis,8.45365,46.78916,10
arabis,10.2814,46.66826,10
arabis,7.4062,46.2989,10
arabis,10.41445,46.70987,10
arabis,9.15944,46.33082,10
arabis,7.92533,46.29787,10
arabis,7.2071,47.33313,10
arabis,6.87777,47.19707,10
arabis,7.47165,47.24341,10
arabis,7.33948,47.28835,10
arabis,7.5381,47.46823,10
arabis,7.40558,47.28838,10
arabis,6.4891,46.78971,10
arabis,9.8183,46.54388,10
arabis,10.2161,46.66987,10
arabis,8.96975,46.51349,10
arabis,7.99389,46.65738,10
arabis,7.01755,46.20816,10
arabis,7.98931,46.20762,10
arabis,9.11393,46.96133,10
arabis,7.66996,47.28816,10
arabis,9.23476,46.64458,10
arabis,8.97999,46.87324,10
arabis,10.06581,46.26841,10
arabis,8.4562,46.92408,10
arabis,7.3409,46.52376,10
arabis,9.4959,46.64016,10
arabis,7.60168,46.56866,10
arabis,9.6301,46.72765,10
arabis,8.38659,46.69978,10
arabis,7.2756,46.56866,10
arabis,7.60101,46.34377,10
arabis,9.52016,47.2696,10
arabis,9.3141,47.04821,10
arabis,9.11253,46.91637,10
arabis,6.82371,46.16229,10
arabis,9.38314,47.13703,10
arabis,7.40628,46.16397,10
arabis,6.81389,47.01684,10
arabis,7.53777,47.28835,10
arabis,7.99528,46.79231,10
arabis,7.40595,46.70371,10
arabis,9.57541,46.99865,10
arabis,6.87871,47.10713,10
arabis,9.01525,45.83807,10
arabis,6.94458,47.10743,10
arabis,6.55161,46.97013,10
arabis,7.27367,47.19832,10
arabis,7.00755,47.46747,10
arabis,7.27325,47.33324,10
arabis,7.2069,47.3781,10
arabis,7.27353,47.2433,10
arabis,9.94653,46.49612,10
arabis,6.82167,46.3422,10
arabis,6.89056,44.52861,10
arabis,16.70497,67.31819,10
arabis,10.4,47.5,10
arabis,7.937593,46.116764,10
arabis,10.027113,46.380736,10
arabis,10.98833,47.45667,10
arabis,12.826538,47.08415,10
arabis,7.747534,46.568207,10
arabis,-6.912599,42.509109,10
arabis,12.70106,62.88911,10
arabis,15.596714,47.699367,10
arabis,11.658436,47.097061,10
arabis,-21.49333,65.80889,10
arabis,-4,43,10
arabis,6.58246,44.8379,10
arabis,6.575,44.32595,10
arabis,6.24371,44.10606,10
arabis,6.28364,45.06006,10
arabis,6.69674,44.46252,10
arabis,6.65036,44.83937,10
arabis,7.54051,44.0998,10
arabis,6.97223,44.10845,10
arabis,6.80349,44.65264,10
arabis,6.41968,44.43222,10
arabis,6.8561,44.7671,10
arabis,6.49014,43.84487,10
arabis,5.94845,44.34454,10
arabis,6.7866,44.38763,10
arabis,6.08851,44.61096,10
arabis,6.96794,44.77472,10
arabis,5.77462,43.35856,10
arabis,6.50306,43.7036,10
arabis,6.4118,43.70055,10
arabis,6.82068,44.55902,10
arabis,6.26328,44.66378,10
arabis,7.19595,44.11291,10
arabis,6.67038,44.31912,10
arabis,7.1162,43.93769,10
arabis,6.81339,44.13771,10
arabis,6.87518,44.08824,10
arabis,6.78941,43.77814,10
arabis,7.37353,44.05631,10
arabis,7.30278,44.10217,10
arabis,6.91961,43.86363,10
arabis,6.17392,43.88788,10
arabis,6.72228,44.76426,10
arabis,6.19405,44.24759,10
arabis,6.92579,43.95351,10
arabis,6.69439,44.23189,10
arabis,6.47177,44.6897,10
arabis,6.18609,44.9346,10
arabis,6.76527,44.85332,10
arabis,5.95785,44.52445,10
arabis,6.63548,44.72468,10
arabis,6.53318,45.25132,10
arabis,7.03474,45.4249,10
arabis,6.30447,43.72853,10
arabis,6.84994,44.44437,10
arabis,7.0566,44.03885,10
arabis,6.37144,45.19918,10
arabis,6.27295,44.7456,10
arabis,6.29824,43.88419,10
arabis,6.49813,44.37127,10
arabis,5.88556,44.59037,10
arabis,5.56332,44.31218,10
arabis,6.4829,44.86958,10
arabis,5.89085,44.68478,10
arabis,6.61517,44.95548,10
arabis,5.70632,44.53091,10
arabis,5.18915,44.18218,10
arabis,5.83831,44.08275,10
arabis,6.6617,44.17242,10
arabis,5.31418,44.17961,10
arabis,6.62665,44.26188,10
arabis,6.63885,45.15176,10
arabis,6.84994,44.67718,10
arabis,6.65959,43.6925,10
arabis,6.24294,44.81661,10
arabis,6.57602,45.23114,10
arabis,5.94377,44.25459,10
arabis,6.70614,44.41172,10
arabis,6.58068,44.41588,10
arabis,6.48954,44.10741,10
arabis,6.71577,45.42875,10
arabis,6.19912,44.33753,10
arabis,6.09344,44.70092,10
arabis,6.36269,43.87451,10
arabis,7.43031,44.02435,10
arabis,7.03747,43.76922,10
arabis,6.71373,44.59265,10
arabis,7.18119,44.03416,10
arabis,7.00336,45.47847,10
arabis,7.42332,43.93449,10
arabis,7.23881,43.92753,10
arabis,5.83619,45.3218,10
arabis,5.81415,44.16792,10
arabis,6.82326,43.77694,10
arabis,6.91345,43.77375,10
arabis,6.7895,45.69568,10
arabis,6.03468,44.98672,10
arabis,6.23551,45.93615,10
arabis,7.55483,44.01923,10
arabis,6.64828,43.86029,10
arabis,6.8985,45.44437,10
arabis,6.9046,45.43527,10
arabis,6.79538,43.86803,10
arabis,6.42359,45.12317,10
arabis,6.46395,44.21333,10
arabis,6.59881,45.04411,10
arabis,6.98414,45.47104,10
arabis,5.87772,45.37995,10
arabis,5.48243,45.16671,10
arabis,5.62794,44.26151,10
arabis,7.09957,45.45713,10
arabis,6.43346,46.13295,10
arabis,5.92707,45.04819,10
arabis,6.53964,45.76913,10
arabis,6.82486,45.33858,10
arabis,6.69911,45.70959,10
arabis,6.46288,45.99506,10
arabis,5.25339,45.80215,10
arabis,6.54811,45.72756,10
arabis,6.20484,45.91578,10
arabis,6.64953,45.25455,10
arabis,6.25074,45.23709,10
arabis,6.29864,46.04682,10
arabis,5.98069,44.95881,10
arabis,6.46984,44.9957,10
arabis,7.01442,45.21224,10
arabis,5.90662,45.42002,10
arabis,6.4941,45.04948,10
arabis,6.24445,44.9289,10
arabis,6.91268,45.42647,10
arabis,6.28787,45.86688,10
arabis,6.50537,45.22939,10
arabis,6.77211,45.40099,10
arabis,6.83415,46.30043,10
arabis,6.36107,44.61065,10
arabis,5.8752,44.78335,10
arabis,6.66817,45.76502,10
arabis,6.12884,44.74082,10
arabis,6.55121,45.94904,10
arabis,6.48334,44.64228,10
arabis,5.79081,46.24067,10
arabis,6.17462,46.14048,10
arabis,6.1233,44.99499,10
arabis,6.14368,45.60062,10
arabis,6.81532,46.0306,10
arabis,6.41108,45.77309,10
arabis,5.34764,44.98947,10
arabis,6.57457,46.30887,10
arabis,6.82158,46.12054,10
arabis,6.44476,46.31287,10
arabis,7.04561,45.29195,10
arabis,5.71497,44.71085,10
arabis,5.38208,45.79951,10
arabis,6.28252,45.7769,10
arabis,6.92401,45.93126,10
arabis,6.11335,45.06078,10
arabis,5.72368,44.89081,10
arabis,6.82785,46.21048,10
arabis,6.1488,45.6906,10
arabis,11.845,46.430556,10
arabis,7.703462,46.15688,10
arabis,10.244545,46.66824,10
arabis,9.219087,46.49139,10
arabis,10.134097,46.732851,10
arabis,7.729716,46.050479,10
arabis,7.941465,46.090637,10
arabis,8.804869,46.759305,10
arabis,10.103161,46.644911,10
arabis,8.951577,46.782782,10
arabis,9.038771,46.538107,10
arabis,8.950263,46.608948,10
arabis,9.282357,46.508782,10
arabis,8.614032,47.201145,10
arabis,12.877612,46.754664,10
arabis,1.85,42.31,10
arabis,2.10849,42.45479,10
arabis,7.40684,47.45654,10
arabis,-0.41969,42.89222,10
arabis,0.28393,42.89931,10
arabis,7.704904,61.558482,10
arabis,7.468315,61.519756,10
arabis,8.100792,61.706113,10
arabis,8.368606,61.778439,10
arabis,7.499397,61.499004,10
arabis,8.110952,61.714526,10
arabis,7.458927,61.891012,10
arabis,8.72684,62.653376,10
arabis,11.862138,61.771057,10
arabis,12.060336,62.973117,10
arabis,10.610398,62.123663,10
arabis,9.678365,62.454524,10
arabis,11.918065,61.760895,10
arabis,12.003246,63.528818,10
arabis,12.072676,63.440437,10
arabis,10.40333,62.206718,10
arabis,10.64921,62.132184,10
arabis,11.037914,62.207822,10
arabis,10.061483,62.326458,10
arabis,9.643273,62.625238,10
arabis,10.966906,62.29864,10
arabis,11.709918,61.765166,10
arabis,9.8857,62.255874,10
arabis,12.110002,63.468141,10
arabis,9.736284,62.445254,10
arabis,8.258823,62.642707,10
arabis,10.669365,62.149899,10
arabis,20.943862,69.910229,10
arabis,9.501463,62.60303,10
arabis,15.33099,67.894596,10
arabis,8.311662,61.554533,10
arabis,6.116979,60.448586,10
arabis,15.742625,67.303058,10
arabis,15.55989,67.017359,10
arabis,15.127351,67.013135,10
arabis,15.808373,67.408327,10
arabis,16.046597,67.394899,10
arabis,15.985143,67.115101,10
arabis,16.677484,68.001517,10
arabis,16.064177,67.332105,10
arabis,8.206928,61.695837,10
arabis,15.657303,67.177886,10
arabis,15.938934,67.05258,10
arabis,7.063965,60.618621,10
arabis,15.803145,67.602331,10
arabis,15.513618,67.227695,10
arabis,16.165435,67.144229,10
arabis,10.354251,62.719369,10
arabis,15.607689,67.076455,10
arabis,14.475839,67.009946,10
arabis,16.14498,67.151942,10
arabis,15.654473,67.369776,10
arabis,16.188028,67.140188,10
arabis,16.446832,68.152741,10
arabis,14.317439,66.905096,10
arabis,7.557077,62.478023,10
arabis,8.840617,61.558037,10
arabis,20.15506,69.097333,10
arabis,9.786741,62.34738,10
arabis,15.920527,67.112796,10
arabis,15.233559,66.469609,10
arabis,16.167348,67.363955,10
arabis,8.917558,62.027418,10
arabis,14.746834,66.99733,10
arabis,15.731648,66.771572,10
arabis,9.69416,62.725977,10
arabis,15.621218,67.032608,10
arabis,14.250155,66.801396,10
arabis,14.35241,66.776694,10
arabis,16.654217,68.024182,10
arabis,9.093717,61.970267,10
arabis,15.49098,67.394954,10
arabis,14.297631,66.860519,10
arabis,7.361173,62.454178,10
arabis,8.307988,62.611672,10
arabis,15.55185,66.91086,10
arabis,14.617126,67.355393,10
arabis,15.59973,66.812901,10
arabis,15.529491,67.144173,10
arabis,8.829541,61.694065,10
arabis,13.827165,66.959564,10
arabis,15.018448,66.981384,10
arabis,9.301049,62.745228,10
arabis,13.404014,66.027196,10
arabis,15.345875,67.380227,10
arabis,6.989333,60.657633,10
arabis,14.424033,66.959574,10
arabis,7.431969,62.4646,10
arabis,15.045964,66.987211,10
arabis,7.799604,62.639078,10
arabis,15.786023,67.547782,10
arabis,25.188626,69.920156,10
arabis,6.779756,62.384387,10
arabis,15.930364,67.335625,10
arabis,15.035678,66.855075,10
arabis,7.578547,62.440674,10
arabis,15.971399,67.343724,10
arabis,15.116311,66.983674,10
arabis,13.902768,66.972038,10
arabis,14.049768,66.774176,10
arabis,7.909316,62.200102,10
arabis,15.840631,66.762507,10
arabis,7.26481,62.894485,10
arabis,16.744309,68.094491,10
arabis,15.359646,67.180301,10
arabis,15.846048,67.142327,10
arabis,17.178052,68.098542,10
arabis,14.165668,66.777658,10
arabis,14.982237,66.984524,10
arabis,8.64915,61.065446,10
arabis,14.223179,66.780183,10
arabis,16.204476,67.169223,10
arabis,9.618549,62.342852,10
arabis,14.259282,66.985939,10
arabis,16.058859,67.405942,10
arabis,10.739656,62.698289,10
arabis,7.395372,62.467145,10
arabis,16.436762,68.080628,10
arabis,13.613932,65.783666,10
arabis,16.814639,67.953045,10
arabis,7.995716,62.520872,10
arabis,16.289115,68.067942,10
arabis,14.735263,67.090558,10
arabis,16.136006,67.014963,10
arabis,14.252275,66.900592,10
arabis,15.860448,67.043157,10
arabis,9.646397,62.084677,10
arabis,15.370255,66.976065,10
arabis,9.817239,62.271965,10
arabis,7.505532,60.609519,10
arabis,20.077221,69.81885,10
arabis,29.858572,69.70441,10
arabis,14.577627,66.763911,10
arabis,25.368415,69.924588,10
arabis,9.725161,62.410197,10
arabis,14.317448,66.882396,10
arabis,19.138805,69.604042,10
arabis,8.756715,61.825848,10
arabis,14.873182,66.799772,10
arabis,14.883647,67.039562,10
arabis,15.474774,66.824987,10
arabis,17.2385,68.102224,10
arabis,9.504382,61.679634,10
arabis,8.583708,61.803348,10
arabis,14.323044,66.85278,10
arabis,16.679029,68.05255,10
arabis,15.657626,66.789085,10
arabis,15.150078,66.977232,10
arabis,7.014001,59.949279,10
arabis,16.478184,68.080669,10
arabis,9.301004,62.350248,10
arabis,15.745006,67.324522,10
arabis,13.92174,66.980825,10
arabis,15.349971,67.015493,10
arabis,14.078909,66.833651,10
arabis,15.456727,67.198282,10
arabis,16.049894,66.944726,10
arabis,15.580183,67.141305,10
arabis,15.145991,67.039849,10
arabis,7.20554,62.892017,10
arabis,14.272739,66.776932,10
arabis,16.056766,67.07961,10
arabis,13.813709,66.50901,10
arabis,13.568558,68.216526,10
arabis,8.667341,61.049817,10
arabis,15.702857,67.942535,10
arabis,15.920006,67.038338,10
arabis,13.788286,66.691414,10
arabis,8.021381,62.474673,10
arabis,7.960861,62.433903,10
arabis,8.609355,61.799952,10
arabis,14.542835,67.162784,10
arabis,14.017806,66.772188,10
arabis,25.230945,69.925186,10
arabis,13.948923,66.988183,10
arabis,10.31504,62.761037,10
arabis,14.052624,66.900782,10
arabis,7.286882,62.482016,10
arabis,14.120223,66.882061,10
arabis,9.653395,62.474216,10
arabis,14.88088,68.361393,10
arabis,9.816358,62.175927,10
arabis,15.576248,66.976258,10
arabis,14.25895,66.974277,10
arabis,15.859145,67.340685,10
arabis,17.654509,68.434192,10
arabis,10.344379,63.018392,10
arabis,15.527389,66.883535,10
arabis,15.762936,67.212082,10
arabis,16.303659,67.114406,10
arabis,7.960556,62.520793,10
arabis,8.159604,61.554935,10
arabis,9.340916,62.745133,10
arabis,9.041013,61.756499,10
arabis,16.010808,67.119803,10
arabis,15.839266,67.0953,10
arabis,9.227189,62.662354,10
arabis,9.648778,62.301455,10
arabis,14.22034,65.598936,10
arabis,7.657913,62.451067,10
arabis,16.391559,67.208978,10
arabis,7.260975,62.510425,10
arabis,8.786107,61.73262,10
arabis,15.444142,68.526872,10
arabis,9.668154,62.771265,10
arabis,14.293678,66.913621,10
arabis,15.907547,66.997519,10
arabis,10.520521,62.681753,10
arabis,14.088485,66.750408,10
arabis,15.770904,67.305661,10
arabis,15.757986,67.146842,10
arabis,15.884469,67.675528,10
arabis,16.115129,67.170174,10
arabis,10.694785,62.772634,10
arabis,14.142213,66.788703,10
arabis,15.15528,67.073211,10
arabis,16.201862,67.116757,10
arabis,16.003361,67.409187,10
arabis,16.56877,68.837053,10
arabis,15.862361,67.410594,10
arabis,13.878109,66.920348,10
arabis,16.821115,67.977829,10
arabis,14.900131,67.025355,10
arabis,9.284313,62.730324,10
arabis,14.874879,67.024797,10
arabis,10.792243,62.684829,10
arabis,8.893375,62.037175,10
arabis,10.676423,62.778736,10
arabis,14.846861,67.099229,10
arabis,25.19566,69.929197,10
arabis,14.592997,65.85655,10
arabis,9.736812,62.789012,10
arabis,16.08367,67.387685,10
arabis,15.89144,67.171955,10
arabis,7.975683,62.45358,10
arabis,15.585303,67.922589,10
arabis,17.054902,68.092044,10
arabis,16.093624,67.067744,10
arabis,6.774546,60.306441,10
arabis,15.025275,66.936172,10
arabis,15.445597,66.910743,10
arabis,14.208536,66.769758,10
arabis,8.889971,61.552877,10
arabis,7.164684,59.808864,10
arabis,6.975095,61.273288,10
arabis,15.968264,67.068833,10
arabis,6.766443,60.292568,10
arabis,19.620212,68.983667,10
arabis,7.167092,59.862782,10
arabis,15.529976,67.387001,10
arabis,7.976698,62.202503,10
arabis,14.139662,64.222485,10
arabis,9.561883,62.712221,10
arabis,16.071372,67.363007,10
arabis,16.038584,67.339941,10
arabis,14.171139,66.787152,10
arabis,9.673544,62.299784,10
arabis,15.8402,67.188595,10
arabis,14.47238,66.77786,10
arabis,9.38679,46.9591,10
arabis,45.66528,39.74667,10
arabis,13.48861,46.35167,10
arabis,24.22861,48.20194,10
arabis,23.9,35.3,10
arabis,1.03,42.49,10
arabis,7.30543,44.2433,10
arabis,3.37307,50.59956,10
arabis,3.84139,50.40482,10
arabis,3.77117,50.39549,10
arabis,16.57453,67.30121,10
arabis,25.187234,67.734262,10
arabis,25.736611,67.631827,10
arabis,8.348974,59.828579,10
arabis,-2.41,38.465,10
arabis,8.5842,60.9878,10
arabis,26.117663,69.391667,10
arabis,26.956339,69.931739,10
arabis,7.2452,62.347513,10
arabis,7.224961,62.455911,10
arabis,7.211666,62.436309,10
arabis,7.105719,62.417968,10
arabis,7.037636,62.353649,10
arabis,6.849636,62.406548,10
arabis,7.236082,62.469799,10
arabis,7.091714,62.394279,10
arabis,7.279794,62.362322,10
arabis,7.166131,62.424743,10
arabis,29.651207,66.205816,10
arabis,18.75088,68.35733,10
arabis,-3.516,37.735,10
arabis,7.003859,62.344841,10
arabis,7.031186,62.409511,10
arabis,7.046358,62.425217,10
arabis,7.055557,62.400544,10
arabis,-4.61,43.209999,10
arabis,-4.73,43.110001,10
arabis,7.073101,62.419104,10
arabis,21.092547,69.221114,10
arabis,11.48,47.62,10
arabis,11.49,47.66,10
arabis,11.46,47.65,10
arabis,11.05,47.44,10
arabis,7.187115,62.430926,10
arabis,7.18928,62.439876,10
arabis,7.205081,62.452226,10
arabis,7.190699,62.411408,10
arabis,2.440371,41.788992,10
arabis,2.44045,41.779985,10
arabis,2.404018,41.81583,10
arabis,2.392064,41.80676,10
arabis,2.379939,41.815702,10
arabis,2.379852,41.824709,10
arabis,-5.1392,35.1436,10
arabis,-6.4167,42.9949,10
arabis,-4.1178,40.9318,10
arabis,21.5372,40.4033,10
arabis,22.267222,37.655278,10
arabis,22.189444,37.997222,10
arabis,44.1797,40.4928,10
arabis,-1.6961,40.2542,10
arabis,-1.6956,40.2813,10
arabis,-2.7331,42.0942,10
arabis,23.616111,41.572222,10
arabis,-4.1657,42.9398,10
arabis,33.7833,67.6333,10
arabis,1.452778,42.547778,10
arabis,13.4203,42.6575,10
arabis,13.25,37.9833,10
arabis,46.21,39.0167,10
arabis,-2.082,42.9421,10
arabis,14.35083,47.25087,10
arabis,13.93278,47.51889,10
arabis,23.90694,35.31111,10
arabis,14.50889,46.53444,10
arabis,10.36194,47.28472,10
arabis,11.85833,46.44583,10
arabis,11.73833,46.51611,10
arabis,14.70194,47.64889,10
arabis,7.017846,62.361443,10
arabis,7.27277,62.386661,10
arabis,15.86423,67.761241,10
arabis,15.515603,67.03388,10
arabis,14.187327,66.896056,10
arabis,10.54,47.52,10
arabis,12.87,47.77,10
arabis,10.29,47.37,10
arabis,9.96,47.52,10
arabis,12.71,47.72,10
arabis,10.37,47.47,10
arabis,10.87,47.62,10
arabis,10.62,47.57,10
arabis,12.79,47.67,10
arabis,10.12,47.37,10
arabis,12.12,47.72,10
arabis,12.79,47.52,10
arabis,10.79,47.57,10
arabis,12.87,47.52,10
arabis,10.12,47.47,10
arabis,10.54,47.62,10
arabis,13.04,47.52,10
arabis,10.46,47.42,10
arabis,11.29,47.52,10
arabis,12.04,47.72,10
arabis,12.04,47.67,10
arabis,10.79,47.62,10
arabis,10.37,47.42,10
arabis,10.29,47.42,10
arabis,10.46,47.52,10
arabis,10.37,47.57,10
arabis,11.21,47.52,10
arabis,12.79,47.57,10
arabis,10.46,47.47,10
arabis,12.79,47.72,10
arabis,10.21,47.37,10
arabis,12.96,47.57,10
arabis,10.46,47.57,10
arabis,10.87,47.52,10
arabis,12.12,47.62,10
arabis,12.04,47.62,10
arabis,10.87,47.57,10
arabis,12.21,47.72,10
arabis,12.29,47.67,10
arabis,11.21,47.57,10
arabis,11.12,47.47,10
arabis,11.29,47.57,10
arabis,13.04,47.72,10
arabis,10.29,47.32,10
arabis,10.21,47.27,10
arabis,10.71,47.52,10
arabis,12.96,47.52,10
arabis,10.21,47.42,10
arabis,10.29,47.27,10
arabis,10.46,47.37,10
arabis,10.21,47.32,10
arabis,12.79,47.62,10
arabis,10.37,47.37,10
arabis,10.37,47.32,10
arabis,12.87,47.57,10
arabis,10.71,47.57,10
arabis,11.12,47.42,10
arabis,12.29,47.77,10
arabis,12.37,47.77,10
arabis,12.96,47.62,10
arabis,13.04,47.67,10
arabis,10.79,47.52,10
arabis,12.96,47.72,10
arabis,12.21,47.77,10
arabis,10.04,47.47,10
arabis,12.29,47.72,10
arabis,10.04,47.52,10
arabis,10.29,47.47,10
arabis,10.12,47.42,10
arabis,10.04,47.42,10
arabis,12.87,47.72,10
arabis,12.71,47.67,10
arabis,13.04,47.57,10
arabis,10.21,47.47,10
arabis,10.96,47.62,10
arabis,12.96,47.67,10
arabis,10.37,47.52,10
arabis,12.87,47.62,10
arabis,12.87,47.67,10
arabis,13.04,47.47,10
arabis,12.96,47.47,10
arabis,13.04,47.62,10
arabis,12.37,47.72,10
arabis,10.12,47.52,10
arabis,12.12,47.67,10
arabis,10.29,47.57,10
arabis,10.21,47.52,10
arabis,12.79,47.77,10
arabis,10.54,47.57,10
arabis,10.29,47.52,10
arabis,11.433774,62.751948,10
arabis,11.908041,61.62456,10
arabis,11.908533,61.780411,10
arabis,11.499166,46.518949,10
arabis,7.126569,62.046398,10
arabis,7.295111,62.061385,10
arabis,11.51,49.61,10
arabis,11.5,49.6,10
arabis,11.42,49.59,10
arabis,7.318019,59.567949,10
arabis,7.238984,59.216595,10
arabis,6.8843,59.8581,10
arabis,-5.5375,42.9057,10
arabis,-6.53,42.331,10
arabis,-6.751,42.264,10
arabis,-6.738,42.273,10
arabis,-5.5535,42.9063,10
arabis,-6.677,42.307,10
arabis,11.358056,47.541944,10
arabis,15.05611,47.78639,10
arabis,13.6925,47.52056,10
arabis,4.4025,51.219444,10
arabis,3.263333,50.830277,10
arabis,22.19722,37.655,10
arabis,22.20667,37.68056,10
arabis,21.73222,38.90139,10
arabis,7.511629,43.842834,10
arabis,7.566303,43.833467,10
arabis,1.77583,42.16194,10
arabis,15.46518,67.371152,10
arabis,19.672566,69.713649,10
arabis,15.366186,67.362994,10
arabis,14.990268,66.681452,10
arabis,17.0089,67.58332,10
arabis,16.55246,67.59843,10
arabis,16.66961,67.58825,10
arabis,16.64377,67.59485,10
arabis,11.92,47.66,10
arabis,11.15,47.53,10
arabis,11.23,47.62,10
arabis,10.85,47.55,10
arabis,12.01,47.64,10
arabis,12,47.65,10
arabis,11.97,47.65,10
arabis,11.29,47.62,10
arabis,11.1,47.56,10
arabis,11.88,47.61,10
arabis,13.03,47.58,10
arabis,11.16,47.54,10
arabis,10.98,47.69,10
arabis,10.99,47.68,10
arabis,11.28,47.41,10
arabis,10.95,47.57,10
arabis,11.9808,61.6851,10
arabis,18.8202,69.659,10
arabis,19.05,68.783,10
arabis,29.712,70.643,10
arabis,8.4977,59.8718,10
arabis,9.3567,62.2986,10
arabis,6.7543,59.4153,10
arabis,11.9986,61.6462,10
arabis,11.8502,61.625,10
arabis,11.9416,61.7705,10
arabis,15.581,77.0142,10
arabis,11.1406,62.4353,10
arabis,8.0833734,61.6389001,10
arabis,9.0270901,61.9741234,10
arabis,12.0186,61.6428,10
arabis,8.5104,60.9786,10
arabis,29.6381,70.5941,10
arabis,21.1018,69.3779,10
arabis,10.0282,62.201,10
arabis,11.1385,62.6777,10
arabis,10.1659,62.3557,10
arabis,12.0078,61.6169,10
arabis,12.383,66.0428,10
arabis,11.7485,61.7097,10
arabis,20.433,69.233,10
arabis,21.2946,69.5256,10
arabis,21.337,69.5332,10
arabis,11.5177,78.9039,10
arabis,7.4987,60.5711,10
arabis,11.7248,62.5733,10
arabis,10.0015,62.379,10
arabis,9.8832,61.5388,10
arabis,13.6539,65.5978,10
arabis,14.3787,65.6824,10
arabis,7.5009,62.4908,10
arabis,6.8772,60.796,10
arabis,30.4567,70.2086,10
arabis,10.7559,62.5336,10
arabis,29.6994,70.6089,10
arabis,13.0566,64.6573,10
arabis,10.2794,63.0684,10
arabis,7.9886,62.4727,10
arabis,9.6367,62.7262,10
arabis,13.0738,65.4031,10
arabis,14.038,65.5954,10
arabis,13.2261,64.8714,10
arabis,12.1359,63.0086,10
arabis,8.162,62.3769,10
arabis,10.549364,47.552547,10
arabis,10.567088,47.561352,10
arabis,11.089763,47.498148,10
arabis,11.413511,47.269668,10
arabis,8.08362,47.4954,10
arabis,8.872318,48.21129,10
arabis,21.407863,69.177673,10
arabis,21.385092,69.167934,10
arabis,21.476301,69.206875,10
arabis,26.547992,69.500892,10
arabis,21.220516,69.216464,10
arabis,25.966424,69.634373,10
arabis,21.275457,69.200305,10
arabis,21.197789,69.206699,10
arabis,21.142777,69.222832,10
arabis,21.120079,69.213058,10
arabis,21.019675,69.209595,10
arabis,21.097401,69.203281,10
arabis,21.069873,69.211334,10
arabis,20.90667,69.070587,10
arabis,21.149995,69.19608,10
arabis,21.077176,69.184584,10
arabis,20.934078,69.062559,10
arabis,22.112707,68.965447,10
arabis,21.419196,69.232021,10
arabis,21.437468,69.259601,10
arabis,21.44205,69.241756,10
arabis,21.469481,69.233643,10
arabis,21.464924,69.251488,10
arabis,21.505933,69.189833,10
arabis,26.909323,69.63726,10
arabis,26.956834,69.689717,10
arabis,21.217813,69.036397,10
arabis,21.645539,69.239208,10
arabis,20.850481,69.051018,10
arabis,21.297192,69.021071,10
arabis,21.36234,69.158191,10
arabis,29.590628,62.311784,10
arabis,21.314569,69.147617,10
arabis,21.334965,69.166287,10
arabis,21.344243,69.130604,10
arabis,21.213378,69.24322,10
arabis,21.208608,69.261057,10
arabis,21.36892,69.230383,10
arabis,21.18584,69.251291,10
arabis,20.889216,69.042956,10
arabis,22.239462,68.726364,10
arabis,21.992935,69.051873,10
arabis,21.433028,68.881615,10
arabis,20.826846,69.085729,10
arabis,21.453468,69.197144,10
arabis,21.583452,69.1833,10
arabis,21.551651,69.209279,10
arabis,21.426077,69.205254,10
arabis,20.851941,68.996601,10
arabis,21.702404,69.213988,10
arabis,21.448906,69.214989,10
arabis,21.299883,69.300092,10
arabis,20.874299,69.00641,10
arabis,21.540427,69.253898,10
arabis,21.512996,69.262022,10
arabis,20.79937,69.093739,10
arabis,21.047214,69.20155,10
arabis,25.74711,68.612152,10
arabis,13.912003,46.299635,10
arabis,15.95592,65.98907,10
arabis,16.79704,67.443,10
arabis,18.32306,68.42122,10
arabis,16.26372,63.10449,10
arabis,14.10424,64.92609,10
arabis,13.86039,64.74459,10
arabis,13.93106,64.73772,10
arabis,12.25214,63.63737,10
arabis,18.28337,68.40633,10
arabis,13.76609,61.61619,10
arabis,12.291977,55.378959,10
arabis,9.199646,56.10059,10
arabis,18.9784,69.6353,10
arabis,16.4268,68.7975,10
arabis,15.4684593,67.3807127,10
arabis,16.6893,68.3649,10
arabis,19.4025,69.637,10
arabis,20.698,70.1312,10
arabis,-23.9228,72.4853,10
arabis,15.3986,67.361,10
arabis,18.9467,69.6977,10
arabis,19.1336,69.628,10
arabis,15.0335,67.1711,10
arabis,17.8521,69.1031,10
arabis,15.7913,67.0363,10
arabis,15.9736982,67.0966047,10
arabis,19.1095,69.6098,10
arabis,15.8746,66.7654,10
arabis,21.0381,69.342,10
arabis,14.8567888,78.6613248,10
arabis,15.1164,78.6605,10
arabis,19.3403,69.7014,10
arabis,30.3703452,70.5332531,10
arabis,31.0984923,70.3709489,10
arabis,19.252,69.7548,10
arabis,23.1241,70.4151,10
arabis,23.0524,70.4204,10
arabis,22.7057,69.8719,10
arabis,15.1607,67.8859,10
arabis,14.5655327,67.1604951,10
arabis,5.61769,44.4447,10
arabis,0.06362,42.89626,10
arabis,-0.5591,42.79326,10
arabis,6.92266,45.19756,10
arabis,5.8036,44.71061,10
arabis,0.04144,42.70196,10
arabis,5.7509,45.31437,10
arabis,18.046034,69.308205,10
arabis,17.24785,68.659943,10
arabis,14.612184,67.173527,10
arabis,15.893467,67.654739,10
arabis,16.688427,68.037435,10
arabis,13.928288,66.229439,10
arabis,1.581,42.585,10
arabis,1.545,42.576,10
arabis,14.09,47.8475,10
arabis,14.54167,52.425,10
arabis,20.16,49.26,10
arabis,45.06139,39.86222,10
arabis,45.32111,39.63111,10
arabis,45.05,39.85,10
arabis,45.36083,39.82583,10
arabis,5.31785,44.26958,10
arabis,6.27718,45.68693,10
arabis,6.02533,45.7841,10
arabis,5.75908,45.61071,10
arabis,6.0155,45.60413,10
arabis,5.88261,45.51751,10
arabis,6.0204,45.69411,10
arabis,6.63853,45.31527,10
arabis,6.75994,45.2211,10
arabis,6.75388,45.13116,10
arabis,6.52814,45.58921,10
arabis,7.14833,45.29751,10
arabis,9.35,42.38333,10
arabis,9.2,42.15,10
arabis,9,41.88333,10
arabis,7.7834,61.4866,10
arabis,8.0522724,61.6372997,10
arabis,-1.62098,43.29539,10
arabis,-0.48644,42.8878,10
arabis,-0.6086,42.88376,10
arabis,-0.60303,42.79393,10
arabis,-0.73075,42.87958,10
arabis,1.54507,44.82463,10
arabis,1.67369,44.73619,10
arabis,-0.6142,42.9736,10
arabis,1.79806,44.82765,10
arabis,1.67156,44.82621,10
arabis,-0.74234,43.05925,10
arabis,-0.37471,43.0714,10
arabis,-0.48105,42.79796,10
arabis,-0.73654,42.96941,10
arabis,-0.61981,43.06344,10
arabis,-0.12469,42.98894,10
arabis,0.25538,42.72938,10
arabis,0.49142,42.9151,10
arabis,0.4953,42.82522,10
arabis,0.00238,42.90256,10
arabis,-0.49727,43.06749,10
arabis,-0.25214,43.07517,10
arabis,0.36506,43.00206,10
arabis,1.23083,42.74994,10
arabis,1.10886,42.74785,10
arabis,1.0971,43.10746,10
arabis,0.85834,42.92305,10
arabis,-0.11022,42.71938,10
arabis,0.01163,42.72285,10
arabis,-0.49185,42.97764,10
arabis,0.62109,42.73813,10
arabis,3.06246,44.11399,10
arabis,1.3477,42.93169,10
arabis,3.06237,44.02398,10
arabis,1.66943,44.91623,10
arabis,2.81379,43.75386,10
arabis,-0.24709,42.98531,10
arabis,0.2426,42.99899,10
arabis,0.00701,42.81271,10
arabis,-1.11619,43.13565,10
arabis,-0.11503,42.80923,10
arabis,2.31508,43.93186,10
arabis,-0.12954,43.07881,10
arabis,-0.24206,42.89546,10
arabis,-0.11985,42.89908,10
arabis,0.37727,42.73244,10
arabis,0.37321,42.8223,10
arabis,-0.36948,42.98155,10
arabis,-0.36426,42.8917,10
arabis,0.11568,43.08566,10
arabis,3.06227,43.93399,10
arabis,1.59242,42.93517,10
arabis,-0.00227,42.99243,10
arabis,3.06217,43.84399,10
arabis,2.93793,43.75401,10
arabis,0.24687,42.90911,10
arabis,0.12906,42.81604,10
arabis,0.12462,42.90591,10
arabis,1.96438,42.66962,10
arabis,0.12016,42.99578,10
arabis,1.5946,42.84526,10
arabis,0.73602,42.92054,10
arabis,1.54274,44.91464,10
arabis,1.79613,44.91768,10
arabis,0.49917,42.73535,10
arabis,1.83898,42.84818,10
arabis,0.1335,42.72619,10
arabis,7.41636,43.84464,10
arabis,7.5405,43.83954,10
arabis,1.96916,42.39996,10
arabis,2.81638,42.94423,10
arabis,2.4534,42.49343,10
arabis,2.20926,42.5818,10
arabis,2.21169,42.40203,10
arabis,3.56306,44.20257,10
arabis,3.43794,44.20314,10
arabis,3.44003,44.47318,10
arabis,2.45001,42.85305,10
arabis,2.32676,42.94228,10
arabis,2.93803,43.66402,10
arabis,2.3278,42.85236,10
arabis,2.57157,42.94354,10
arabis,2.57223,42.85361,10
arabis,2.69445,42.85403,10
arabis,2.44831,43.03291,10
arabis,2.69397,42.94395,10
arabis,3.06197,43.66402,10
arabis,2.32987,42.67253,10
arabis,2.20682,42.76161,10
arabis,2.08338,42.85055,10
arabis,1.95957,42.93935,10
arabis,2.0848,42.76064,10
arabis,2.44916,42.94298,10
arabis,6.29306,43.79428,10
arabis,1.96118,42.84943,10
arabis,5.88881,43.17554,10
arabis,2.20559,42.85152,10
arabis,6.53571,43.6966,10
arabis,6.16395,43.70805,10
arabis,6.28788,43.70437,10
arabis,1.96278,42.75952,10
arabis,6.66535,43.78239,10
arabis,7.54765,43.92938,10
arabis,7.06302,44.12874,10
arabis,7.04383,43.8591,10
arabis,7.67933,44.01397,10
arabis,7.69415,44.19366,10
arabis,6.94446,44.22319,10
arabis,7.1746,43.94429,10
arabis,7.29897,43.93946,10
arabis,7.43731,44.11421,10
arabis,7.31257,44.11919,10
arabis,7.18781,44.12404,10
arabis,7.30576,44.02932,10
arabis,6.80737,44.04781,10
arabis,6.93822,44.13329,10
arabis,6.81943,44.22761,10
arabis,2.8096,45.01407,10
arabis,2.93602,45.46443,10
arabis,2.68215,45.10382,10
arabis,2.68266,45.01378,10
arabis,2.55573,45.01335,10
arabis,2.80929,45.10411,10
arabis,1.435,42.554001,10
arabis,2.45,42.41,10
arabis,2.55501,45.10339,10
arabis,6.06529,46.50395,10
arabis,5.93983,46.59735,10
arabis,6.34242,46.76655,10
arabis,6.07036,46.59392,10
arabis,5.79541,46.33066,10
arabis,6.07544,46.6839,10
arabis,6.35914,47.03641,10
arabis,5.94958,46.77731,10
arabis,6.50238,47.21239,10
arabis,6.10632,47.22369,10
arabis,7.0437,47.37504,10
arabis,5.82799,46.96055,10
arabis,5.9594,46.95725,10
arabis,5.9447,46.68733,10
arabis,6.64045,47.29826,10
arabis,5.97426,47.22716,10
arabis,6.90479,47.28966,10
arabis,6.34797,46.8565,10
arabis,5.82329,46.87057,10
arabis,5.93013,46.41738,10
arabis,6.62829,47.11839,10
arabis,9.11254,42.22918,10
arabis,4.92049,47.33946,10
arabis,5.91571,46.14742,10
arabis,5.9205,46.23741,10
arabis,5.92531,46.3274,10
arabis,6.0552,46.32399,10
arabis,5.9673,44.70438,10
arabis,6.21957,44.69732,10
arabis,6.48849,44.95953,10
arabis,5.96257,44.61441,10
arabis,6.71204,44.50165,10
arabis,6.04,43.71158,10
arabis,6.42255,43.88036,10
arabis,6.4388,44.15011,10
arabis,6.83158,44.40743,10
arabis,6.70026,44.32181,10
arabis,6.31916,44.24388,10
arabis,6.9887,44.85255,10
arabis,6.98232,44.76264,10
arabis,6.79051,45.67082,10
arabis,6.7239,44.6815,10
arabis,6.70437,46.30472,10
arabis,6.29325,45.95685,10
arabis,6.71047,46.39467,10
arabis,6.16942,46.0505,10
arabis,6.938,45.93624,10
arabis,6.36179,44.96344,10
arabis,6.35103,44.78353,10
arabis,6.67112,43.87228,10
arabis,6.34568,44.69358,10
arabis,5.57643,44.44395,10
arabis,6.27185,45.59696,10
arabis,5.95314,44.43449,10
arabis,6.80136,43.95792,10
arabis,6.62682,45.13537,10
arabis,6.65033,45.49516,10
arabis,6.67691,43.96218,10
arabis,6.389,45.41323,10
arabis,6.60938,44.86554,10
arabis,7.03394,45.48203,10
arabis,6.40554,45.68312,10
arabis,5.93447,44.0747,10
arabis,5.69344,44.26101,10
arabis,6.44972,44.32996,10
arabis,6.07379,44.34111,10
arabis,6.55244,43.96629,10
arabis,6.68272,44.05208,10
arabis,6.8438,44.58726,10
arabis,6.18899,44.15766,10
arabis,6.54127,43.78649,10
arabis,6.68855,44.14198,10
arabis,6.30867,44.06403,10
arabis,5.92522,43.89483,10
arabis,6.06892,44.25116,10
arabis,6.41717,43.79046,10
arabis,6.18395,44.06773,10
arabis,6.44425,44.24003,10
arabis,6.90609,45.48655,10
arabis,6.96962,44.58281,10
arabis,6.3672,45.05339,10
arabis,6.88093,45.12681,10
arabis,6.74785,45.04123,10
arabis,6.74183,44.95129,10
arabis,6.62098,45.04543,10
arabis,5.77712,45.97069,10
arabis,5.51486,45.88672,10
arabis,5.70201,44.44094,10
arabis,6.46623,44.59976,10
arabis,6.59211,44.59573,10
arabis,6.38352,45.32327,10
arabis,6.42784,46.04298,10
arabis,6.42224,45.95302,10
arabis,6.22989,44.87724,10
arabis,6.23508,44.9672,10
arabis,7.15504,45.38743,10
arabis,6.91243,45.57649,10
arabis,5.1996,44.45211,10
arabis,5.58879,44.71388,10
arabis,6.56368,44.14612,10
arabis,6.51104,45.31934,10
arabis,7.10195,44.66812,10
arabis,6.97596,44.67272,10
arabis,5.33265,44.6295,10
arabis,5.34387,44.89948,10
arabis,6.46071,44.50982,10
arabis,5.83661,44.61772,10
arabis,6.94444,46.02617,10
arabis,6.56285,46.12896,10
arabis,6.5687,46.21892,10
arabis,6.69222,46.12482,10
arabis,6.77822,45.49093,10
arabis,7.16177,45.47735,10
arabis,5.98639,45.06426,10
arabis,5.61386,45.2538,10
arabis,5.85026,44.88763,10
arabis,6.83768,44.49734,10
arabis,6.3139,44.15395,10
arabis,6.68618,46.03487,10
arabis,6.37806,45.23331,10
arabis,6.45521,44.41989,10
arabis,6.9633,44.4929,10
arabis,6.45043,46.40283,10
arabis,6.78435,45.58087,10
arabis,7.02091,45.30217,10
arabis,6.65626,45.58512,10
arabis,6.55702,46.039,10
arabis,6.16424,45.96053,10
arabis,6.80909,45.94065,10
arabis,6.79668,45.76076,10
arabis,6.80287,45.85071,10
arabis,5.82758,44.43779,10
arabis,6.53388,45.67917,10
arabis,6.51672,45.4093,10
arabis,6.64442,45.40521,10
arabis,6.54541,45.85909,10
arabis,6.41665,45.86305,10
arabis,5.77259,45.8807,10
arabis,5.63513,45.70379,10
arabis,5.63942,45.79378,10
arabis,6.06023,46.41397,10
arabis,5.66111,46.24378,10
arabis,5.64806,45.97378,10
arabis,5.21369,44.81208,10
arabis,5.34012,44.80948,10
arabis,6.30345,43.97411,10
arabis,6.21443,44.60737,10
arabis,5.46653,44.80674,10
arabis,5.43919,44.1769,10
arabis,5.5231,46.06673,10
arabis,5.51897,45.97673,10
arabis,5.73244,45.07078,10
arabis,5.47049,44.89673,10
arabis,5.47446,44.98672,10
arabis,5.47844,45.07672,10
arabis,6.59784,44.68567,10
arabis,6.86228,44.85703,10
arabis,6.73584,44.86136,10
arabis,6.37262,45.14335,10
arabis,6.6036,44.7756,10
arabis,6.49973,45.13943,10
arabis,6.24028,45.05716,10
arabis,6.22472,44.78728,10
arabis,6.58638,44.5058,10
arabis,6.15393,45.78057,10
arabis,5.84569,44.79766,10
arabis,5.85943,45.06759,10
arabis,5.60965,45.16381,10
arabis,6.91879,45.66642,10
arabis,5.65674,46.15378,10
arabis,6.957,44.40299,10
arabis,5.75014,45.43073,10
arabis,5.87795,45.42752,10
arabis,5.85483,44.97761,10
arabis,5.7546,45.52072,10
arabis,5.89199,45.69748,10
arabis,5.99121,45.15423,10
arabis,6.8255,44.31752,10
arabis,5.84114,44.70769,10
arabis,7.02741,45.3921,10
arabis,6.63267,45.22532,10
arabis,6.89347,45.30668,10
arabis,6.76601,45.31105,10
arabis,6.30948,46.22676,10
arabis,6.10835,44.97081,10
arabis,5.78624,46.15068,10
arabis,5.76357,45.70071,10
arabis,6.12844,45.33069,10
arabis,6.11836,45.15075,10
arabis,6.2455,45.14712,10
arabis,5.59709,44.89384,10
arabis,5.80971,44.07797,10
arabis,6.47733,44.77964,10
arabis,6.54684,43.87639,10
arabis,6.69829,46.21477,10
arabis,5.38597,45.88952,10
arabis,6.09839,44.79088,10
arabis,6.12339,45.24072,10
arabis,6.10336,44.88085,10
arabis,6.89977,45.39661,10
arabis,6.88719,45.21675,10
arabis,6.34034,44.60364,10
arabis,6.56933,44.23603,10
arabis,6.6622,45.67507,10
arabis,6.3564,44.87348,10
arabis,5.48644,45.25671,10
arabis,5.97682,44.88431,10
arabis,5.59293,44.80386,10
arabis,5.24973,45.71214,10
arabis,5.87329,45.33754,10
arabis,5.7457,45.34074,10
arabis,5.35142,45.07947,10
arabis,5.97205,44.79434,10
arabis,5.61809,45.3438,10
arabis,5.86403,45.15757,10
arabis,5.74127,45.25075,10
arabis,5.99603,45.24421,10
arabis,5.9816,44.97428,10
arabis,5.35521,45.16947,10
arabis,5.60545,45.07382,10
arabis,5.60126,44.98383,10
arabis,5.56826,44.26401,10
arabis,5.32893,44.53952,10
arabis,5.32522,44.44953,10
arabis,5.45083,44.44681,10
arabis,5.45474,44.53679,10
arabis,5.21725,44.90208,10
arabis,12.39756,62.6859,10
arabis,12.4559,62.72995,10
arabis,25.194997,70.303992,10
arabis,14.438799,65.920455,10
arabis,8.321981,61.610375,10
arabis,7.521088,60.616114,10
arabis,7.477952,60.611356,10
arabis,7.520649,60.651634,10
arabis,7.515185,60.628477,10
arabis,8.25103,61.102092,10
arabis,8.080507,61.668424,10
arabis,16.131172,68.628841,10
arabis,16.098812,68.640985,10
arabis,16.268859,68.66733,10
arabis,8.12108,61.024186,10
arabis,-2.07,42.94,10
arabis,-1.75,41.73,10
arabis,-1.74,41.69,10
arabis,23.859994,70.417381,10
arabis,18.164496,69.568168,10
arabis,23.982374,70.446133,10
arabis,24.015328,70.463617,10
arabis,13.388085,65.528851,10
arabis,13.51212,65.440825,10
arabis,13.440194,65.562152,10
arabis,9.650076,62.602093,10
arabis,8.255902,62.708621,10
arabis,10.030808,47.272458,1
arabis,-19.109,65.735,1
arabis,2.92001,43.68064,1
arabis,4.98369,44.56877,1
arabis,3.20472,44.17616,1
arabis,2.78938,45.11136,1
arabis,2.68573,45.104,1
arabis,2.70889,45.10892,1
arabis,2.74826,45.09512,1
arabis,2.71764,45.05541,1
arabis,6.31601,45.79846,1
arabis,5.71489,45.36401,1
arabis,5.77872,45.36245,1
arabis,3.26839,44.29765,1
arabis,3.4231,44.18174,1
arabis,2.9924,43.69743,1
arabis,3.01021,43.69594,1
arabis,2.98202,43.68975,1
arabis,-20.882,64.692,1
arabis,-21.802,65.355,1
arabis,-23.202,65.523,1
arabis,-19.786,63.717,1
arabis,-21.198,64.463,1
arabis,-20.749,64.212,1
arabis,-24.002,65.535,1
arabis,-14.934,65.533,1
arabis,9.12772,42.3124,1
arabis,-3.06194,42.655,1
arabis,20.850864,69.046036,1
arabis,29.711466,67.699326,1
arabis,2.48175,48.83666,1
arabis,2.25214,48.75042,1
arabis,2.78236,45.10349,1
arabis,29.334041,66.269648,1
arabis,7.50399,60.60247,1
arabis,2.14,42.49,1
arabis,8.91442,46.87411,1
arabis,8.91319,46.82914,1
arabis,7.27628,46.34377,1
arabis,7.33931,47.37829,1
arabis,7.53769,47.24338,1
arabis,8.00185,47.42194,1
arabis,7.5376,47.1984,1
arabis,9.63193,46.77261,1
arabis,9.6301,46.72765,1
arabis,13.68806,47.44639,1
arabis,13.66278,47.44194,1
arabis,6.56285,46.12896,1
arabis,5.34387,44.89948,1
arabis,6.41108,45.77309,1
arabis,6.71047,46.39467,1
arabis,6.76601,45.31105,1
arabis,6.39449,45.5032,1
arabis,7.04561,45.29195,1
arabis,6.77822,45.49093,1
arabis,6.94444,46.02617,1
arabis,6.53388,45.67917,1
arabis,6.975556,46.072778,1
arabis,9.172222,46.326389,1
arabis,7.0075,46.111944,1
arabis,7.902778,46.263056,1
arabis,8.17,47.535833,1
arabis,6.886111,46.348888,1
arabis,9.828079,46.859382,1
arabis,7.037838,46.125467,1
arabis,7.595833,46.255556,1
arabis,7.706667,45.991389,1
arabis,7.059444,46.184167,1
arabis,7.808333,47.361111,1
arabis,9.777997,46.739142,1
arabis,9.848889,46.726111,1
arabis,8.272963,46.798951,1
arabis,9.294167,47.148333,1
arabis,7.745833,46.019167,1
arabis,8.918611,47.105278,1
arabis,8.735556,46.804722,1
arabis,7.684167,46.006944,1
arabis,7.531111,46.131111,1
arabis,9.215556,47.190278,1
arabis,9.839722,46.429444,1
arabis,7.9625,46.051111,1
arabis,7.029444,46.147222,1
arabis,9.862354,46.510932,1
arabis,7.871389,46.508889,1
arabis,9.836236,46.488833,1
arabis,9.050278,45.888611,1
arabis,8.037222,46.248056,1
arabis,7.279167,46.656667,1
arabis,9.976389,46.855833,1
arabis,9.638437,46.78953,1
arabis,7.207778,45.949167,1
arabis,8.909569,47.096957,1
arabis,9.277222,47.153333,1
arabis,9.838611,46.509167,1
arabis,10.429444,46.546667,1
arabis,8.386667,46.778611,1
arabis,9.968333,46.884444,1
arabis,9.1075,47.276944,1
arabis,8.648056,46.123333,1
arabis,9.08646,47.300097,1
arabis,9.305278,47.159167,1
arabis,9.44,46.971667,1
arabis,6.985556,46.15,1
arabis,8.773944,46.765569,1
arabis,8.37,46.6025,1
arabis,10.042448,46.819315,1
arabis,7.956667,46.093056,1
arabis,8.913968,47.068537,1
arabis,6.757778,47.101667,1
arabis,9.831648,46.517032,1
arabis,10.283845,46.849392,1
arabis,9.653515,46.938229,1
arabis,8.663889,47.095278,1
arabis,8.382933,47.481425,1
arabis,9.652778,46.766389,1
arabis,9.02,45.931111,1
arabis,9.108864,47.220515,1
arabis,6.721111,46.935556,1
arabis,9.830833,46.531667,1
arabis,10.028889,46.588889,1
arabis,6.540278,46.851111,1
arabis,7.666389,47.36,1
arabis,9.200365,47.126406,1
arabis,7.37942,45.937777,1
arabis,10.337055,46.851279,1
arabis,8.210833,47.524444,1
arabis,7.8425,46.239444,1
arabis,9.892137,46.880775,1
arabis,9.812778,46.470833,1
arabis,8.403129,47.481666,1
arabis,8.614537,47.199646,1
arabis,8.939167,47.353333,1
arabis,8.493457,47.39872,1
arabis,9.806744,46.818044,1
arabis,9.829073,46.802312,1
arabis,9.733055,46.675135,1
arabis,9.7516,46.790074,1
arabis,9.864457,46.789402,1
arabis,7.316,47.4938,1
arabis,18.138089,68.600259,1
arabis,18.356767,68.621785,1
arabis,18.337577,68.679825,1
arabis,18.215051,68.673361,1
arabis,18.118929,68.653794,1
arabis,18.245176,68.628974,1
arabis,17.728606,68.817897,1
arabis,17.942768,68.935511,1
arabis,17.731913,68.844772,1
arabis,17.837986,68.896893,1
arabis,15.918532,67.029823,1
arabis,16.037155,67.118809,1
arabis,15.46271,67.21121,1
arabis,15.580543,67.300531,1
arabis,9.51846,62.53672,1
arabis,29.2651,70.709,1
arabis,23.999333,68.053238,1
arabis,26.055067,69.077552,1
arabis,12.0047,63.3176,1
arabis,7.4741001,60.5918521,1
arabis,2.21,42.4,1
arabis,15.620281,58.405667,1
arabis,22.8302,70.5524,1
arabis,28.9005,70.8701,1
arabis,26.4608,70.5877,1
arabis,28.1539,70.966,1
arabis,18.2842,68.6117,1
arabis,29.0042,70.1334,1
arabis,30.1285,70.4896,1
arabis,12.5335,65.6287,1
arabis,25.0265,69.9498,1
arabis,22.7383,70.2662,1
arabis,22.5392,70.0887,1
arabis,29.7942,70.5132,1
arabis,30.4845,70.2167,1
arabis,22.8943,69.9417,1
arabis,13.9407,65.9882,1
arabis,22.3772,70.2245,1
arabis,22.17,70.0735,1
arabis,21.8833,70.1335,1
arabis,22.6799,70.0381,1
arabis,18.8979,69.0152,1
arabis,13.0342,65.342,1
arabis,8.4975,61.7304,1
arabis,8.8281,61.8421,1
arabis,6.3385,60.54,1
arabis,8.4964,61.4539,1
arabis,10.6802,62.1722,1
arabis,15.6155,66.8519,1
arabis,14.314,66.5196,1
arabis,15.4868,67.256,1
arabis,15.5017,66.8612,1
arabis,13.102,66.4091,1
arabis,15.3343,67.1263,1
arabis,16.1079,67.1542,1
arabis,15.5852,67.2552,1
arabis,13.2138,66.3808,1
arabis,7.1679793,60.8394587,1
arabis,9.0178,61.4854,1
arabis,8.8651,61.6262,1
arabis,9.0573,61.4966,1
arabis,23.3466,69.7793,1
arabis,30.7996,69.7453,1
arabis,24.9214,70.2178,1
arabis,27.0673,70.5571,1
arabis,23.2352,70.4402,1
arabis,22.2891,70.0862,1
arabis,28.5252,70.4341,1
arabis,23.3356,69.914,1
arabis,22.643,70.0698,1
arabis,21.8848,70.1693,1
arabis,29.5272,70.0954,1
arabis,14.1256,66.1194,1
arabis,13.0322,65.3689,1
arabis,7.3775,60.6356,1
arabis,8.4803,61.4619,1
arabis,8.3228,61.7602,1
arabis,15.4871,67.2739,1
arabis,13.1372,66.3723,1
arabis,13.9892,66.4865,1
arabis,8.9578,61.4876,1
arabis,30.7663,70.4268,1
arabis,29.1138,70.8185,1
arabis,17.8556,68.937,1
arabis,23.3939,69.9671,1
arabis,12.3814,66.0477,1
arabis,8.8403,61.5122,1
arabis,8.8367,61.4722,1
arabis,8.9783,61.5953,1
arabis,12.5379,65.605,1
arabis,9.2193,62.0929,1
arabis,8.8835,62.4965,1
arabis,12.5594,64.0826,1
arabis,29.104121,66.183217,1
arabis,29.556417,66.266147,1
arabis,29.0908,70.8591,1
arabis,9.33333,42.4,1
arabis,9.35,42.81667,1
arabis,9.25,42.35,1
arabis,7.4744,60.6084,1
arabis,6.4569,59.967,1
arabis,6.0919,60.3122,1
arabis,6.0736,60.3044,1
arabis,6.2459,59.925,1
arabis,6.1476,60.7377,1
arabis,5.895,60.4351,1
arabis,13.56667,42.46667,1
arabis,3.18769,44.20385,1
arabis,6.93822,44.13329,1
arabis,3.31331,44.29358,1
arabis,2.93803,43.66402,1
arabis,3.06197,43.66402,1
arabis,2.80929,45.10411,1
arabis,5.7457,45.34074,1
arabis,6.17462,46.14048,1
arabis,6.27718,45.68693,1
arabis,6.66817,45.76502,1
arabis,7.02091,45.30217,1
arabis,6.79668,45.76076,1
arabis,5.8873,45.6075,1
arabis,6.42784,46.04298,1
arabis,6.28252,45.7769,1
arabis,5.91094,46.05744,1
arabis,7.01442,45.21224,1
arabis,6.91879,45.66642,1
arabis,6.89977,45.39661,1
arabis,7.15504,45.38743,1
arabis,6.29325,45.95685,1
arabis,6.55702,46.039,1
arabis,7.02741,45.3921,1
arabis,5.76357,45.70071,1
arabis,6.68618,46.03487,1
arabis,6.28787,45.86688,1
arabis,12.43347,63.2606,1
arabis,18.26914,68.38809,1
arabis,18.32691,68.42338,1
arabis,20.29801,68.03292,1
arabis,18.69768,68.37255,1
arabis,7.23398,60.86693,1
arabis,13.60975,64.4144,1
arabis,20.23286,67.85209,1
arabis,19.01817,68.44087,1
arabis,7.19296,60.62725,1
arabis,12.34383,63.22839,1
arabis,18.60387,68.50154,1
arabis,12.51886,62.92315,1
arabis,12.22487,63.002,1
arabis,12.26868,62.97623,1
arabis,9.740219,47.389502,4
arabis,9.889213,47.436024,4
arabis,10.164685,47.15717,4
arabis,10.103842,47.262458,4
arabis,9.717456,47.380607,4
arabis,14.31889,65.06291,4
arabis,14.27331,65.05707,4
arabis,14.29516,65.09147,4
arabis,24.766667,35.233333,4
arabis,18.50711,68.42614,4
arabis,18.68625,68.40538,4
arabis,14.32651,65.11654,4
arabis,14.30175,65.04414,4
arabis,14.30674,65.00937,4
arabis,14.32166,65.03966,4
arabis,-24.092,65.495,4
arabis,-15.097,65.614,4
arabis,-21.079,64.466,4
arabis,-20.977,64.442,4
arabis,-20.934,65.417,4
arabis,1.50344,44.5131,4
arabis,2.66864,45.05107,4
arabis,0.00856,42.75433,4
arabis,2.77759,45.08154,4
arabis,2.92381,45.56737,4
arabis,5.29473,44.47269,4
arabis,5.28278,45.734,4
arabis,2.45753,42.54234,4
arabis,2.16874,42.44238,4
arabis,2.18052,42.61969,4
arabis,2.14394,42.44905,4
arabis,1.99354,42.64995,4
arabis,3.60487,43.92131,4
arabis,-21.211,64.139,4
arabis,-21.219,64.034,4
arabis,-21.697,64.208,4
arabis,-21.625,65.059,4
arabis,-18.62,66.062,4
arabis,-21.457,65.053,4
arabis,-19.02,64.234,4
arabis,-21.6,64.299,4
arabis,-23.148,65.837,4
arabis,2.72091,45.05571,4
arabis,2.69998,45.14999,4
arabis,2.66468,45.07764,4
arabis,1.54,42.54,4
arabis,0.03,42.67,4
arabis,7.99068,46.34255,4
arabis,8.00719,46.84708,4
arabis,8.09087,46.96334,4
arabis,8.91565,46.91907,4
arabis,8.91442,46.87411,4
arabis,8.38817,46.78972,4
arabis,8.91689,46.96404,4
arabis,8.91319,46.82914,4
arabis,33.72,67.67,4
arabis,36.05,69.12,4
arabis,6.82326,43.77694,4
arabis,5.83831,44.08275,4
arabis,7.55483,44.01923,4
arabis,5.24973,45.71214,4
arabis,8.314436,46.821242,4
arabis,7.694444,47.282222,4
arabis,7.873889,46.198611,4
arabis,9.731944,46.675278,4
arabis,9.849444,46.575833,4
arabis,7.543889,46.096111,4
arabis,7.935,46.115833,4
arabis,7.658333,46.473611,4
arabis,8.003611,47.421388,4
arabis,7.605278,47.479722,4
arabis,9.710278,46.664444,4
arabis,8.032222,46.3975,4
arabis,9.820833,46.793333,4
arabis,7.699167,45.987778,4
arabis,7.885,47.436389,4
arabis,7.723056,45.978056,4
arabis,6.72,46.947778,4
arabis,6.160305,60.493308,4
arabis,13.388242,64.594105,4
arabis,13.626345,64.533688,4
arabis,13.576033,64.539044,4
arabis,13.447438,64.526975,4
arabis,9.503865,62.047284,4
arabis,9.540466,62.062406,4
arabis,9.641486,62.089802,4
arabis,9.58971,62.135365,4
arabis,9.538337,62.212324,4
arabis,9.610339,62.302688,4
arabis,9.582335,62.450021,4
arabis,9.757637,62.485085,4
arabis,9.740892,62.474852,4
arabis,9.837918,62.476547,4
arabis,9.926023,62.50292,4
arabis,9.853745,62.521334,4
arabis,9.873142,62.520316,4
arabis,10.105708,62.741292,4
arabis,10.271623,62.57157,4
arabis,10.359825,62.606649,4
arabis,10.238706,62.528775,4
arabis,10.268722,62.549153,4
arabis,10.008687,62.190849,4
arabis,9.763959,62.086486,4
arabis,11.462502,62.35585,4
arabis,10.840626,62.630334,4
arabis,10.781525,62.685416,4
arabis,10.856638,62.699257,4
arabis,10.855514,62.681315,4
arabis,10.876143,62.652309,4
arabis,10.800421,62.67485,4
arabis,9.888607,62.060157,4
arabis,9.809558,62.180933,4
arabis,10.373814,62.36098,4
arabis,10.17214,62.392449,4
arabis,10.165861,62.40507,4
arabis,10.251054,62.406126,4
arabis,10.271795,62.347586,4
arabis,10.252244,62.341928,4
arabis,10.412909,62.370464,4
arabis,10.382291,62.314213,4
arabis,10.343049,62.364423,4
arabis,10.657171,62.137475,4
arabis,10.653038,62.149646,4
arabis,9.994256,62.453079,4
arabis,9.953784,62.399501,4
arabis,10.043401,62.389433,4
arabis,10.120778,62.38973,4
arabis,10.084552,62.377449,4
arabis,10.019002,62.382881,4
arabis,9.996784,62.383491,4
arabis,9.85154,62.273592,4
arabis,9.810269,62.279225,4
arabis,9.892763,62.299366,4
arabis,9.976045,62.280852,4
arabis,10.053717,62.32517,4
arabis,10.019722,62.318691,4
arabis,9.660631,62.30964,4
arabis,9.485732,62.288817,4
arabis,9.711829,62.557585,4
arabis,9.573539,62.294317,4
arabis,9.664945,62.330265,4
arabis,10.48936,61.452525,4
arabis,8.126831,61.688145,4
arabis,8.079949,61.675719,4
arabis,8.00946,61.664454,4
arabis,8.002313,61.651833,4
arabis,8.150679,61.645652,4
arabis,8.079686,61.652824,4
arabis,8.075608,61.694542,4
arabis,7.882497,61.650009,4
arabis,7.822431,61.640977,4
arabis,8.055968,61.656702,4
arabis,7.952936,61.660442,4
arabis,8.056598,61.667031,4
arabis,8.025054,61.709005,4
arabis,8.0283,61.665935,4
arabis,8.557641,61.365233,4
arabis,8.626963,61.355566,4
arabis,8.513694,61.364635,4
arabis,8.60062,61.368509,4
arabis,8.436137,61.464884,4
arabis,8.024782,61.627755,4
arabis,8.064856,61.643746,4
arabis,8.102544,61.645793,4
arabis,10.332272,61.486026,4
arabis,7.096439,60.611732,4
arabis,7.075604,60.608739,4
arabis,7.040486,60.615414,4
arabis,10.0725,61.386,4
arabis,16.040592,68.574636,4
arabis,16.163218,68.573833,4
arabis,16.288402,68.617773,4
arabis,16.416913,68.706448,4
arabis,14.875456,68.915992,4
arabis,15.548913,68.532112,4
arabis,15.878871,69.093153,4
arabis,9.6723,62.6191,4
arabis,10.7603,62.7234,4
arabis,11.9284,62.6635,4
arabis,12.05587,65.40838,4
arabis,13.5157,65.5674,4
arabis,13.519,65.1277,4
arabis,20.9217,69.9114,4
arabis,20.232967,67.852012,4
arabis,12.224439,63.024382,4
arabis,18.198945,68.025171,4
arabis,14.3618,65.9681,4
arabis,14.2509,65.999,4
arabis,14.0989,65.9354,4
arabis,8.3718,61.6289,4
arabis,8.0348,61.6404,4
arabis,7.0747,60.6231,4
arabis,7.3926,59.6857,4
arabis,8.0747,61.6294,4
arabis,8.70421,62.65769,4
arabis,7.666927,62.3222233,4
arabis,7.0279036,62.3551179,4
arabis,14.5394,68.6643,4
arabis,7.0682063,62.3287173,4
arabis,7.267585,62.8879422,4
arabis,7.2504032,62.5151268,4
arabis,7.5711244,62.3078218,4
arabis,8.1230309,62.563738,4
arabis,7.2489,60.6641,4
arabis,9.6274,62.1042,4
arabis,7.6637338,62.1786175,4
arabis,30.7945,70.4137,4
arabis,14.0684,65.8679,4
arabis,10.0724,62.3349,4
arabis,9.8229,62.7769,4
arabis,7.895,59.8031,4
arabis,8.8925,62.6985,4
arabis,14.3427,65.4252,4
arabis,10.6656,62.7784,4
arabis,10.4774,62.9331,4
arabis,9.8035,62.7815,4
arabis,9.117,62.6401,4
arabis,11.7443,62.5729,4
arabis,11.2929,62.7786,4
arabis,10.7498,62.7101,4
arabis,9.4807,62.8189,4
arabis,9.44,62.7203,4
arabis,14.246,65.4158,4
arabis,9.3554,62.107,4
arabis,11.0667,63.0469,4
arabis,13.484,65.1812,4
arabis,22.637635,48.202536,4
arabis,33.834521,67.659605,4
arabis,33.712062,67.645157,4
arabis,33.533333,67.683333,4
arabis,33.70451,67.69427,4
arabis,61.43786,65.22554,4
arabis,20.850864,69.046036,4
arabis,12.27727,63.03356,4
arabis,17.8623,68.892,4
arabis,16.0455554,67.8794396,4
arabis,16.095,67.1229,4
arabis,17.5656751,68.7108892,4
arabis,13.9163,66.8718,4
arabis,16.2274,68.5887,4
arabis,14.9914,68.5416,4
arabis,14.308,66.7349,4
arabis,14.0343,65.8991,4
arabis,18.4846875,69.2233195,4
arabis,15.8543,69.1067,4
arabis,18.932,69.0515,4
arabis,20.7932,69.7141,4
arabis,18.1219654,69.2894196,4
arabis,19.0217,69.3083,4
arabis,19.6784006,69.9540617,4
arabis,19.1991,69.3102,4
arabis,12.09452,63.33644,4
arabis,15.63325,66.87726,4
arabis,17.60818,68.29731,4
arabis,6.99726,62.55927,4
arabis,15.73862,67.51987,4
arabis,7.70992,62.44288,4
arabis,7.5036,60.602,4
arabis,6.4193,60.5564,4
arabis,5.9217,60.3125,4
arabis,1.55433,44.46458,4
arabis,0.01163,42.72285,4
arabis,2.21169,42.40203,4
arabis,2.09042,42.40106,4
arabis,1.96438,42.66962,4
arabis,2.08902,42.49094,4
arabis,2.45255,42.58333,4
arabis,2.20926,42.5818,4
arabis,2.20804,42.6717,4
arabis,3.5604,43.93257,4
arabis,6.78941,43.77814,4
arabis,2.8096,45.01407,4
arabis,2.68215,45.10382,4
arabis,2.93591,45.55448,4
arabis,6.34242,46.76655,4
arabis,5.82329,46.87057,4
arabis,5.55236,46.69673,4
arabis,6.69222,46.12482,4
arabis,18.32691,68.42338,4
arabis,18.65988,68.27104,4
arabis,18.10557,68.4054,4
arabis,17.8014,66.95695,4
arabis,18.12774,68.42579,4
arabis,18.69768,68.37255,4
arabis,17.12874,67.11751,4
arabis,18.8296,68.34844,4
arabis,23.633333,68.383889,4
arabis,18.71981,67.85924,4
arabis,18.62308,67.86727,4
arabis,18.26914,68.38809,4
arabis,19.01817,68.44087,4
arabis,18.90304,68.47508,4
arabis,18.86366,68.25574,4
arabis,20.29801,68.03292,4
arabis,18.94402,68.25363,4
arabis,14.02123,64.78386,4
arabis,16.75152,65.72102,4
arabis,12.34383,63.22839,4
arabis,12.54533,63.41576,4
arabis,12.09912,63.31654,4
arabis,10.108009,47.359798,3
arabis,9.756311,47.238992,3
arabis,9.603788,47.216404,3
arabis,10.189728,47.144859,3
arabis,9.911813,46.949872,3
arabis,9.783303,47.097817,3
arabis,11.97663,63.26903,3
arabis,27.133333,35.583333,3
arabis,27.866667,36.216667,3
arabis,19.08671,68.42107,3
arabis,4.82259,47.3389,3
arabis,27.684454,62.877071,3
arabis,14.01588,64.73292,3
arabis,-18.05,65.815,3
arabis,-18.006,65.65,3
arabis,-22.388,66.412,3
arabis,-15.123,64.611,3
arabis,-15.502,64.728,3
arabis,-16.318,64.863,3
arabis,-15.865,64.937,3
arabis,-22.835,66.15,3
arabis,7.12814,45.45605,3
arabis,2.23007,42.70162,3
arabis,2.82304,45.50925,3
arabis,2.93523,45.57185,3
arabis,5.42116,45.95634,3
arabis,6.08285,45.08415,3
arabis,5.95657,46.30406,3
arabis,5.35279,45.86769,3
arabis,6.72304,46.10128,3
arabis,6.43902,45.70464,3
arabis,6.20984,45.08057,3
arabis,6.08782,45.17413,3
arabis,5.29473,44.47269,3
arabis,-19.993,63.781,3
arabis,-15.142,64.329,3
arabis,-21.875,64.08,3
arabis,-15.367,64.413,3
arabis,-18.638,65.928,3
arabis,-17.962,65.842,3
arabis,-18.422,65.944,3
arabis,-15.505,64.767,3
arabis,-17.029,65.561,3
arabis,-18.914,66.146,3
arabis,-16.96,65.64,3
arabis,-21.654,64.45,3
arabis,-18.254,64.072,3
arabis,-16.909,65.642,3
arabis,-19.471,65.453,3
arabis,12.67925,63.74147,3
arabis,14.4116,65.0503,3
arabis,16.27495,63.1045,3
arabis,13.88638,64.77413,3
arabis,14.03314,62.5432,3
arabis,13.72497,62.96058,3
arabis,12.83883,63.8167,3
arabis,14.70902,63.91662,3
arabis,14.82707,63.98271,3
arabis,12.22746,62.99703,3
arabis,13.59595,62.9794,3
arabis,13.51892,63.73717,3
arabis,13.85184,64.74781,3
arabis,12.2706,62.97369,3
arabis,13.03723,64.00403,3
arabis,14.25115,65.05958,3
arabis,23.999333,68.053238,3
arabis,29.334041,66.269648,3
arabis,25.224594,67.712208,3
arabis,27.125391,69.783751,3
arabis,27.67557,62.917488,3
arabis,6.7051,44.26538,3
arabis,6.8717,44.37271,3
arabis,6.8851,44.38688,3
arabis,6.76135,44.40713,3
arabis,6.65335,44.37338,3
arabis,6.8671,44.49038,3
arabis,6.68935,44.24064,3
arabis,6.87263,44.42734,3
arabis,6.6286,44.24065,3
arabis,4.86553,47.34392,3
arabis,20.27021,49.85803,3
arabis,9.6061,62.30699,3
arabis,2.16,42.4,3
arabis,13.15,47.16,3
arabis,13.14,47.11,3
arabis,9.83023,46.81362,3
arabis,8.05821,46.94851,3
arabis,8.25995,46.97063,3
arabis,8.18119,46.99423,3
arabis,8.00719,46.84708,3
arabis,9.76728,46.79054,3
arabis,8.32565,46.97014,3
arabis,-6.228522,57.244394,3
arabis,7.53769,47.24338,3
arabis,7.0158,46.43305,3
arabis,6.95074,46.43279,3
arabis,6.22817,43.83817,3
arabis,6.41717,43.79045,3
arabis,6.97596,44.67272,3
arabis,6.91345,43.77375,3
arabis,6.82068,44.55902,3
arabis,5.93911,44.16464,3
arabis,6.73584,44.86136,3
arabis,5.77462,43.35856,3
arabis,5.38597,45.88952,3
arabis,5.61386,45.2538,3
arabis,5.34764,44.98947,3
arabis,5.32522,44.44953,3
arabis,5.75014,45.43073,3
arabis,5.1996,44.45211,3
arabis,6.69222,46.12482,3
arabis,5.09061,44.90453,3
arabis,6.11836,45.15075,3
arabis,5.46259,44.71675,3
arabis,-6.2,57.2,3
arabis,8.721667,46.719444,3
arabis,10.416351,46.765348,3
arabis,9.512444,46.470771,3
arabis,7.710556,47.323056,3
arabis,7.993611,47.42,3
arabis,10.340932,46.763253,3
arabis,10.336899,46.937474,3
arabis,7.798056,46.010556,3
arabis,8.486389,47.043333,3
arabis,8.693889,47.028333,3
arabis,8.414958,46.569722,3
arabis,7.061111,47.134722,3
arabis,7.662778,46.105833,3
arabis,8.687778,47.163055,3
arabis,8.108889,47.425278,3
arabis,10.419167,46.830556,3
arabis,8.255556,46.981667,3
arabis,7.957778,46.585,3
arabis,7.916667,46.65,3
arabis,2.25686,42.6248,3
arabis,7.24455,47.62101,3
arabis,7.40684,47.45654,3
arabis,11.54,48.07,3
arabis,2.7501,45.0827,3
arabis,25.045018,69.891721,3
arabis,8.67859,59.865715,3
arabis,9.095484,62.007326,3
arabis,8.904515,62.007326,3
arabis,8.961789,62.020819,3
arabis,8.726113,62.626447,3
arabis,8.512516,62.634842,3
arabis,8.02306,61.652431,3
arabis,8.079267,61.698607,3
arabis,8.221694,61.823826,3
arabis,8.050897,61.637365,3
arabis,8.04055,61.605871,3
arabis,7.162168,60.33918,3
arabis,7.078443,60.206867,3
arabis,7.276729,60.26258,3
arabis,7.257691,60.263679,3
arabis,7.198082,60.262883,3
arabis,7.226813,60.266413,3
arabis,7.063311,60.279847,3
arabis,7.098454,60.266433,3
arabis,6.982132,60.232382,3
arabis,6.986022,60.21313,3
arabis,7.030044,60.216486,3
arabis,7.047466,60.227073,3
arabis,7.19866,60.186551,3
arabis,7.21427,60.197989,3
arabis,7.015282,60.266563,3
arabis,6.998587,60.273498,3
arabis,7.023914,60.24334,3
arabis,7.066172,60.231388,3
arabis,7.042252,60.39001,3
arabis,7.006951,60.388588,3
arabis,6.986869,60.390531,3
arabis,7.021747,60.36905,3
arabis,7.05434,60.354711,3
arabis,7.068272,60.364344,3
arabis,7.050567,60.326813,3
arabis,7.023639,60.322823,3
arabis,7.066644,60.345909,3
arabis,7.089331,60.345339,3
arabis,7.081016,60.332645,3
arabis,7.031417,60.313957,3
arabis,6.917794,60.321207,3
arabis,6.894419,60.318593,3
arabis,6.907657,60.30982,3
arabis,6.918489,60.296069,3
arabis,6.971835,60.282074,3
arabis,6.979732,60.344617,3
arabis,6.981396,60.317697,3
arabis,7.000036,60.308997,3
arabis,6.855945,60.297768,3
arabis,7.214155,60.365933,3
arabis,7.098657,60.107015,3
arabis,7.084132,60.124768,3
arabis,7.086713,60.14232,3
arabis,7.072329,60.111125,3
arabis,6.936826,60.11986,3
arabis,7.018782,60.163775,3
arabis,7.000475,60.15362,3
arabis,7.007477,60.127229,3
arabis,6.949894,60.126799,3
arabis,6.953471,60.141675,3
arabis,6.946334,60.155037,3
arabis,6.916141,60.176572,3
arabis,6.860599,60.157273,3
arabis,7.025049,60.119409,3
arabis,7.147959,60.078075,3
arabis,7.11997,60.096092,3
arabis,7.128406,60.026604,3
arabis,7.160387,60.032443,3
arabis,7.17543,60.020077,3
arabis,7.200806,59.99887,3
arabis,7.219569,59.983406,3
arabis,7.228557,59.999694,3
arabis,7.257983,60.00278,3
arabis,7.298416,60.036088,3
arabis,7.200495,60.054101,3
arabis,7.108806,60.055516,3
arabis,7.086189,60.058334,3
arabis,7.018275,60.007484,3
arabis,7.05204,59.967118,3
arabis,7.017055,59.967945,3
arabis,6.942591,59.926385,3
arabis,6.897201,59.979113,3
arabis,7.121729,60.144168,3
arabis,7.129065,60.110142,3
arabis,7.085592,60.099641,3
arabis,7.140483,60.067192,3
arabis,7.129252,60.075117,3
arabis,7.181015,60.081677,3
arabis,7.149252,60.087074,3
arabis,7.193646,60.146516,3
arabis,7.500882,60.202886,3
arabis,7.442306,60.220621,3
arabis,7.192737,60.228682,3
arabis,7.226095,60.229581,3
arabis,7.189411,60.239863,3
arabis,7.258219,60.236743,3
arabis,7.175541,60.213179,3
arabis,7.140044,60.361775,3
arabis,7.175328,60.265716,3
arabis,7.149811,60.221354,3
arabis,7.264917,60.297901,3
arabis,7.285253,60.32421,3
arabis,7.35199,60.347506,3
arabis,7.442999,60.339173,3
arabis,7.552809,60.293715,3
arabis,7.541968,60.334008,3
arabis,7.549627,60.365523,3
arabis,8.487019,61.451619,3
arabis,8.813211,61.479388,3
arabis,8.789753,61.338858,3
arabis,8.805952,61.288159,3
arabis,6.958331,59.646308,3
arabis,7.013108,59.620202,3
arabis,7.045228,60.037076,3
arabis,7.122303,60.086695,3
arabis,7.138915,60.095013,3
arabis,7.37977,60.170926,3
arabis,7.483623,60.127252,3
arabis,7.447812,60.161413,3
arabis,7.445249,60.13938,3
arabis,7.424144,60.147663,3
arabis,7.248895,60.681169,3
arabis,7.188742,60.676328,3
arabis,7.122022,60.705944,3
arabis,6.502666,60.491919,3
arabis,6.928039,60.288134,3
arabis,7.032267,60.284779,3
arabis,7.014319,60.252627,3
arabis,7.020935,60.292694,3
arabis,7.038361,60.273643,3
arabis,7.113217,60.22982,3
arabis,7.07923,60.193406,3
arabis,7.202457,60.249022,3
arabis,7.165845,60.257502,3
arabis,7.471127,60.187054,3
arabis,7.494265,60.189789,3
arabis,7.836828,60.268668,3
arabis,7.850728,60.258911,3
arabis,6.403378,60.538083,3
arabis,6.227342,60.730391,3
arabis,6.273244,60.751546,3
arabis,6.341594,60.724172,3
arabis,6.959108,59.657171,3
arabis,7.277768,62.039639,3
arabis,6.964545,59.567429,3
arabis,6.953637,59.74691,3
arabis,20.850864,69.046036,3
arabis,29.690972,67.520203,3
arabis,8.069974,61.473202,3
arabis,8.262166,61.561012,3
arabis,8.334471,61.612555,3
arabis,8.419306,61.612941,3
arabis,8.502559,61.418011,3
arabis,8.708759,61.507484,3
arabis,9.2817,62.1157,3
arabis,21.2689,69.5167,3
arabis,9.6752,62.3154,3
arabis,20.7932,69.7141,3
arabis,19.044,69.6226,3
arabis,19.0054,69.6221,3
arabis,7.23398,60.86693,3
arabis,13.963977,64.728335,3
arabis,20.232967,67.852012,3
arabis,21.419,69.337,3
arabis,21.5706,69.7895,3
arabis,21.6111,69.3948,3
arabis,21.6555,69.6009,3
arabis,20.9353,69.7545,3
arabis,21.2077,69.8082,3
arabis,19.4412,69.1197,3
arabis,22.1928,69.5532,3
arabis,21.9432,69.1287,3
arabis,7.1517,60.1073,3
arabis,7.864,60.7098,3
arabis,8.5385,61.5218,3
arabis,8.5473,61.4325,3
arabis,8.4031,60.2913,3
arabis,9.5635,62.2199,3
arabis,6.5194,60.547,3
arabis,8.625,59.8701,3
arabis,10.6675394,62.1435466,3
arabis,13.8328,66.9474,3
arabis,7.0389,61.9126,3
arabis,9.18684,63.1363724,3
arabis,6.8314079,62.1321068,3
arabis,8.0255,61.6354,3
arabis,-8.4083,71,3
arabis,-8.3423,70.9984,3
arabis,18.1882,68.6909,3
arabis,22.0898,69.2938,3
arabis,12.05587,65.40838,3
arabis,7.5044,60.6008,3
arabis,8.0685,61.6478,3
arabis,9.535,62.2433,3
arabis,8.0259,60.5046,3
arabis,7.9354851,61.274184,3
arabis,8.5403424,62.6241448,3
arabis,6.8481264,61.7596919,3
arabis,9.2243,62.649,3
arabis,21.7585,69.2417,3
arabis,18.7839,69.1529,3
arabis,11.9284,62.6635,3
arabis,21.3759,69.781,3
arabis,22.108,69.1546,3
arabis,21.5311,69.7672,3
arabis,6.873,59.8669,3
arabis,21.4482,69.5208,3
arabis,21.3452,69.4897,3
arabis,21.0385,69.5797,3
arabis,25.7302,71.0594,3
arabis,17.60818,68.29731,3
arabis,9.2342,62.6624,3
arabis,21.8902,69.3711,3
arabis,19.0289,68.9495,3
arabis,21.3846,69.5479,3
arabis,21.2723,69.7902,3
arabis,11.8833,62.9024,3
arabis,21.1793,69.5213,3
arabis,21.4826,69.3414,3
arabis,17.7712,68.6628,3
arabis,17.8828,68.6672,3
arabis,21.9218,69.2185,3
arabis,20.6088,69.2071,3
arabis,10.2184,63.1017,3
arabis,9.4807,62.8189,3
arabis,21.7433,69.5377,3
arabis,14.1178,66.3437,3
arabis,21.5246,69.5027,3
arabis,19.2636,69.2974,3
arabis,65.3033,68.1274,3
arabis,-8.3701708,70.9932921,3
arabis,14.13179,65.49691,3
arabis,19.937875,68.9603191,3
arabis,22.231,69.5484,3
arabis,20.0524,68.9403,3
arabis,20.4713,70.1887,3
arabis,21.5193,69.8121,3
arabis,20.6854,69.1444,3
arabis,20.2434115,70.2353786,3
arabis,19.4251868,69.9659602,3
arabis,18.5383195,68.7483988,3
arabis,18.2771123,68.6590927,3
arabis,19.4054,69.0925,3
arabis,17.8618,69.0805,3
arabis,13.60917,47.54167,3
arabis,13.63028,47.54806,3
arabis,13.62278,47.52722,3
arabis,13.60944,47.53222,3
arabis,8.80075,62.91966,3
arabis,6.54486,59.53317,3
arabis,3.43794,44.20314,3
arabis,6.16395,43.70805,3
arabis,6.93822,44.13329,3
arabis,7.29897,43.93946,3
arabis,2.80805,45.46428,3
arabis,2.93591,45.55448,3
arabis,4.78809,47.34157,3
arabis,4.92049,47.33946,3
arabis,6.71796,44.59157,3
arabis,5.97682,44.88431,3
arabis,5.97205,44.79434,3
arabis,6.11335,45.06078,3
arabis,5.34012,44.80948,3
arabis,4.95143,44.54684,3
arabis,5.22438,45.08208,3
arabis,5.45083,44.44681,3
arabis,5.21725,44.90208,3
arabis,5.34387,44.89948,3
arabis,5.68918,44.17106,3
arabis,5.71497,44.71085,3
arabis,7.10195,44.66812,3
arabis,6.84994,44.67718,3
arabis,6.24028,45.05716,3
arabis,5.20663,44.63209,3
arabis,6.69439,44.23189,3
arabis,6.55244,43.96629,3
arabis,6.575,44.32595,3
arabis,6.17392,43.88788,3
arabis,6.83768,44.49734,3
arabis,6.8438,44.58726,3
arabis,6.18395,44.06773,3
arabis,6.4388,44.15011,3
arabis,6.71204,44.50165,3
arabis,5.81415,44.16792,3
arabis,6.45521,44.41989,3
arabis,6.83158,44.40743,3
arabis,6.44425,44.24003,3
arabis,6.56933,44.23603,3
arabis,6.70614,44.41172,3
arabis,6.58068,44.41588,3
arabis,12.86359,63.14212,3
arabis,13.9817,64.74655,3
arabis,29.188889,65.964444,3
arabis,-18.5475,65.963611,3
arabis,20.29801,68.03292,3
arabis,14.046111,65.953611,3
arabis,14.62338,66.05555,3
arabis,7.475,60.601111,3
arabis,7.19296,60.62725,3
arabis,17.50456,68.71652,3
arabis,18.54017,68.52655,3
arabis,19.01817,68.44087,3
arabis,18.10904,68.41681,3
arabis,16.34609,66.57587,3
arabis,18.44536,68.53123,3
arabis,13.86118,64.75639,3
arabis,13.95661,63.85909,3
arabis,12.27408,63.04277,3
arabis,12.09912,63.31654,3
arabis,15.243478,65.277047,3
arabis,16.956476,65.53821,3
arabis,15.921624,65.962283,3
arabis,15.19172,65.886185,3
arabis,-6.239427,57.33127,3
arabis,9.796506,47.497272,2
arabis,9.69297,47.485134,2
arabis,10.173969,47.137072,2
arabis,20.65,38.15,2
arabis,-18.104,65.679,2
arabis,5.25523,45.05894,2
arabis,0.55797,42.73943,2
arabis,1.17237,43.35815,2
arabis,1.14784,42.81782,2
arabis,2.84507,45.53373,2
arabis,2.11829,42.44006,2
arabis,-20.187,65.36,2
arabis,-14.177,65.001,2
arabis,-22.528,65.815,2
arabis,-22.6674,65.7723,2
arabis,-18.207,65.587,2
arabis,-18.419,65.944,2
arabis,15.3575,47.990833,2
arabis,4.78809,47.34157,2
arabis,20.850864,69.046036,2
arabis,22.00405,60.465511,2
arabis,20.812006,69.049178,2
arabis,27.684615,62.877035,2
arabis,27.095057,62.878664,2
arabis,28.949229,67.10555,2
arabis,6.59259,44.32613,2
arabis,6.62409,44.32838,2
arabis,6.84685,44.48813,2
arabis,6.86935,44.38013,2
arabis,4.86553,47.34392,2
arabis,18.4788,43.7964,2
arabis,19.0788,44.6232,2
arabis,18.3561,43.5894,2
arabis,18.409,43.8542,2
arabis,10.2935,47.2984,2
arabis,9.6061,62.30699,2
arabis,7.73656,47.37795,2
arabis,8.91442,46.87411,2
arabis,8.25995,46.97063,2
arabis,9.11956,47.14119,2
arabis,8.32565,46.97014,2
arabis,8.39215,47.01459,2
arabis,7.27546,46.61364,2
arabis,9.69737,46.77133,2
arabis,7.53769,47.24338,2
arabis,33.21,67.67,2
arabis,6.83158,44.40743,2
arabis,6.16395,43.70804,2
arabis,6.84994,44.44437,2
arabis,6.24371,44.10606,2
arabis,6.82068,44.55902,2
arabis,6.46395,44.21333,2
arabis,6.28364,45.06006,2
arabis,7.41636,43.84464,2
arabis,6.59881,45.04411,2
arabis,6.67112,43.87228,2
arabis,6.8438,44.58726,2
arabis,5.22438,45.08208,2
arabis,5.34387,44.89948,2
arabis,5.21725,44.90208,2
arabis,5.34012,44.80948,2
arabis,4.95143,44.54684,2
arabis,5.71497,44.71085,2
arabis,5.45083,44.44681,2
arabis,-5.241111,35.166944,2
arabis,18.946667,68.455278,2
arabis,7.044167,46.115556,2
arabis,7.9325,46.095556,2
arabis,10.245468,46.713722,2
arabis,8.891111,47.035,2
arabis,6.965278,47.236389,2
arabis,7.096389,46.170278,2
arabis,9.147222,42.066111,2
arabis,7.725,45.964167,2
arabis,7.721667,46.030556,2
arabis,9.667222,46.778056,2
arabis,8.124444,46.376111,2
arabis,8.40198,47.481653,2
arabis,7.615556,46.400278,2
arabis,7.621111,46.425278,2
arabis,7.922537,46.601147,2
arabis,8.968889,45.935833,2
arabis,9.669042,46.807583,2
arabis,8.386667,46.709711,2
arabis,7.843889,46.237778,2
arabis,8.485556,47.043333,2
arabis,9.13348,47.095577,2
arabis,7.0075,46.111944,2
arabis,7.116389,45.866111,2
arabis,9.101787,47.067762,2
arabis,8.495221,47.398918,2
arabis,8.551569,47.275534,2
arabis,9.638422,46.721748,2
arabis,-3.8707,34.8503,2
arabis,-5.2098,35.1565,2
arabis,4.82257,47.3333,2
arabis,11.46,47.97,2
arabis,8.634149,59.84764,2
arabis,7.860058,47.681833,2
arabis,10.7751,62.1531,2
arabis,9.6196,62.4234,2
arabis,29.5359,69.9517,2
arabis,9.3238,62.8238,2
arabis,22.9135,70.0088,2
arabis,17.9878,68.7148,2
arabis,13.2472,65.21,2
arabis,18.9596,69.671,2
arabis,17.8556,68.937,2
arabis,7.5044,60.6008,2
arabis,6.3385,60.54,2
arabis,8.8293,61.4606,2
arabis,15.73862,67.51987,2
arabis,8.966,61.6846,2
arabis,15,66.5929,2
arabis,9.8653,61.7093,2
arabis,8.6609,59.8477,2
arabis,15.6859,67.2337,2
arabis,9.2826606,62.786159,2
arabis,17.60818,68.29731,2
arabis,9.6132,61.493,2
arabis,8.8522,61.562,2
arabis,6.7238247,59.4402993,2
arabis,10.9317314,62.5262648,2
arabis,15.9069,67.0254,2
arabis,8.7225,61.0181,2
arabis,9.4595,62.7157,2
arabis,9.4105,62.7114,2
arabis,30.7945,70.4137,2
arabis,11.703,63.1889,2
arabis,21.1793,69.5213,2
arabis,52.718378,72.374378,2
arabis,34.170108,69.348798,2
arabis,54.052734,73.259958,2
arabis,58.86074,64.933384,2
arabis,60.064509,69.710144,2
arabis,58.112521,65.353865,2
arabis,52.996674,72.659179,2
arabis,60.443859,65.531594,2
arabis,58.891954,64.777124,2
arabis,14.48064,63.30715,2
arabis,14.3882,65.7843,2
arabis,14.0311,65.6927,2
arabis,14.2636,65.9407,2
arabis,23.6535,69.4339,2
arabis,9.23333,42.35,2
arabis,9.11667,42.05,2
arabis,9.13333,42.13333,2
arabis,8.70421,62.65769,2
arabis,6.1504,59.8388,2
arabis,6.7208,60.642,2
arabis,6.2596,59.7958,2
arabis,7.0998,60.2664,2
arabis,6.9763,59.9874,2
arabis,0.62109,42.73813,2
arabis,0.49917,42.73535,2
arabis,1.10593,42.83775,2
arabis,2.09042,42.40106,2
arabis,2.80774,45.55433,2
arabis,4.92049,47.33946,2
arabis,6.3672,45.05339,2
arabis,15.32157,65.06812,2
arabis,18.69768,68.37255,2
arabis,17.31414,66.98589,2
arabis,18.8296,68.34844,2
arabis,18.68625,68.40538,2
arabis,18.12774,68.42579,2
arabis,18.14283,68.53283,2
arabis,12.50598,62.91783,2
arabis,18.26914,68.38809,2
arabis,19.08671,68.42107,2
arabis,12.55508,62.69949,2
arabis,12.09452,63.33644,2
arabis,14.589248,66.093091,2
arabis,15.344112,66.106449,2
arabis,-6.239427,57.33127,2
arabis,9.2558988,61.9559249,6
arabis,18.37469,68.31322,6
arabis,18.34128,68.30727,6
arabis,18.38771,68.32109,6
arabis,18.12305,68.41469,6
arabis,22.25,37.65,6
arabis,18.69768,68.37255,6
arabis,18.67914,68.35638,6
arabis,8.757778,61.3975,6
arabis,21.354401,69.1399,6
arabis,-18.826,65.854,6
arabis,-18.283,65.456,6
arabis,-18.181,65.655,6
arabis,-18.319,65.87,6
arabis,-18.388,65.823,6
arabis,-18.299,65.899,6
arabis,-18.572,65.489,6
arabis,-18.0945,65.6755,6
arabis,-18.1263,65.6859,6
arabis,-22.611,66.109,6
arabis,-17.977,66.124,6
arabis,-17.348,65.437,6
arabis,-17.515,65.929,6
arabis,-18.003,65.765,6
arabis,-16.612,65.037,6
arabis,-18.028,64.715,6
arabis,-20.275,65.428,6
arabis,-19.335,65.917,6
arabis,-20.05,65.689,6
arabis,-18.937,66.108,6
arabis,-15.652,65.491,6
arabis,-15.187,65.276,6
arabis,-14.883,64.59,6
arabis,-15.516,65.261,6
arabis,-16.911,65.586,6
arabis,2.58729,45.03598,6
arabis,2.77579,45.53176,6
arabis,0.73602,42.92054,6
arabis,1.68002,44.46616,6
arabis,5.43201,44.73995,6
arabis,6.45025,45.88456,6
arabis,6.51753,45.92756,6
arabis,5.34704,45.73268,6
arabis,5.28278,45.734,6
arabis,5.34895,45.77768,6
arabis,6.15142,45.17235,6
arabis,2.19486,42.46307,6
arabis,5.91107,45.44919,6
arabis,5.84946,45.49583,6
arabis,6.46377,45.07296,6
arabis,5.90872,45.4042,6
arabis,6.86317,45.33027,6
arabis,6.6257,45.60864,6
arabis,7.06096,45.41342,6
arabis,6.62865,45.65362,6
arabis,7.12147,45.36613,6
arabis,6.61104,45.38376,6
arabis,6.74473,45.46951,6
arabis,6.61982,45.51869,6
arabis,6.66892,45.29174,6
arabis,6.80865,45.46736,6
arabis,6.40029,45.07492,6
arabis,6.79079,46.14411,6
arabis,6.73221,46.2362,6
arabis,6.440242,59.243772,6
arabis,-19.083,63.983,6
arabis,-19.41,63.714,6
arabis,-19.489,63.69,6
arabis,-18.088,65.686,6
arabis,-23.169,65.777,6
arabis,-23.265,65.873,6
arabis,-19.46,63.674,6
arabis,-23.386,66.093,6
arabis,-19.821,64.518,6
arabis,-13.902,65.507,6
arabis,-18.848,63.981,6
arabis,-16.497,64.146,6
arabis,-16.401,64.223,6
arabis,-16.462,64.228,6
arabis,-16.473,64.159,6
arabis,-22.23,66.18,6
arabis,-21.156,64.337,6
arabis,-13.915,65.571,6
arabis,-21.321,64.364,6
arabis,-21.279,64.382,6
arabis,-19.105,63.975,6
arabis,14.511,65.447,6
arabis,27.125927,69.873389,6
arabis,13.61611,47.67222,6
arabis,25.69184,67.806302,6
arabis,6.88101,44.43167,6
arabis,5.9594,46.95725,6
arabis,20.27021,49.85803,6
arabis,23.1578,69.94302,6
arabis,8.43794,61.70525,6
arabis,-22.933333,71.9,6
arabis,-5.97,43.15,6
arabis,-0.79,42.95,6
arabis,27.416666,58.05,6
arabis,24.75,59.35,6
arabis,12.73,47.47,6
arabis,7.73114,46.38849,6
arabis,8.32269,46.79025,6
arabis,8.45365,46.78916,6
arabis,9.01784,45.928,6
arabis,8.12625,46.7916,6
arabis,5.348611,45.068889,6
arabis,-0.63,42.47,6
arabis,-0.66,42.51,6
arabis,7.21133,46.34366,6
arabis,7.5376,47.1984,6
arabis,7.07449,47.37776,6
arabis,7.53777,47.28835,6
arabis,8.59328,47.19266,6
arabis,7.81914,46.88929,6
arabis,8.52548,47.10336,6
arabis,8.32565,46.97014,6
arabis,6.95074,46.43279,6
arabis,7.92857,46.65768,6
arabis,7.6,46.5,6
arabis,-0.799438,42.957226,6
arabis,15.92094,66.04544,6
arabis,6.68272,44.05208,6
arabis,6.66535,43.78239,6
arabis,6.84994,44.44437,6
arabis,6.44425,44.24003,6
arabis,6.23586,44.0907,6
arabis,7.37353,44.05631,6
arabis,7.54051,44.0998,6
arabis,7.43031,44.02435,6
arabis,6.65036,44.83937,6
arabis,6.76527,44.85332,6
arabis,6.4118,43.70055,6
arabis,6.59881,45.04411,6
arabis,6.92462,44.24904,6
arabis,6.91961,43.86363,6
arabis,5.83831,44.08275,6
arabis,6.49014,43.84487,6
arabis,6.82158,46.12054,6
arabis,6.86953,45.27694,6
arabis,5.88261,45.51751,6
arabis,6.6622,45.67507,6
arabis,6.69829,46.21477,6
arabis,7.15504,45.38743,6
arabis,6.65033,45.49516,6
arabis,5.24973,45.71214,6
arabis,10.418611,47.390833,6
arabis,9.856389,46.928889,6
arabis,8.268611,46.776667,6
arabis,6.70719,44.23776,6
arabis,7.26456,47.45877,6
arabis,15.831423,67.216871,6
arabis,15.969888,67.207122,6
arabis,15.69276,67.165528,6
arabis,9.428898,62.740869,6
arabis,9.076146,62.544036,6
arabis,14.551469,66.357196,6
arabis,16.014256,67.161992,6
arabis,15.922258,67.171519,6
arabis,13.146889,64.479949,6
arabis,15.924319,67.225334,6
arabis,15.878354,67.234563,6
arabis,22.357501,69.545729,6
arabis,7.951238,62.515069,6
arabis,22.38779,69.617248,6
arabis,30.592629,70.424543,6
arabis,30.05342,70.19329,6
arabis,28.465237,70.344912,6
arabis,27.50919,70.27045,6
arabis,24.755814,70.157469,6
arabis,26.452684,70.888037,6
arabis,25.751776,71.153673,6
arabis,26.333873,70.349624,6
arabis,26.067461,70.348446,6
arabis,26.602055,70.260743,6
arabis,26.336777,70.259961,6
arabis,26.600313,70.35041,6
arabis,23.820432,70.508336,6
arabis,23.540951,70.422719,6
arabis,23.808034,70.418777,6
arabis,24.909065,68.634027,6
arabis,25.140008,68.816172,6
arabis,23.712872,69.702237,6
arabis,22.900056,69.307314,6
arabis,22.906219,69.353971,6
arabis,22.786634,69.444955,6
arabis,22.659087,69.446217,6
arabis,30.325492,70.420797,6
arabis,30.191964,70.418777,6
arabis,30.063022,70.369986,6
arabis,23.263811,70.33667,6
arabis,23.716285,69.745193,6
arabis,22.963367,69.981342,6
arabis,22.723959,70.252929,6
arabis,22.95498,69.891721,6
arabis,25.124868,68.995444,6
arabis,25.119173,69.038374,6
arabis,13.60975,64.4144,6
arabis,6.842517,60.514915,6
arabis,7.664675,60.434077,6
arabis,7.700283,60.452389,6
arabis,7.686922,60.423073,6
arabis,7.704471,60.438511,6
arabis,7.266253,60.681844,6
arabis,7.258795,60.667378,6
arabis,7.20805,60.724185,6
arabis,7.206727,60.698572,6
arabis,7.217368,60.688387,6
arabis,7.206849,60.745722,6
arabis,7.252932,60.775517,6
arabis,7.196453,60.734806,6
arabis,7.212592,60.757922,6
arabis,7.178227,60.732763,6
arabis,6.383573,60.546231,6
arabis,6.362122,60.540868,6
arabis,6.343842,60.541404,6
arabis,9.655353,62.066846,6
arabis,9.679399,62.072565,6
arabis,9.671343,62.097739,6
arabis,9.637892,62.101039,6
arabis,9.58084,62.122835,6
arabis,9.587711,62.032141,6
arabis,9.692999,62.081474,6
arabis,9.712099,62.079582,6
arabis,9.618973,62.065667,6
arabis,9.628733,62.121279,6
arabis,9.632332,62.110042,6
arabis,9.615006,62.10608,6
arabis,9.640557,62.091153,6
arabis,8.082015,61.095304,6
arabis,7.860373,61.121451,6
arabis,7.332086,60.842528,6
arabis,7.291499,60.827201,6
arabis,7.311458,60.832392,6
arabis,7.648649,60.688492,6
arabis,7.622869,60.691822,6
arabis,7.628471,60.732287,6
arabis,7.549037,60.704512,6
arabis,7.571332,60.718221,6
arabis,7.637115,60.701396,6
arabis,7.618534,60.707491,6
arabis,7.663895,60.718278,6
arabis,7.649652,60.708257,6
arabis,7.598038,60.694258,6
arabis,7.597627,60.703682,6
arabis,7.590805,60.71304,6
arabis,7.547465,60.678454,6
arabis,7.520209,60.594193,6
arabis,7.554735,60.618367,6
arabis,7.575403,60.626222,6
arabis,7.530609,60.60643,6
arabis,7.884717,60.798864,6
arabis,7.970239,60.796404,6
arabis,7.973423,60.840425,6
arabis,7.893395,60.840239,6
arabis,7.828182,60.8123,6
arabis,7.903148,60.79722,6
arabis,7.911876,60.810759,6
arabis,7.912094,60.831413,6
arabis,20.246665,69.09375,6
arabis,21.256379,69.54361,6
arabis,21.12819,69.543751,6
arabis,18.883666,68.9029,6
arabis,22.409829,69.538112,6
arabis,22.287615,69.671729,6
arabis,22.415764,69.627761,6
arabis,22.66731,69.578832,6
arabis,22.416539,69.670737,6
arabis,22.421753,69.717409,6
arabis,18.768332,68.811694,6
arabis,18.900672,68.723653,6
arabis,18.777295,68.722077,6
arabis,19.026196,68.678435,6
arabis,18.653936,68.720411,6
arabis,18.903057,68.676951,6
arabis,19.619063,69.089849,6
arabis,14.037234,65.235102,6
arabis,16.311433,67.92423,6
arabis,16.92202,68.09768,6
arabis,16.801969,68.099032,6
arabis,16.056767,67.567237,6
arabis,15.701894,67.479457,6
arabis,15.794487,66.804346,6
arabis,15.794939,66.761353,6
arabis,15.797846,66.851051,6
arabis,16.029529,66.93943,6
arabis,15.800776,66.940748,6
arabis,16.169345,66.992292,6
arabis,16.029489,66.982422,6
arabis,16.033327,67.02912,6
arabis,15.569907,66.852036,6
arabis,14.664181,66.404156,6
arabis,15.266793,66.22935,6
arabis,15.077649,66.175731,6
arabis,15.113569,66.763314,6
arabis,15.113157,66.673606,6
arabis,16.414267,67.654231,6
arabis,16.532072,67.653165,6
arabis,16.457786,67.595531,6
arabis,16.431026,67.541938,6
arabis,16.068927,67.83628,6
arabis,15.80971,67.209832,6
arabis,15.925365,67.209206,6
arabis,16.041014,67.208497,6
arabis,16.262893,67.027465,6
arabis,16.267571,67.117147,6
arabis,14.66663,66.89207,6
arabis,14.88643,66.763314,6
arabis,14.772861,66.763191,6
arabis,14.434229,66.67263,6
arabis,14.66053,66.673281,6
arabis,14.886842,66.673606,6
arabis,17.164161,68.13769,6
arabis,17.043919,68.139218,6
arabis,15.64125,68.39269,6
arabis,17.042054,68.096241,6
arabis,13.618825,65.052356,6
arabis,14.203744,65.034178,6
arabis,14.043714,65.055675,6
arabis,13.831255,65.054166,6
arabis,9.29338,62.725141,6
arabis,9.488961,62.724596,6
arabis,9.097204,62.545898,6
arabis,7.180986,62.085161,6
arabis,7.560186,62.132652,6
arabis,7.620994,60.786465,6
arabis,7.126438,59.839307,6
arabis,6.793567,59.474828,6
arabis,6.969948,59.477687,6
arabis,6.623524,59.382008,6
arabis,6.799403,59.385094,6
arabis,6.787696,59.56456,6
arabis,6.617224,59.471731,6
arabis,6.447685,59.378685,6
arabis,6.805202,59.295358,6
arabis,6.454408,59.288972,6
arabis,6.661169,59.346753,6
arabis,6.629785,59.292283,6
arabis,7.672249,59.576518,6
arabis,8.553782,59.851882,6
arabis,8.641617,60.808403,6
arabis,9.095203,61.91756,6
arabis,8.907234,61.109611,6
arabis,8.619719,61.104619,6
arabis,8.657498,61.041875,6
arabis,8.39747,61.085855,6
arabis,8.508422,61.10426,6
arabis,7.952857,61.913612,6
arabis,7.5794332,62.1328148,6
arabis,26.624249,69.527965,6
arabis,26.65015,69.510091,6
arabis,26.930889,69.734528,6
arabis,25.57682,68.715579,6
arabis,25.132145,68.720223,6
arabis,25.751087,69.129405,6
arabis,26.861549,68.470484,6
arabis,26.93083,69.752456,6
arabis,26.369757,69.473446,6
arabis,26.956839,69.689717,6
arabis,26.395047,69.4825,6
arabis,26.327371,69.19538,6
arabis,26.383131,69.007325,6
arabis,25.157552,68.711533,6
arabis,25.12552,68.504903,6
arabis,26.595419,69.69822,6
arabis,26.700823,69.546042,6
arabis,25.827282,68.64577,6
arabis,25.111267,68.675148,6
arabis,26.496841,69.500752,6
arabis,26.35682,69.052053,6
arabis,25.151618,68.783215,6
arabis,25.34353,68.865906,6
arabis,26.483134,69.007656,6
arabis,26.811614,68.604913,6
arabis,25.198918,68.810629,6
arabis,26.420842,69.473623,6
arabis,26.224916,69.239775,6
arabis,26.931238,69.626961,6
arabis,26.445923,69.491634,6
arabis,26.982606,69.734541,6
arabis,26.547992,69.500892,6
arabis,25.128389,68.765023,6
arabis,26.956875,69.671789,6
arabis,26.861659,68.452554,6
arabis,18.23454,67.16201,6
arabis,7.128889,46.386111,6
arabis,-5.0351,43.2878,6
arabis,-4.5333,41.1,6
arabis,-0.6765,42.5079,6
arabis,-3.0735,41.7479,6
arabis,14.719611,66.290259,6
arabis,14.92239,66.162274,6
arabis,14.656489,66.148455,6
arabis,14.666567,66.224735,6
arabis,14.830742,66.335276,6
arabis,14.010314,65.952764,6
arabis,14.006831,66.042467,6
arabis,13.169428,65.406551,6
arabis,13.175659,65.316873,6
arabis,14.70976,67.142472,6
arabis,14.721139,67.155947,6
arabis,14.590615,67.366469,6
arabis,8.160397,61.286599,6
arabis,8.1106,62.3815,6
arabis,11.2749,62.927,6
arabis,10.3138,63.02,6
arabis,9.2936,62.7431,6
arabis,11.7155,62.5779,6
arabis,11.8998,62.6715,6
arabis,13.438,64.5105,6
arabis,22.1372,69.715,6
arabis,9.5054,59.6317,6
arabis,7.1883234,59.8248191,6
arabis,7.3252376,59.5842112,6
arabis,7.2689333,59.646313,6
arabis,6.7213,59.847,6
arabis,7.829167,46.593333,6
arabis,14.037221,56.805334,6
arabis,20.232967,67.852012,6
arabis,12.769982,62.800764,6
arabis,12.464561,62.713215,6
arabis,8.5846,61.8034,6
arabis,27.8564,70.4385,6
arabis,7.5106,60.5654,6
arabis,8.5196,60.9786,6
arabis,8.6942,61.0779,6
arabis,8.581,59.8205,6
arabis,9.0631,62.0401,6
arabis,8.9509,61.0796,6
arabis,7.5581303,62.1775163,6
arabis,7.2148047,62.4608242,6
arabis,17.2463,68.2686,6
arabis,9.0379,61.7556,6
arabis,18.4381,68.8788,6
arabis,10.4516,63.0097,6
arabis,8.2478,60.7529,6
arabis,8.2782,62.0436,6
arabis,17.2332,68.2827,6
arabis,7.1686049,62.4243222,6
arabis,8.8505,61.5252,6
arabis,8.0519,60.5496,6
arabis,13.2775,64.5776,6
arabis,6.6956281,59.3364951,6
arabis,9.5004,62.8263,6
arabis,11.2475,62.9544,6
arabis,8.1178,62.4668,6
arabis,21.7422,69.874,6
arabis,8.9059,61.557,6
arabis,12.132,63.9491,6
arabis,19.0042,69.6356,6
arabis,8.70421,62.65769,6
arabis,7.1990829,62.8826412,6
arabis,7.5585307,62.168516,6
arabis,14.4669,65.6769,6
arabis,7.4453,62.1602,6
arabis,9.8762,62.0611,6
arabis,13.2363,64.5681,6
arabis,11.6595,62.9322,6
arabis,11.7347,62.576,6
arabis,9.8348,62.8516,6
arabis,10.8676,62.7175,6
arabis,9.7446,63.1678,6
arabis,9.7996,62.2773,6
arabis,9.4904,62.8128,6
arabis,11.525,63.6546,6
arabis,16.0927,67.0736,6
arabis,7.7469,62.5253,6
arabis,13.8456,64.969,6
arabis,9.7463,62.4587,6
arabis,9.7364,62.4497,6
arabis,11.1358,63.0459,6
arabis,9.5201,62.8262,6
arabis,9.6075,62.3067,6
arabis,10.0516,62.8696,6
arabis,7.642,62.0545,6
arabis,7.01267,62.17854,6
arabis,11.3617,62.9031,6
arabis,10.363,63.0151,6
arabis,11.2758,62.6846,6
arabis,11.7656,62.9077,6
arabis,24.536333,48.153175,6
arabis,33.712781,67.627393,6
arabis,33.826582,67.68226,6
arabis,33.766667,67.65,6
arabis,65.833333,66.916667,6
arabis,26.631889,68.349061,6
arabis,25.706691,67.537389,6
arabis,29.721842,67.788884,6
arabis,23.993699,68.098009,6
arabis,28.031794,67.090892,6
arabis,28.555382,68.073184,6
arabis,25.916461,68.076951,6
arabis,29.947209,67.695232,6
arabis,27.358798,68.259426,6
arabis,26.630434,68.438712,6
arabis,26.874167,68.439073,6
arabis,27.117904,68.439078,6
arabis,27.363074,68.528379,6
arabis,25.696832,67.716665,6
arabis,20.699573,69.090092,6
arabis,20.707282,69.063361,6
arabis,20.585351,69.049819,6
arabis,20.757115,69.065189,6
arabis,20.654869,69.070427,6
arabis,20.734752,69.055365,6
arabis,29.711466,67.699326,6
arabis,27.600608,68.25873,6
arabis,22.054952,68.99974,6
arabis,29.690972,67.520203,6
arabis,20.602424,69.077479,6
arabis,18.99209,67.89299,6
arabis,18.66156,67.63672,6
arabis,18.689,67.63625,6
arabis,18.78083,67.61359,6
arabis,13.39879,62.04815,6
arabis,12.18934,62.84693,6
arabis,12.44902,62.88678,6
arabis,12.21362,62.78495,6
arabis,12.54213,62.54807,6
arabis,12.63242,62.85668,6
arabis,12.28183,62.56783,6
arabis,12.51936,62.92377,6
arabis,12.35772,62.59586,6
arabis,12.43837,62.89469,6
arabis,12.44513,62.81767,6
arabis,12.78765,62.8389,6
arabis,12.29929,62.85776,6
arabis,12.48384,62.91378,6
arabis,12.69261,62.88128,6
arabis,12.24787,62.75551,6
arabis,12.18573,62.88663,6
arabis,12.39024,62.75778,6
arabis,12.5409,62.86653,6
arabis,13.05381,62.94554,6
arabis,12.68003,62.90897,6
arabis,12.62261,62.83648,6
arabis,12.5644,62.75244,6
arabis,12.36354,62.57674,6
arabis,12.49357,62.69246,6
arabis,12.30798,62.76326,6
arabis,12.29819,62.72368,6
arabis,12.71156,62.91434,6
arabis,12.68293,62.94177,6
arabis,12.78619,62.90769,6
arabis,12.39342,62.70146,6
arabis,12.52452,62.94015,6
arabis,12.60073,62.80208,6
arabis,12.20009,62.80975,6
arabis,12.14497,62.76292,6
arabis,12.28779,62.61617,6
arabis,12.73735,62.39112,6
arabis,12.45074,62.73311,6
arabis,13.75871,62.19398,6
arabis,12.53965,62.76282,6
arabis,14.8026465,67.1022946,6
arabis,28.6636437,70.6688511,6
arabis,11.5252425,78.9113046,6
arabis,13.9895,77.4809,6
arabis,25.9259739,70.9915508,6
arabis,17.1916,68.2783,6
arabis,17.1907,68.2693,6
arabis,16.3992,67.2013,6
arabis,15.1494,67.0548,6
arabis,17.1132,68.0864,6
arabis,16.2725,67.2113,6
arabis,14.5423,68.7674,6
arabis,15.1337637,68.6585661,6
arabis,16.8805,68.0309,6
arabis,14.5141318,67.1375936,6
arabis,16.1876,67.1312,6
arabis,19.3263549,68.793907,6
arabis,22.3617,70.23,6
arabis,21.983,69.7339,6
arabis,21.9523,69.9134,6
arabis,22.1026,70.0426,6
arabis,30.3293,70.1875,6
arabis,21.6575,70.0806,6
arabis,21.9968,70.0253,6
arabis,21.9645,69.8954,6
arabis,31.0255894,70.3392472,6
arabis,29.5762,69.9601,6
arabis,21.2177,69.5257,6
arabis,30.223,70.2891,6
arabis,29.8525,69.8751,6
arabis,25.1402427,68.8009475,6
arabis,19.1122,69.1433,6
arabis,26.1615,70.0036,6
arabis,22.3365,70.0051,6
arabis,26.4826,70.2649,6
arabis,26.5614,70.301,6
arabis,25.9669759,70.9963513,6
arabis,30.2597,69.814,6
arabis,29.7024,70.6313,6
arabis,22.3758,70.0048,6
arabis,22.34,70.0589,6
arabis,9.8293,62.3620472,6
arabis,9.5464969,62.2153384,6
arabis,13.078611,47.272222,6
arabis,8.98333,42.4,6
arabis,9.25,42.53333,6
arabis,9.35,42.55,6
arabis,9.1,42.21667,6
arabis,9.06667,42.21667,6
arabis,9.1,42.13333,6
arabis,9.11667,42.23333,6
arabis,7.5061,60.6023,6
arabis,6.7671327,61.5698835,6
arabis,6.60452,61.7242879,6
arabis,0.15431,44.79766,6
arabis,0.61372,42.91789,6
arabis,7.42332,43.93449,6
arabis,7.56203,44.10908,6
arabis,7.68673,44.10382,6
arabis,7.69415,44.19366,6
arabis,2.21048,42.49191,6
arabis,6.90731,43.68388,6
arabis,7.43731,44.11421,6
arabis,6.94446,44.22319,6
arabis,7.03747,43.76922,6
arabis,2.80774,45.55433,6
arabis,2.55573,45.01335,6
arabis,6.18395,44.06773,6
arabis,5.37821,45.7095,6
arabis,5.38208,45.79951,6
arabis,6.3672,45.05339,6
arabis,6.4941,45.04948,6
arabis,6.96962,44.58281,6
arabis,5.71497,44.71085,6
arabis,5.46259,44.71676,6
arabis,6.42255,43.88036,6
arabis,6.55121,45.94904,6
arabis,6.41665,45.86305,6
arabis,6.41717,43.79046,6
arabis,5.80971,44.07797,6
arabis,5.9205,46.23741,6
arabis,6.71204,44.50165,6
arabis,5.7457,45.34074,6
arabis,6.63853,45.31527,6
arabis,6.83158,44.40743,6
arabis,6.11335,45.06078,6
arabis,6.97596,44.67272,6
arabis,6.89347,45.30668,6
arabis,6.65626,45.58512,6
arabis,6.64442,45.40521,6
arabis,6.77822,45.49093,6
arabis,7.02741,45.3921,6
arabis,6.60938,44.86554,6
arabis,6.73584,44.86136,6
arabis,6.90609,45.48655,6
arabis,6.69439,44.23189,6
arabis,6.11836,45.15075,6
arabis,6.71796,44.59157,6
arabis,6.8438,44.58726,6
arabis,5.87795,45.42752,6
arabis,-23.392778,64.825,6
arabis,15.23184,65.8107,6
arabis,30.74006,70.33463,6
arabis,9.437222,62.140556,6
arabis,20.39393,69.24917,6
arabis,9.6375,62.362222,6
arabis,9.54294,62.0616,6
arabis,18.68625,68.40538,6
arabis,20.09306,69.72228,6
arabis,12.43347,63.2606,6
arabis,12.30912,63.18363,6
arabis,12.35864,62.56322,6
arabis,9.6063,62.3071,7
arabis,-6.24,43.09,7
arabis,20.37844,68.9439,7
arabis,-5.98,43.27,7
arabis,18.67663,68.35683,7
arabis,24.716667,35.2,7
arabis,21.183333,39.666667,7
arabis,21.216667,39.483333,7
arabis,21.183333,39.616667,7
arabis,21.75,38.8,7
arabis,21.383333,39.5,7
arabis,22.116667,38.733333,7
arabis,21.383333,39.65,7
arabis,22.233333,38.633333,7
arabis,21.15,39.616667,7
arabis,21.2,39.533333,7
arabis,20.783333,39.966667,7
arabis,21.65,39.016667,7
arabis,21.5,39.566667,7
arabis,7.01615,46.38807,7
arabis,7.1459,46.43346,7
arabis,7.08203,46.25337,7
arabis,8.51107,46.3838,7
arabis,-18.066,64.769,7
arabis,-18.041,64.725,7
arabis,-21.728,66.059,7
arabis,-18.679,64.633,7
arabis,-16.923,65.114,7
arabis,-18.848,64.661,7
arabis,2.65107,44.99118,7
arabis,2.77759,45.08154,7
arabis,1.18327,42.75385,7
arabis,1.50393,42.92089,7
arabis,2.01171,42.70994,7
arabis,1.47838,42.78255,7
arabis,6.78459,46.05416,7
arabis,6.14129,44.99241,7
arabis,6.08285,45.08415,7
arabis,2.14445,42.43498,7
arabis,2.12403,42.40807,7
arabis,2.134,42.42966,7
arabis,2.05774,42.63623,7
arabis,1.76804,42.55855,7
arabis,2.0007,42.63029,7
arabis,2.11281,42.38156,7
arabis,6.47293,46.24441,7
arabis,6.45307,45.92955,7
arabis,6.71695,46.01133,7
arabis,6.7784,45.96422,7
arabis,6.79079,46.14411,7
arabis,6.45025,45.88456,7
arabis,6.84603,46.00702,7
arabis,6.84289,45.96205,7
arabis,6.73221,46.2362,7
arabis,6.71391,45.96635,7
arabis,6.72609,46.14625,7
arabis,6.84918,46.05199,7
arabis,6.53485,46.19744,7
arabis,5.74542,44.68758,7
arabis,6.80865,45.46736,7
arabis,6.66892,45.29174,7
arabis,6.73264,45.28963,7
arabis,5.248,44.87894,7
arabis,6.99712,45.41572,7
arabis,6.87569,45.51014,7
arabis,6.67189,45.33671,7
arabis,6.66596,45.24676,7
arabis,5.12142,44.88143,7
arabis,7.0101,45.59558,7
arabis,5.18998,45.0152,7
arabis,7.0036,45.50565,7
arabis,7.12814,45.45605,7
arabis,6.87884,45.55511,7
arabis,5.61929,44.69064,7
arabis,5.55826,44.7371,7
arabis,5.95414,46.25907,7
arabis,6.80327,46.324,7
arabis,6.34326,46.2483,7
arabis,6.05623,45.76073,7
arabis,6.7939,46.18908,7
arabis,6.78149,46.00919,7
arabis,6.73835,46.32615,7
arabis,6.58491,45.97051,7
arabis,6.59962,46.1954,7
arabis,6.60554,46.28536,7
arabis,6.53776,46.24242,7
arabis,6.64643,45.92348,7
arabis,6.69879,45.74148,7
arabis,6.06622,45.9407,7
arabis,6.26233,45.98027,7
arabis,6.91056,46.00481,7
arabis,6.60851,46.33033,7
arabis,16.325564,67.753664,7
arabis,16.270952,67.619529,7
arabis,15.938304,67.541054,7
arabis,11.523392,63.636713,7
arabis,16.408909,67.564562,7
arabis,14.111633,66.832627,7
arabis,16.323036,67.708827,7
arabis,16.256496,67.790094,7
arabis,16.279706,67.780943,7
arabis,16.291539,67.565538,7
arabis,16.542051,67.805594,7
arabis,16.313024,67.52948,7
arabis,16.41373,67.645265,7
arabis,16.366103,67.6367,7
arabis,14.34681,65.694368,7
arabis,16.183579,67.754754,7
arabis,14.477983,65.667957,7
arabis,15.93937,67.567959,7
arabis,16.58583,67.751344,7
arabis,10.088907,62.55067,7
arabis,14.281994,65.676132,7
arabis,12.272549,65.536688,7
arabis,16.187667,67.835463,7
arabis,14.391196,65.658663,7
arabis,14.370759,65.604745,7
arabis,-15.354,64.677,7
arabis,-15.431,64.666,7
arabis,-21.384,64.029,7
arabis,-21.045,64.316,7
arabis,-18.807,64.648,7
arabis,-19.489,63.69,7
arabis,-21.377,64.263,7
arabis,-18.782,64.693,7
arabis,-21.279,64.382,7
arabis,-18.851,65.299,7
arabis,-21.697,64.208,7
arabis,8.054329,44.304759,7
arabis,13.633333,47.55,7
arabis,13.583333,47.65,7
arabis,13.5,47.65,7
arabis,13.5,47.55,7
arabis,13.666667,47.55,7
arabis,13.533334,47.583332,7
arabis,13.6,47.55,7
arabis,13.5,47.6,7
arabis,-3.36,37.05,7
arabis,-3.32,37.05,7
arabis,4.92049,47.33946,7
arabis,4.78809,47.34157,7
arabis,7.47093,46.02904,7
arabis,16.77887,67.53771,7
arabis,25.712101,67.649571,7
arabis,6.77935,44.34413,7
arabis,6.8851,44.42963,7
arabis,6.72535,44.26313,7
arabis,4.86553,47.34392,7
arabis,5.82799,46.96055,7
arabis,6.24378,47.31002,7
arabis,5.96929,47.13719,7
arabis,6.34242,46.76655,7
arabis,20.8033,69.0441,7
arabis,2.66279,45.01834,7
arabis,3.19441,45.15934,7
arabis,29.9707,70.52672,7
arabis,19.1306,68.8211,7
arabis,12.44379,63.25127,7
arabis,12.2822,62.56282,7
arabis,16.03834,66.72698,7
arabis,11.17,47.53,7
arabis,11.3,47.43,7
arabis,10.94,47.47,7
arabis,9.193416,42.145593,7
arabis,8.980859,42.224045,7
arabis,9.436389,46.980556,7
arabis,8.03354,60.61076,7
arabis,6.6968235,59.4488994,7
arabis,6.7890289,59.387598,7
arabis,7.1235263,59.7072139,7
arabis,6.7926207,59.5897058,7
arabis,2.87,39.76,7
arabis,-4.91,43.2,7
arabis,-2.83,37.37,7
arabis,-3.53,41.06,7
arabis,-5.9,43.26,7
arabis,-5.32,43.1,7
arabis,-6.01,43.25,7
arabis,14.34921,66.43901,7
arabis,17.60818,68.29731,7
arabis,9.6746,62.31629,7
arabis,1.06,41.35,7
arabis,-0.55,42.75,7
arabis,2.2,42.26,7
arabis,2.16,42.29,7
arabis,1.01,42.56,7
arabis,0.87,42.57,7
arabis,2.38,42.12,7
arabis,1.11,42.57,7
arabis,1.73,42.31,7
arabis,1,42.58,7
arabis,8.93442,47.59354,7
arabis,8.05821,46.94851,7
arabis,8.52655,47.05816,7
arabis,8.38423,46.56485,7
arabis,12.494,46.699,7
arabis,-3.34,37.05,7
arabis,10.42691,46.9346,7
arabis,7.67016,47.33313,7
arabis,8.38897,46.8347,7
arabis,8.05613,46.38719,7
arabis,8.39056,46.92464,7
arabis,8.4562,46.92408,7
arabis,6.945,47.06246,7
arabis,7.01117,47.01775,7
arabis,7.6688,47.01832,7
arabis,7.14517,46.5684,7
arabis,8.9534,45.92889,7
arabis,9.01914,45.97297,7
arabis,8.32417,46.8802,7
arabis,8.25995,46.97063,7
arabis,8.83599,46.38026,7
arabis,8.99117,45.8883,7
arabis,9.08634,46.06198,7
arabis,18.81759,68.4685,7
arabis,6.59881,45.04411,7
arabis,6.21957,44.69732,7
arabis,6.4829,44.86958,7
arabis,6.42653,44.87291,7
arabis,6.7866,44.38763,7
arabis,6.35103,44.78353,7
arabis,6.64828,43.86029,7
arabis,6.24294,44.81661,7
arabis,6.27295,44.7456,7
arabis,6.28364,45.06006,7
arabis,6.29306,43.79428,7
arabis,6.34902,44.6838,7
arabis,6.91345,43.77375,7
arabis,6.48849,44.95953,7
arabis,6.34034,44.60364,7
arabis,6.21443,44.60737,7
arabis,6.98718,45.47481,7
arabis,5.95785,44.52445,7
arabis,7.02112,45.48545,7
arabis,6.3672,45.05339,7
arabis,6.84994,44.44437,7
arabis,6.98778,45.49398,7
arabis,6.47733,44.77964,7
arabis,6.68618,46.03487,7
arabis,5.21725,44.90208,7
arabis,7.0006,45.48546,7
arabis,6.68016,45.94492,7
arabis,6.91243,45.57649,7
arabis,7.00478,45.46857,7
arabis,5.99632,44.93812,7
arabis,5.09061,44.90453,7
arabis,6.30948,46.22676,7
arabis,7.16177,45.47735,7
arabis,6.41665,45.86305,7
arabis,6.12884,44.74082,7
arabis,6.69222,46.12482,7
arabis,6.82785,46.21048,7
arabis,6.02533,45.7841,7
arabis,6.36413,45.00015,7
arabis,5.98069,44.95881,7
arabis,6.69829,46.21477,7
arabis,6.46984,44.9957,7
arabis,5.71497,44.71085,7
arabis,5.92531,46.3274,7
arabis,6.94444,46.02617,7
arabis,6.57457,46.30887,7
arabis,6.81532,46.0306,7
arabis,6.10835,44.97081,7
arabis,7.04049,45.57195,7
arabis,6.80909,45.94065,7
arabis,6.03522,45.96406,7
arabis,15.060278,47.66,7
arabis,18.463333,68.406667,7
arabis,8.698611,47.027778,7
arabis,8.683056,47.033611,7
arabis,8.874722,46.868056,7
arabis,7.868611,46.2075,7
arabis,7.663889,46.473056,7
arabis,8.210833,47.524444,7
arabis,7.183333,47.2,7
arabis,4.82257,47.3333,7
arabis,6.83182,44.3407,7
arabis,7.40684,47.45654,7
arabis,13.715818,65.212941,7
arabis,14.0916,66.714063,7
arabis,9.714615,62.416562,7
arabis,22.64417,69.937951,7
arabis,14.707575,66.384481,7
arabis,25.220944,69.954646,7
arabis,11.578503,63.148925,7
arabis,9.721756,62.712741,7
arabis,23.309346,69.571635,7
arabis,13.01695,64.550069,7
arabis,14.549051,66.491758,7
arabis,22.241139,68.864904,7
arabis,13.015057,64.59674,7
arabis,13.821878,65.231757,7
arabis,13.722898,65.509128,7
arabis,14.171996,65.66478,7
arabis,24.409638,69.747234,7
arabis,22.056048,69.153173,7
arabis,21.850797,69.055652,7
arabis,23.555088,69.478474,7
arabis,11.519418,62.925478,7
arabis,13.928453,65.241528,7
arabis,11.80502,62.821289,7
arabis,9.52722,62.767461,7
arabis,15.408071,66.814832,7
arabis,9.967092,62.441969,7
arabis,13.925171,65.322266,7
arabis,14.069062,65.502675,7
arabis,15.06626,66.671813,7
arabis,14.176833,65.512271,7
arabis,11.693982,62.895309,7
arabis,22.822239,69.882389,7
arabis,20.156068,69.45031,7
arabis,8.70635,62.588628,7
arabis,14.388495,66.625783,7
arabis,14.908482,66.501352,7
arabis,14.998379,66.537263,7
arabis,10.532514,62.131649,7
arabis,14.451478,65.818569,7
arabis,14.998397,66.268129,7
arabis,21.806603,69.217304,7
arabis,22.565839,69.938659,7
arabis,9.701782,62.69489,7
arabis,22.561161,69.875911,7
arabis,5.922943,61.818439,7
arabis,9.716547,62.497339,7
arabis,14.247115,65.324216,7
arabis,22.004873,69.135541,7
arabis,14.133466,66.812984,7
arabis,21.753309,69.136827,7
arabis,28.214375,71.055251,7
arabis,13.96426,66.506924,7
arabis,11.908322,62.873085,7
arabis,11.59432,63.103734,7
arabis,13.099078,64.569104,7
arabis,22.781245,69.398388,7
arabis,23.544464,69.388885,7
arabis,14.930203,66.770489,7
arabis,14.548239,66.536612,7
arabis,22.653973,69.399646,7
arabis,13.873141,66.533211,7
arabis,13.511195,65.049511,7
arabis,23.045097,69.494176,7
arabis,13.819877,65.27661,7
arabis,13.513693,65.004662,7
arabis,22.814246,69.487758,7
arabis,7.315452,62.049074,7
arabis,14.368194,66.535989,7
arabis,9.703916,62.78464,7
arabis,14.093576,66.660245,7
arabis,13.740507,64.692644,7
arabis,14.246716,66.086864,7
arabis,13.643275,66.621115,7
arabis,13.11808,64.596276,7
arabis,10.630764,62.175418,7
arabis,13.147092,65.090322,7
arabis,13.943126,64.873709,7
arabis,14.318269,66.715206,7
arabis,11.718092,63.155301,7
arabis,13.77869,65.240387,7
arabis,23.243557,68.944372,7
arabis,10.628351,62.130554,7
arabis,13.73842,64.737499,7
arabis,15.043536,66.617995,7
arabis,9.605562,62.767146,7
arabis,22.737947,68.860555,7
arabis,14.772486,66.626808,7
arabis,25.457448,69.938917,7
arabis,14.885842,66.537221,7
arabis,7.104319,60.825068,7
arabis,15.021154,66.851239,7
arabis,15.10298,66.94722,7
arabis,29.827445,70.147478,7
arabis,12.156245,63.59883,7
arabis,14.386133,66.92319,7
arabis,24.368374,70.020886,7
arabis,-5.217222,35.160556,7
arabis,18.12355,67.18635,7
arabis,18.09044,67.18099,7
arabis,15.98786,66.01014,7
arabis,18.33333,68.38333,7
arabis,10.371887,61.758956,7
arabis,10.119509,61.809799,7
arabis,10.201336,61.757862,7
arabis,24.240418,70.060522,7
arabis,24.603279,70.106142,7
arabis,23.716285,69.745193,7
arabis,27.906635,70.41397,7
arabis,25.747202,69.447749,7
arabis,30.55462,70.518251,7
arabis,9.472226,61.771285,7
arabis,10.182166,61.216709,7
arabis,9.517326,61.54407,7
arabis,10.213935,61.55761,7
arabis,9.555589,61.579829,7
arabis,9.500539,61.669815,7
arabis,10.008405,61.604172,7
arabis,9.687215,61.570253,7
arabis,9.55763,61.76479,7
arabis,8.43794,61.70525,7
arabis,19.489984,68.958689,7
arabis,19.526808,68.967981,7
arabis,19.26557,68.770777,7
arabis,19.277824,68.638195,7
arabis,14.037234,65.235102,7
arabis,13.09095,64.81079,7
arabis,13.40643,65.050244,7
arabis,11.128031,62.689495,7
arabis,7.559732,62.174916,7
arabis,6.928903,60.265621,7
arabis,7.201965,60.257996,7
arabis,6.816952,60.317721,7
arabis,7.139549,60.376515,7
arabis,7.264142,60.49996,7
arabis,7.160204,60.331896,7
arabis,6.617224,59.471731,7
arabis,6.623524,59.382008,7
arabis,6.599049,59.354607,7
arabis,8.460829,60.541064,7
arabis,7.996664,60.520426,7
arabis,8.403542,60.762665,7
arabis,8.416504,61.059005,7
arabis,8.13599,61.156263,7
arabis,10.41537,61.640968,7
arabis,10.409674,61.549373,7
arabis,8.665133,61.053493,7
arabis,8.621222,60.978932,7
arabis,9.174197,61.008907,7
arabis,8.384912,61.654015,7
arabis,9.618495,61.977175,7
arabis,9.889642,62.062843,7
arabis,9.698959,62.09087,7
arabis,9.602684,62.064393,7
arabis,9.621999,62.073284,7
arabis,10.145791,61.751226,7
arabis,10.419933,61.773731,7
arabis,10.287416,61.740992,7
arabis,10.799836,62.433716,7
arabis,10.990868,62.66951,7
arabis,11.124172,62.635678,7
arabis,11.150801,62.599354,7
arabis,10.141338,62.141791,7
arabis,11.966202,61.686124,7
arabis,11.91078,61.780291,7
arabis,11.694398,61.821988,7
arabis,11.92772,61.97718,7
arabis,10.107922,61.751537,7
arabis,7.344219,59.586254,7
arabis,8.2654,61.184,7
arabis,26.672584,69.716309,7
arabis,26.646898,69.707296,7
arabis,25.648893,68.339558,7
arabis,25.7545,68.627315,7
arabis,25.825403,68.681622,7
arabis,27.788852,69.858279,7
arabis,25.804123,68.618708,7
arabis,25.147746,68.532056,7
arabis,26.398564,69.357008,7
arabis,25.805077,68.600782,7
arabis,25.629455,68.662213,7
arabis,25.672636,68.348715,7
arabis,25.755495,68.609389,7
arabis,26.698675,69.698428,7
arabis,25.705875,68.617982,7
arabis,26.700446,69.572934,7
arabis,25.976824,69.67778,7
arabis,25.776139,68.681273,7
arabis,25.802211,68.65456,7
arabis,28.433757,66.101174,7
arabis,26.00613,69.050379,7
arabis,27.008479,69.770397,7
arabis,-4.3525,43.0728,7
arabis,-2.6088,42.9811,7
arabis,-4.7968,43.1478,7
arabis,-3.3756,41.9905,7
arabis,-5.8768,42.8376,7
arabis,15.639653,67.410571,7
arabis,15.522035,67.366143,7
arabis,16.029529,66.93943,7
arabis,15.396701,66.828272,7
arabis,14.255302,66.916727,7
arabis,14.254618,66.939152,7
arabis,14.594415,67.142221,7
arabis,14.479073,67.141886,7
arabis,7.23398,60.86693,7
arabis,7.286977,60.533034,7
arabis,7.64304,60.734681,7
arabis,7.102648,60.26238,7
arabis,7.09186,60.152651,7
arabis,7.176695,60.019574,7
arabis,6.93058,60.2384,7
arabis,7.209152,60.231976,7
arabis,6.89018,60.30543,7
arabis,14.031158,66.51583,7
arabis,14.030722,66.527042,7
arabis,14.094522,66.628804,7
arabis,14.027464,66.61046,7
arabis,13.971781,66.592162,7
arabis,8.104815,61.272777,7
arabis,6.503298,60.984112,7
arabis,7.5121,60.5927,7
arabis,8.9155,61.5077,7
arabis,10.1171,62.5512,7
arabis,9.3463,63.069,7
arabis,11.6787,62.8196,7
arabis,11.7392,62.8364,7
arabis,11.7734,62.7819,7
arabis,11.5948,62.7583,7
arabis,14.8314,66.5059,7
arabis,14.5145,66.6219,7
arabis,13.7716,65.5425,7
arabis,14.1006,65.5421,7
arabis,14.9545,78.644,7
arabis,21.5344,69.8972,7
arabis,7.2693337,59.6373127,7
arabis,7.2689333,59.646313,7
arabis,7.3252376,59.5842112,7
arabis,19.0294889,69.6251418,7
arabis,-4.78,43.2,7
arabis,-5.39,43.01,7
arabis,-5.39,42.92,7
arabis,-6.36,43.01,7
arabis,-5.76,42.91,7
arabis,-5.63,42.92,7
arabis,-5.27,43.02,7
arabis,-5.51,42.92,7
arabis,12.75,47.6562,7
arabis,10.7915,47.5249,7
arabis,10.9582,47.5749,7
arabis,10.8749,47.5749,7
arabis,10.9582,47.6249,7
arabis,10.7082,47.5749,7
arabis,15.12167,48.52972,7
arabis,12.94556,46.605,7
arabis,-1.666,43.134,7
arabis,-1.727,43.152,7
arabis,20.232967,67.852012,7
arabis,14.264685,65.057428,7
arabis,14.311926,65.01063,7
arabis,14.464482,65.089764,7
arabis,24.7662,69.202,7
arabis,7.5106,60.5654,7
arabis,7.4886,60.645,7
arabis,7.4782,60.5951,7
arabis,8.2031892,61.379291,7
arabis,8.34,61.1754,7
arabis,8.2224,61.0446,7
arabis,10.3022569,61.4562153,7
arabis,9.4068093,61.8388217,7
arabis,9.5069,61.8273,7
arabis,9.1001369,60.9775842,7
arabis,6.42862,59.21149,7
arabis,7.6607,62.9071,7
arabis,7.1222849,60.6771518,7
arabis,8.1144,61.6616,7
arabis,19.0757921,69.6117416,7
arabis,15.0504511,67.2087015,7
arabis,28.2932,70.8901,7
arabis,9.7161,62.8164,7
arabis,14.0962,66.0116,7
arabis,8.4834,62.2344,7
arabis,7.0856838,60.6766514,7
arabis,8.5896,59.843,7
arabis,6.54486,59.53317,7
arabis,12.6851421,79.6172494,7
arabis,9.0430962,61.8524186,7
arabis,11.259,62.7207,7
arabis,11.6509,62.9459,7
arabis,12.0109,63.5514,7
arabis,24.9599,69.2923,7
arabis,8.1873,61.3272,7
arabis,14.4022,66.5466,7
arabis,9.3034,62.746,7
arabis,16.8836,68.6571,7
arabis,11.5142,63.6488,7
arabis,10.1658,62.7774,7
arabis,9.0729,62.5583,7
arabis,11.4444,62.5964,7
arabis,11.6722,62.7479,7
arabis,14.3538,65.459,7
arabis,12.616,79.6073,7
arabis,10.1195,62.5893,7
arabis,16.8538,68.5946,7
arabis,14.385,65.4641,7
arabis,11.6296,62.9283,7
arabis,15.0734,66.6356,7
arabis,11.8723,63.193,7
arabis,9.7009,62.7953,7
arabis,11.5066,78.9061,7
arabis,9.6269,62.3141,7
arabis,11.8573,79.1522,7
arabis,24.230819,48.222357,7
arabis,33.602775,67.686722,7
arabis,65.377579,66.957489,7
arabis,65.349675,67.051081,7
arabis,64.050113,67.4935,7
arabis,65.54301,67.054,7
arabis,65.5626,67.08051,7
arabis,65.734634,66.976161,7
arabis,66.29126,67.39945,7
arabis,13.125,46.775,7
arabis,13.33139,47.23,7
arabis,25.916461,68.076951,7
arabis,25.920652,67.98731,7
arabis,23.630325,68.687984,7
arabis,20.850864,69.046036,7
arabis,18.76061,68.34192,7
arabis,18.76393,68.35522,7
arabis,13.85557,61.59304,7
arabis,15.97965,66.03258,7
arabis,7.2211,59.8415,7
arabis,14.8028478,67.0798937,7
arabis,20.4680856,69.227335,7
arabis,9.4385689,62.7273582,7
arabis,16.7398742,68.093355,7
arabis,13.2846,66.2784,7
arabis,17.7682243,68.0524617,7
arabis,17.8902291,68.0682634,7
arabis,17.5619,68.448,7
arabis,17.7374144,68.1965678,7
arabis,17.7204221,68.0532614,7
arabis,20.1797747,69.1679302,7
arabis,14.8736,67.0459,7
arabis,17.7600221,68.083963,7
arabis,14.6488226,67.3891058,7
arabis,13.609523,68.2223329,7
arabis,17.7451,68.0457,7
arabis,20.292379,69.1908321,7
arabis,19.9950872,68.7992123,7
arabis,16.1056103,68.6415739,7
arabis,20.3682832,69.1821322,7
arabis,19.4558,68.7341,7
arabis,16.1762022,68.8159822,7
arabis,19.4847,68.6716,7
arabis,29.9725,70.5373,7
arabis,16.9212552,68.5399763,7
arabis,14.5915236,67.3306027,7
arabis,15.00108,47.26474,7
arabis,9.71666,46.46666,7
arabis,9.11667,42.23333,7
arabis,8.93333,42.25,7
arabis,9.06667,42.21667,7
arabis,7.1698,60.8323,7
arabis,7.01267,62.17854,7
arabis,5.9451929,61.8346852,7
arabis,7.3454303,62.027008,7
arabis,1.96438,42.66962,7
arabis,0.98379,42.83552,7
arabis,0.9869,42.74563,7
arabis,1.47242,42.84359,7
arabis,1.10886,42.74785,7
arabis,0.86165,42.83315,7
arabis,-0.36426,42.8917,7
arabis,-0.24206,42.89546,7
arabis,1.55203,44.55459,7
arabis,6.94446,44.22319,7
arabis,6.81943,44.22761,7
arabis,6.8255,44.31752,7
arabis,2.08621,42.67073,7
arabis,2.09042,42.40106,7
arabis,2.68266,45.01378,7
arabis,-2.616,42.609001,7
arabis,5.93013,46.41738,7
arabis,5.93497,46.50737,7
arabis,6.21149,46.77028,7
arabis,5.79541,46.33066,7
arabis,5.93983,46.59735,7
arabis,6.22472,44.78728,7
arabis,6.34568,44.69358,7
arabis,6.55121,45.94904,7
arabis,6.36179,44.96344,7
arabis,6.09344,44.70092,7
arabis,6.66817,45.76502,7
arabis,5.96257,44.61441,7
arabis,5.22081,44.99208,7
arabis,5.58879,44.71388,7
arabis,6.67112,43.87228,7
arabis,6.68272,44.05208,7
arabis,6.55805,44.0562,7
arabis,5.60126,44.98383,7
arabis,5.47049,44.89673,7
arabis,6.8561,44.7671,7
arabis,6.09839,44.79088,7
arabis,6.97596,44.67272,7
arabis,6.11335,45.06078,7
arabis,6.63853,45.31527,7
arabis,5.9205,46.23741,7
arabis,5.91571,46.14742,7
arabis,6.19405,44.24759,7
arabis,6.69439,44.23189,7
arabis,6.73584,44.86136,7
arabis,6.4941,45.04948,7
arabis,6.83158,44.40743,7
arabis,6.63267,45.22532,7
arabis,6.90609,45.48655,7
arabis,6.77822,45.49093,7
arabis,6.76601,45.31105,7
arabis,7.03394,45.48203,7
arabis,7.02741,45.3921,7
arabis,6.47177,44.6897,7
arabis,6.54541,45.85909,7
arabis,6.42224,45.95302,7
arabis,6.4391,46.22291,7
arabis,6.82158,46.12054,7
arabis,6.17462,46.14048,7
arabis,5.87795,45.42752,7
arabis,6.70437,46.30472,7
arabis,6.29325,45.95685,7
arabis,6.5687,46.21892,7
arabis,6.83415,46.30043,7
arabis,18.32691,68.42338,7
arabis,9.99101,62.15349,7
arabis,19.26147,68.97382,7
arabis,12.97254,66.24141,7
arabis,25.333334,45.75,7
arabis,-2.3,42.92,7
arabis,-2.22,42.82,7
arabis,-2.45,42.68,7
arabis,-2.64,42.61,7
arabis,-2.54,42.6,7
arabis,-2.33,42.95,7
arabis,-2.33,42.86,7
arabis,-2.77,42.79,7
arabis,-2.61,42.6,7
arabis,12.45964,63.12276,7
arabis,18.74595,68.32298,7
arabis,6.7357,59.4154,8
arabis,6.788,59.4253,8
arabis,12.46146,62.71776,8
arabis,18.37592,68.37831,8
arabis,14.7951,65.97056,8
arabis,15.19669,65.82828,8
arabis,12.31379,62.73323,8
arabis,18.2216,68.22522,8
arabis,19.83157,66.96492,8
arabis,18.65385,67.36015,8
arabis,18.55158,67.36193,8
arabis,18.45072,67.31336,8
arabis,18.7488,67.35575,8
arabis,18.52601,66.9729,8
arabis,17.93908,66.90363,8
arabis,18.66243,68.34443,8
arabis,18.6739,68.39016,8
arabis,20.733333,39.966667,8
arabis,27.866667,36.2,8
arabis,24.05,35.333333,8
arabis,-22.85,70.916667,8
arabis,7.09924,47.13456,8
arabis,9.659692,62.310489,8
arabis,-5.53,43.28,8
arabis,5.31315,44.92264,8
arabis,2.83985,45.53187,8
arabis,2.65022,45.12623,8
arabis,0.28767,42.75797,8
arabis,2.02022,42.67249,8
arabis,0.78074,42.94575,8
arabis,0.78383,42.93633,8
arabis,0.79554,42.94236,8
arabis,0.76942,42.93802,8
arabis,0.75897,42.93247,8
arabis,5.44177,44.96492,8
arabis,6.26283,44.8988,8
arabis,5.34895,45.77768,8
arabis,5.35279,45.86769,8
arabis,5.28464,45.779,8
arabis,2.23039,42.50633,8
arabis,2.62096,42.83674,8
arabis,5.61686,45.99703,8
arabis,6.02148,46.30236,8
arabis,5.62545,46.17703,8
arabis,5.62329,46.13203,8
arabis,5.7415,45.90398,8
arabis,6.24113,45.62038,8
arabis,6.2464,45.71035,8
arabis,5.88453,46.17075,8
arabis,5.77648,45.31745,8
arabis,6.02397,46.34735,8
arabis,6.15396,45.21733,8
arabis,5.69464,46.26551,8
arabis,5.18822,44.9702,8
arabis,5.73257,45.72399,8
arabis,6.52328,46.01752,8
arabis,6.85233,46.09696,8
arabis,5.75643,44.91252,8
arabis,6.74143,46.37112,8
arabis,6.84289,45.96205,8
arabis,6.79079,46.14411,8
arabis,6.58491,45.97051,8
arabis,6.83662,45.8721,8
arabis,6.84603,46.00702,8
arabis,6.80327,46.324,8
arabis,6.31871,45.84344,8
arabis,6.91056,46.00481,8
arabis,6.46155,46.06449,8
arabis,6.69879,45.74148,8
arabis,6.45872,46.01951,8
arabis,6.76609,45.78433,8
arabis,6.5204,45.97254,8
arabis,6.7784,45.96422,8
arabis,6.44744,45.83958,8
arabis,6.97509,46.00256,8
arabis,6.77531,45.91925,8
arabis,6.51753,45.92756,8
arabis,6.83975,45.91708,8
arabis,6.57323,45.7906,8
arabis,6.78459,46.05416,8
arabis,6.65838,46.10338,8
arabis,6.47008,46.19943,8
arabis,6.2517,45.80033,8
arabis,6.71391,45.96635,8
arabis,5.94446,46.0791,8
arabis,6.58784,46.01549,8
arabis,13.8125,46.23833,8
arabis,19.688565,68.767472,8
arabis,-18.075,66.107,8
arabis,8.236831,45.935935,8
arabis,8.997156,44.722117,8
arabis,7.923821,44.201621,8
arabis,7.507256,44.203946,8
arabis,14.953611,46.79222,8
arabis,13.5,47.6,8
arabis,-3.39,37.09,8
arabis,9.16932,42.17249,8
arabis,-2.83,37.36,8
arabis,16.63391,66.221,8
arabis,29.693551,66.19656,8
arabis,27.590362,65.739482,8
arabis,29.202184,66.202978,8
arabis,20.811388,69.046906,8
arabis,24.046736,68.065355,8
arabis,21.198905,69.107748,8
arabis,-2.94,37.81,8
arabis,25.782288,67.659079,8
arabis,24.523055,67.752445,8
arabis,25.496167,67.710497,8
arabis,25.756836,67.694757,8
arabis,5.92531,46.3274,8
arabis,6.37602,47.30625,8
arabis,6.62829,47.11839,8
arabis,5.82799,46.96055,8
arabis,5.97426,47.22716,8
arabis,6.22755,47.04017,8
arabis,5.68761,46.78373,8
arabis,5.8186,46.78059,8
arabis,5.68316,46.69374,8
arabis,2.73217,45.12559,8
arabis,17.71832,66.95306,8
arabis,64.761568,67.369635,8
arabis,64.087744,67.627963,8
arabis,10.44,47.63,8
arabis,11.54,47.77,8
arabis,11.54,47.82,8
arabis,11.46,47.87,8
arabis,11.54,47.87,8
arabis,11.3,47.43,8
arabis,10.99,47.67,8
arabis,10.47,47.66,8
arabis,11.46,47.92,8
arabis,12.3,47.12,8
arabis,13.23,47.55,8
arabis,13.7,47.47,8
arabis,13.7,47.49,8
arabis,13.07,47.59,8
arabis,2.331339,42.313484,8
arabis,-2.33,42.82,8
arabis,-3.36,37.05,8
arabis,-4.81,37.92,8
arabis,-4.91,43.2,8
arabis,-4.81,43.18,8
arabis,-4.84,43.19,8
arabis,-4.69,43.21,8
arabis,-4.7,43.2,8
arabis,-4.94,43.25,8
arabis,-4.96,43.2,8
arabis,-4.79,43.17,8
arabis,-4.96,43.19,8
arabis,-4.71,43.21,8
arabis,-4.73,43.2,8
arabis,-4.93,43.22,8
arabis,-4.98,43.23,8
arabis,-2.77,43.04,8
arabis,-3.2,43.27,8
arabis,-2.82,43.04,8
arabis,-3.25,43.19,8
arabis,-3.58,43.19,8
arabis,-3.34,43.4,8
arabis,-3.59,43.17,8
arabis,-2.04,43.15,8
arabis,-3.43,43.13,8
arabis,16.88294,67.50554,8
arabis,2.16,42.29,8
arabis,0.87,42.65,8
arabis,1.92,42.35,8
arabis,1,42.45,8
arabis,1.97,42.31,8
arabis,1.85,42.31,8
arabis,-4.81,43.16,8
arabis,-2.58,41.78,8
arabis,2.39,42.28,8
arabis,1.12,42.75,8
arabis,1.36,42.49,8
arabis,-2.12,42.86,8
arabis,1,42.58,8
arabis,-1.82,41.74,8
arabis,1.89,42.33,8
arabis,-23.35,64.917,8
arabis,13.18,47.06,8
arabis,13.4,47.7,8
arabis,13.34,47.52,8
arabis,12.65,47.54,8
arabis,20.37137,68.96763,8
arabis,14.86725,65.92734,8
arabis,20.27222,68.9927,8
arabis,22.23921,68.25864,8
arabis,20.53236,68.5438,8
arabis,18.78997,68.36363,8
arabis,21.96174,68.33013,8
arabis,21.41798,68.57253,8
arabis,21.92471,68.21787,8
arabis,21.5205,68.5516,8
arabis,21.82161,68.25339,8
arabis,21.79603,68.25463,8
arabis,21.8498,68.27919,8
arabis,21.74956,68.4817,8
arabis,8.25927,46.92566,8
arabis,9.04826,46.96227,8
arabis,8.52655,47.05816,8
arabis,8.19425,46.97108,8
arabis,12.188,46.958,8
arabis,12.606389,46.745556,8
arabis,12.3175,47.458056,8
arabis,12.791,46.778,8
arabis,-1.79,41.71,8
arabis,-2.94,42.16,8
arabis,-1.75,41.72,8
arabis,-0.58,40.4,8
arabis,-0.47,40.4,8
arabis,-0.62,42.74,8
arabis,-3.06,41.78,8
arabis,7.66521,46.16375,8
arabis,8.32417,46.8802,8
arabis,7.47165,47.24341,8
arabis,9.01914,45.97297,8
arabis,8.95465,45.97386,8
arabis,8.05613,46.38719,8
arabis,7.14687,46.25355,8
arabis,10.00949,46.44971,8
arabis,6.29744,46.56304,8
arabis,7.27574,46.52368,8
arabis,7.3404,46.79362,8
arabis,9.01784,45.928,8
arabis,7.27641,46.29879,8
arabis,8.25721,46.79074,8
arabis,8.32491,46.92517,8
arabis,8.39056,46.92464,8
arabis,7.21171,46.2537,8
arabis,5.95415,47.18885,8
arabis,7.01009,47.15267,8
arabis,7.07633,47.10792,8
arabis,7.01045,47.10769,8
arabis,6.48751,46.87965,8
arabis,12.27688,63.03192,8
arabis,-3.776642,41.323133,8
arabis,6.26328,44.66378,8
arabis,6.8561,44.7671,8
arabis,6.3672,45.05339,8
arabis,6.58246,44.8379,8
arabis,5.58054,44.53392,8
arabis,6.59881,45.04411,8
arabis,6.08851,44.61096,8
arabis,5.61288,43.55874,8
arabis,5.82267,44.24802,8
arabis,6.96794,44.77472,8
arabis,6.7239,44.6815,8
arabis,6.71373,44.59265,8
arabis,5.89085,44.68478,8
arabis,5.84114,44.70769,8
arabis,6.82068,44.55902,8
arabis,6.34902,44.6838,8
arabis,6.57981,44.48505,8
arabis,5.70632,44.53091,8
arabis,6.69222,46.12482,8
arabis,5.65674,46.15378,8
arabis,5.72368,44.89081,8
arabis,5.34387,44.89948,8
arabis,5.91571,46.14742,8
arabis,6.28252,45.7769,8
arabis,6.76599,45.52906,8
arabis,6.79668,45.76076,8
arabis,6.53964,45.76913,8
arabis,5.22081,44.99208,8
arabis,5.76357,45.70071,8
arabis,5.98069,44.95881,8
arabis,6.41665,45.86305,8
arabis,6.28787,45.86688,8
arabis,5.38208,45.79951,8
arabis,5.77259,45.88069,8
arabis,5.91094,46.05744,8
arabis,5.38597,45.88952,8
arabis,6.12339,45.24072,8
arabis,6.55702,46.039,8
arabis,6.4391,46.22291,8
arabis,6.68016,45.94492,8
arabis,5.32522,44.44953,8
arabis,7.594722,46.144167,8
arabis,7.946111,46.317778,8
arabis,9.278611,47.153889,8
arabis,7.179852,46.542844,8
arabis,7.6775,46.351111,8
arabis,7.711111,46.384167,8
arabis,8.518481,47.336731,8
arabis,18.43011,68.54371,8
arabis,-0.24,42.307,8
arabis,-0.204,42.297,8
arabis,7.60227,44.14268,8
arabis,7.5547,44.00513,8
arabis,7.40684,47.45654,8
arabis,7.117956,61.840008,8
arabis,8.035183,62.271425,8
arabis,17.461522,68.214357,8
arabis,8.41609,62.497957,8
arabis,8.512989,62.507304,8
arabis,19.86586,69.628042,8
arabis,8.841772,62.75041,8
arabis,20.920214,69.900704,8
arabis,14.352234,65.414422,8
arabis,13.32965,64.553943,8
arabis,8.464641,63.0367,8
arabis,9.773788,63.206134,8
arabis,7.268816,61.859949,8
arabis,13.335121,64.464247,8
arabis,14.448596,65.953139,8
arabis,13.083261,64.497087,8
arabis,15.486994,67.121407,8
arabis,8.036226,61.634049,8
arabis,13.904623,65.815634,8
arabis,14.339797,65.90785,8
arabis,19.687713,68.756728,8
arabis,8.405343,63.036463,8
arabis,9.732891,63.161473,8
arabis,7.011038,61.730744,8
arabis,9.592652,63.0993,8
arabis,13.121173,64.551434,8
arabis,20.972984,69.416481,8
arabis,11.935555,63.53719,8
arabis,16.722156,68.340297,8
arabis,9.957593,61.535336,8
arabis,14.549608,67.170879,8
arabis,15.822863,67.931889,8
arabis,15.311928,67.180179,8
arabis,15.839913,66.915858,8
arabis,15.520256,67.197579,8
arabis,9.675161,62.30464,8
arabis,9.63409,62.294472,8
arabis,7.962604,62.520885,8
arabis,8.907955,62.445823,8
arabis,15.427343,66.818478,8
arabis,13.823177,66.968696,8
arabis,15.384521,68.448557,8
arabis,9.677407,62.315514,8
arabis,19.11139,49.23222,8
arabis,19.73806,49.20889,8
arabis,10.380831,61.768294,8
arabis,10.777275,61.741284,8
arabis,10.507472,61.788133,8
arabis,10.822617,61.531016,8
arabis,10.570332,62.490357,8
arabis,9.265634,61.987283,8
arabis,20.495925,70.173423,8
arabis,19.839712,69.152403,8
arabis,14.395684,65.465772,8
arabis,14.244349,65.413877,8
arabis,14.386759,65.311335,8
arabis,14.461485,65.329566,8
arabis,8.0451,60.422009,8
arabis,8.134087,60.545703,8
arabis,8.222207,60.671949,8
arabis,10.431169,61.607511,8
arabis,10.598444,61.560763,8
arabis,8.989236,61.062886,8
arabis,15.916313,68.534995,8
arabis,15.573688,67.092367,8
arabis,15.550057,67.065539,8
arabis,14.093163,66.974197,8
arabis,13.174584,66.387483,8
arabis,26.277235,68.424155,8
arabis,26.34486,68.612711,8
arabis,26.649269,69.563874,8
arabis,26.674784,69.572888,8
arabis,26.399254,68.415672,8
arabis,26.203224,68.450717,8
arabis,26.448385,68.39791,8
arabis,26.828688,69.58207,8
arabis,26.905351,69.662805,8
arabis,26.763639,68.497271,8
arabis,25.330172,68.713325,8
arabis,26.54444,68.460958,8
arabis,26.472296,68.415918,8
arabis,27.086296,69.797268,8
arabis,26.623776,69.554857,8
arabis,26.392769,68.657718,8
arabis,26.327095,69.204344,8
arabis,-4.8463,43.156,8
arabis,-3.8439,42.7085,8
arabis,-6.0794,43.2195,8
arabis,-4.4731,42.9813,8
arabis,-3.1974,42.9456,8
arabis,-3.222,42.9455,8
arabis,-4.8436,43.066,8
arabis,-6.6902,42.1389,8
arabis,-2.7619,38.0356,8
arabis,-3.6164,43.1692,8
arabis,28.6667,70.1833,8
arabis,-2.6356,42.603,8
arabis,-2.6406,41.7294,8
arabis,-0.6817,42.6971,8
arabis,-0.5576,42.7486,8
arabis,-1.0236,42.6946,8
arabis,-4.2419,43.0741,8
arabis,-3.8348,42.9427,8
arabis,-5.971,43.0152,8
arabis,-2.9406,42.3153,8
arabis,-6.6061,42.4434,8
arabis,-2.5717,43.035,8
arabis,-2.5371,42.7377,8
arabis,13.82861,47.45917,8
arabis,13.8,47.30417,8
arabis,12.94167,46.80667,8
arabis,10.79,47.62,8
arabis,10.79,47.67,8
arabis,11.96,47.62,8
arabis,12.54,48.07,8
arabis,10.96,47.67,8
arabis,10.861068,62.63942,8
arabis,9.636741,62.320074,8
arabis,22.12694,38.69917,8
arabis,16.7855,68.3531,8
arabis,7.109764,59.635107,8
arabis,7.154569,59.62677,8
arabis,7.076123,59.603184,8
arabis,7.083183,59.634722,8
arabis,7.014418,59.597772,8
arabis,7.182846,59.595723,8
arabis,7.260203,59.641684,8
arabis,7.015732,59.575332,8
arabis,7.094346,59.594467,8
arabis,7.2522,60.6718,8
arabis,7.1452299,59.6356113,8
arabis,-4.683,42.841,8
arabis,-4.49,42.988,8
arabis,-4.77,42.84,8
arabis,-6.36,43.01,8
arabis,-6.37,42.92,8
arabis,-5.39,42.92,8
arabis,-6.24,42.91,8
arabis,-4.78,43.2,8
arabis,-5.63,42.92,8
arabis,-5.51,42.92,8
arabis,-5.76,42.91,8
arabis,-4.91,43.11,8
arabis,-2.223,37.67,8
arabis,-5.15,43.02,8
arabis,0.99,42.48,8
arabis,20.90583,40.3175,8
arabis,22.23444,40.24778,8
arabis,22.31028,38.66111,8
arabis,22.18444,37.99583,8
arabis,21.85389,38.93583,8
arabis,10.3749,47.5249,8
arabis,10.5833,47.5562,8
arabis,-1.729421,42.855973,8
arabis,-1.810602,42.927698,8
arabis,-2.788,42.241,8
arabis,-2.97,42.259,8
arabis,9.09393,61.25685,8
arabis,18.686987,68.406956,8
arabis,12.097943,63.317131,8
arabis,12.691193,62.872404,8
arabis,12.453091,62.730517,8
arabis,14.464482,65.089764,8
arabis,7.4057,59.7846,8
arabis,8.2737,60.8249,8
arabis,9.5635,62.2199,8
arabis,15.5756824,77.0174538,8
arabis,9.2562963,62.0097271,8
arabis,11.1212,62.4356,8
arabis,17.5671,68.3878,8
arabis,11.6239,62.8656,8
arabis,7.1640212,59.8609203,8
arabis,9.7652,62.4406,8
arabis,10.8055,62.6629,8
arabis,9.5043,63.0506,8
arabis,12.4064,64.6232,8
arabis,11.6656,62.8917,8
arabis,7.2796,62.8795,8
arabis,10.9219,62.6524,8
arabis,64.64813,67.912895,8
arabis,59.017188,70.416285,8
arabis,17.25067,67.00615,8
arabis,16.69741,67.29207,8
arabis,16.69895,67.31953,8
arabis,23.846073,68.207492,8
arabis,21.195271,69.026634,8
arabis,23.766484,68.2836,8
arabis,29.230187,66.23084,8
arabis,21.24946,69.298419,8
arabis,20.934078,69.062559,8
arabis,21.126352,69.096274,8
arabis,21.185802,69.062308,8
arabis,12.23921,63.24489,8
arabis,18.61315,68.42849,8
arabis,18.27566,68.40303,8
arabis,18.6857,68.31864,8
arabis,18.68614,68.36961,8
arabis,18.39309,68.53732,8
arabis,12.36827,63.21005,8
arabis,12.442,63.25123,8
arabis,12.50104,63.15257,8
arabis,17.76135,67.10354,8
arabis,17.92055,67.40446,8
arabis,17.61671,64.41868,8
arabis,18.19104,67.12924,8
arabis,12.35658,62.92487,8
arabis,12.3103,62.89746,8
arabis,12.36581,62.87475,8
arabis,20.16777,69.02385,8
arabis,16.55645,67.3204,8
arabis,14.385105,65.456758,8
arabis,13.973022,65.511055,8
arabis,13.845193,65.56577,8
arabis,13.797574,66.313748,8
arabis,13.685196,66.286818,8
arabis,13.09569,65.621051,8
arabis,12.984316,65.348546,8
arabis,12.810257,65.451146,8
arabis,19.1444977,74.3846606,8
arabis,19.0426919,74.3775594,8
arabis,12.6471411,79.6089487,8
arabis,19.0746945,74.3725594,8
arabis,14.4650559,77.7572785,8
arabis,17.1858932,68.12176,8
arabis,17.2547746,68.4806764,8
arabis,14.5992658,68.2545434,8
arabis,12.9685111,67.9720159,8
arabis,14.2350371,66.8448783,8
arabis,14.646262,68.3443478,8
arabis,14.7920693,68.3356487,8
arabis,9.8369038,62.2857442,8
arabis,15.3189699,68.6941693,8
arabis,13.945333,68.2996395,8
arabis,15.4145851,68.532563,8
arabis,14.3031395,66.8541793,8
arabis,14.3491425,66.836479,8
arabis,14.3907,66.9241,8
arabis,14.2358387,66.8179772,8
arabis,16.0961061,68.6998764,8
arabis,20.7978533,70.0328736,8
arabis,19.2230467,68.8467085,8
arabis,19.0795263,69.0694174,8
arabis,17.8914943,68.6517893,8
arabis,23.8243316,69.6762784,8
arabis,23.7283327,69.5624727,8
arabis,16.2199114,68.7079778,8
arabis,23.7850335,69.6028749,8
arabis,23.7887321,69.6314762,8
arabis,30.7733724,70.4166496,8
arabis,25.1540151,69.3954742,8
arabis,23.7745298,69.6604774,8
arabis,23.8429318,69.6898792,8
arabis,25.671349,69.2454706,8
arabis,23.630416,69.7779818,8
arabis,23.7973306,69.6676779,8
arabis,25.7130641,68.9677584,8
arabis,23.7914312,69.6520771,8
arabis,19.5533695,68.733206,8
arabis,17.1170646,68.5376778,8
arabis,8.98333,42.4,8
arabis,9.18333,41.93333,8
arabis,9.1,42.18333,8
arabis,8.91667,42.38333,8
arabis,9.23333,41.8,8
arabis,8.9,42.4,8
arabis,8.81667,42.43333,8
arabis,8.95,42.38333,8
arabis,9.06667,42.25,8
arabis,9.23333,41.83333,8
arabis,9.03333,42.23333,8
arabis,6.2923149,61.6151802,8
arabis,6.150844,60.8935499,8
arabis,6.54486,59.53317,8
arabis,6.1126,60.5478,8
arabis,16.72572,67.52848,8
arabis,1.96438,42.66962,8
arabis,-0.48644,42.8878,8
arabis,0.25538,42.72938,8
arabis,0.73602,42.92054,8
arabis,-0.36426,42.8917,8
arabis,-0.49727,43.06749,8
arabis,5.77462,43.35856,8
arabis,5.6597,43.54148,8
arabis,2.57223,42.85361,8
arabis,6.8255,44.31752,8
arabis,2.80774,45.55433,8
arabis,-0.774,42.966999,8
arabis,-2.33,42.68,8
arabis,-2.33,42.59,8
arabis,-2.45,42.59,8
arabis,-1.23,42.66,8
arabis,-3.252,43.203999,8
arabis,-2.247,42.851002,8
arabis,-2.28,43.210999,8
arabis,-2.133,43.165001,8
arabis,-2.144,43.209999,8
arabis,-2.353,43.248001,8
arabis,-3.191,43.222,8
arabis,-1.8,43.216,8
arabis,-1.701,43.215,8
arabis,-1.773,43.314999,8
arabis,-1.787,43.234001,8
arabis,-1.242,42.894001,8
arabis,-1.83,42.928001,8
arabis,-1.791,43.018002,8
arabis,-1.351,42.966999,8
arabis,-1.692,43.062,8
arabis,-1.586,42.872002,8
arabis,-0.738,42.948002,8
arabis,-1.291,42.903999,8
arabis,-2.174,42.859001,8
arabis,-0.6,43.099998,8
arabis,-1.392,43.247002,8
arabis,2.68215,45.10382,8
arabis,5.79541,46.33066,8
arabis,5.80928,46.60062,8
arabis,5.95449,46.86728,8
arabis,5.9447,46.68733,8
arabis,6.38169,47.39619,8
arabis,5.9594,46.95725,8
arabis,5.69208,46.87372,8
arabis,6.35914,47.03641,8
arabis,6.0552,46.32399,8
arabis,5.66111,46.24378,8
arabis,5.64806,45.97378,8
arabis,6.80909,45.94065,8
arabis,6.82158,46.12054,8
arabis,6.83415,46.30043,8
arabis,6.66817,45.76502,8
arabis,6.48849,44.95953,8
arabis,6.86228,44.85703,8
arabis,6.59784,44.68567,8
arabis,6.47177,44.6897,8
arabis,6.60938,44.86554,8
arabis,6.9887,44.85255,8
arabis,6.61517,44.95548,8
arabis,5.69344,44.26101,8
arabis,6.09344,44.70092,8
arabis,5.81862,44.25787,8
arabis,6.58638,44.5058,8
arabis,5.68918,44.17106,8
arabis,6.62098,45.04543,8
arabis,5.93911,44.16464,8
arabis,5.71064,44.62088,8
arabis,5.96257,44.61441,8
arabis,6.72986,44.77143,8
arabis,6.97596,44.67272,8
arabis,6.09839,44.79088,8
arabis,6.94444,46.02617,8
arabis,6.80287,45.85071,8
arabis,6.81532,46.0306,8
arabis,6.938,45.93624,8
arabis,6.27185,45.59696,8
arabis,5.25339,45.80215,8
arabis,6.8438,44.58726,8
arabis,5.47446,44.98672,8
arabis,6.02533,45.7841,8
arabis,6.43346,46.13295,8
arabis,6.27718,45.68693,8
arabis,6.55121,45.94904,8
arabis,6.16942,46.0505,8
arabis,6.71047,46.39467,8
arabis,5.97682,44.88431,8
arabis,6.22989,44.87724,8
arabis,6.34568,44.69358,8
arabis,6.21957,44.69732,8
arabis,5.9816,44.97428,8
arabis,6.77822,45.49093,8
arabis,6.78435,45.58087,8
arabis,5.7457,45.34074,8
arabis,6.17462,46.14048,8
arabis,6.42784,46.04298,8
arabis,6.41108,45.77309,8
arabis,6.30948,46.22676,8
arabis,6.70437,46.30472,8
arabis,6.57457,46.30887,8
arabis,6.5687,46.21892,8
arabis,6.56285,46.12896,8
arabis,23.39987,68.0089,8
arabis,15.323654,65.239503,8
arabis,15.85874,65.419643,8
arabis,14.8397,65.8964,8
arabis,7.28355,59.792294,8
arabis,-1.3,42.62,8
arabis,-1.07,42.65,8
arabis,-1.15,42.64,8
arabis,-1.17,42.65,8
arabis,0.34,43.02,8
arabis,18.76039,68.35609,8
arabis,14.86062,65.9161,8
arabis,18.11326,67.76623,8
arabis,17.79846,67.82419,8
arabis,16.31483,66.06058,8
arabis,-3.37,43.19,8
arabis,-4.78,42.94,8
arabis,-0.84,42.85,8
arabis,-1.94,42.93,8
arabis,-3.32,43.27,8
arabis,-2.33,42.95,8
arabis,-1.92,42.87,8
arabis,-5.27,43.02,8
arabis,-2.08,42.94,8
arabis,-0.72,42.92,8
arabis,-2.23,42.85,8
arabis,-2.57,42.76,8
arabis,-2.27,42.88,8
arabis,-3.18,42.73,8
arabis,-2.81,43.07,8
arabis,-2.84,42.67,8
arabis,-3.21,42.95,8
arabis,-5.17,43.03,8
arabis,-4.41,43.03,8
arabis,-2.31,42.65,8
arabis,-3.35,41.98,8
arabis,6.051407,61.762937,8
arabis,12.53541,62.75778,8
arabis,12.09611,63.33756,8
arabis,13.08334,63.42932,8
arabis,-2.28,42.65,9
arabis,-2.27,42.8,9
arabis,-2.32,42.92,9
arabis,18.6984,68.37796,9
arabis,-4.79,43.19,9
arabis,16.2635,63.10409,9
arabis,18.7544,68.33138,9
arabis,18.71621,68.3898,9
arabis,18.74301,68.35792,9
arabis,14.49124,64.30497,9
arabis,16.11459,66.68358,9
arabis,13.9985,63.89716,9
arabis,18.13405,68.485,9
arabis,12.44062,63.24627,9
arabis,16.36338,66.30945,9
arabis,16.22858,66.31554,9
arabis,16.24766,66.33164,9
arabis,13.99397,63.87579,9
arabis,18.75117,68.3716,9
arabis,19.52042,68.23099,9
arabis,21.566667,40.416667,9
arabis,22.033333,38.133333,9
arabis,21.616667,39.333333,9
arabis,21.866667,38,9
arabis,22.3,38.65,9
arabis,13.2917,47.575,9
arabis,13.2083,47.625,9
arabis,11.636666,52.123055,9
arabis,6.1702,46.42674,9
arabis,6.10184,46.56091,9
arabis,7.99113,46.38752,9
arabis,6.16598,46.60663,9
arabis,6.10517,46.42599,9
arabis,13.19498,64.04044,9
arabis,-5.25,43.15,9
arabis,0.78002,42.92094,9
arabis,0.53296,42.83572,9
arabis,0.83899,42.96193,9
arabis,0.76452,42.92722,9
arabis,3.46196,44.5056,9
arabis,5.28745,44.29273,9
arabis,5.53998,44.33221,9
arabis,5.35382,44.38138,9
arabis,5.2319,44.47398,9
arabis,5.58097,45.23204,9
arabis,6.2464,45.71035,9
arabis,6.24113,45.62038,9
arabis,6.24376,45.66537,9
arabis,6.17444,45.57722,9
arabis,-0.41673,43.0526,9
arabis,6.40029,45.07492,9
arabis,0.13727,42.76869,9
arabis,0.10549,42.78348,9
arabis,5.73257,45.72399,9
arabis,5.79909,45.76741,9
arabis,6.5936,45.11391,9
arabis,3.09601,45.48692,9
arabis,2.968,45.48695,9
arabis,2.96802,45.44193,9
arabis,2.77524,45.66683,9
arabis,3.09617,45.57696,9
arabis,3.0319,45.30686,9
arabis,2.90383,45.57696,9
arabis,2.90399,45.48692,9
arabis,2.71103,45.66668,9
arabis,2.90406,45.44189,9
arabis,3.09609,45.53194,9
arabis,3.032,45.48695,9
arabis,2.48013,42.83877,9
arabis,5.52739,44.76272,9
arabis,6.79778,45.54495,9
arabis,5.70088,44.73249,9
arabis,5.31948,44.89193,9
arabis,5.53658,44.67452,9
arabis,5.53486,44.80403,9
arabis,5.81229,44.70532,9
arabis,5.58908,45.21209,9
arabis,5.38194,44.56181,9
arabis,2.77759,45.08154,9
arabis,2.58729,45.03598,9
arabis,2.6505,45.08121,9
arabis,2.45944,45.12547,9
arabis,2.84139,44.99161,9
arabis,2.71382,45.12642,9
arabis,2.65079,45.0362,9
arabis,2.71405,45.0814,9
arabis,2.65107,44.99118,9
arabis,2.77795,44.9915,9
arabis,2.77777,45.03652,9
arabis,2.71428,45.03638,9
arabis,2.84114,45.08165,9
arabis,2.65022,45.12623,9
arabis,2.58663,45.12602,9
arabis,2.5863,45.17104,9
arabis,5.34704,45.73268,9
arabis,5.29473,44.47269,9
arabis,6.08533,45.12914,9
arabis,6.15905,45.3073,9
arabis,6.14635,45.08238,9
arabis,5.74542,44.68758,9
arabis,2.47432,43.0036,9
arabis,2.17135,42.66383,9
arabis,2.02341,42.76911,9
arabis,2.98202,43.68975,9
arabis,1.86049,42.82338,9
arabis,3.57887,43.9337,9
arabis,5.24981,44.92394,9
arabis,6.02148,46.30236,9
arabis,5.31315,44.92264,9
arabis,5.8869,46.21574,9
arabis,5.56647,44.91707,9
arabis,5.95657,46.30406,9
arabis,5.89466,45.13425,9
arabis,5.95414,46.25907,9
arabis,5.248,44.87894,9
arabis,5.87613,44.77435,9
arabis,5.96061,45.17757,9
arabis,5.88216,46.12575,9
arabis,5.89001,45.04427,9
arabis,5.50114,44.87352,9
arabis,6.07543,44.9492,9
arabis,5.64465,45.23055,9
arabis,5.48125,44.42361,9
arabis,5.38222,45.05629,9
arabis,6.6838,45.51661,9
arabis,5.44767,45.09992,9
arabis,6.00725,44.86096,9
arabis,5.95347,45.04261,9
arabis,5.41847,44.42501,9
arabis,5.18822,44.9702,9
arabis,5.50918,45.05351,9
arabis,7.00036,45.46069,9
arabis,5.84025,45.31585,9
arabis,6.13877,44.94743,9
arabis,5.43591,44.82994,9
arabis,5.53395,44.19726,9
arabis,6.99712,45.41572,9
arabis,5.94872,44.95263,9
arabis,5.35279,45.86769,9
arabis,6.72304,46.10128,9
arabis,6.31871,45.84344,9
arabis,6.90418,45.91487,9
arabis,6.60258,46.24038,9
arabis,6.39415,46.02146,9
arabis,6.77223,45.87427,9
arabis,6.70181,45.78645,9
arabis,6.60554,46.28536,9
arabis,6.26233,45.98027,9
arabis,6.6524,46.01343,9
arabis,6.84603,46.00702,9
arabis,6.76609,45.78433,9
arabis,6.69879,45.74148,9
arabis,6.51466,45.88258,9
arabis,6.46155,46.06449,9
arabis,6.74143,46.37112,9
arabis,6.45872,46.01951,9
arabis,6.45025,45.88456,9
arabis,6.39971,46.11143,9
arabis,6.02397,46.34735,9
arabis,6.66439,46.19333,9
arabis,6.51753,45.92756,9
arabis,6.25435,45.84531,9
arabis,6.83975,45.91708,9
arabis,6.38308,45.84153,9
arabis,6.83662,45.8721,9
arabis,6.78149,46.00919,9
arabis,6.78769,46.09914,9
arabis,6.5465,46.37735,9
arabis,6.59962,46.1954,9
arabis,6.85233,46.09696,9
arabis,6.77531,45.91925,9
arabis,6.24905,45.75534,9
arabis,6.34326,46.2483,9
arabis,6.1384,46.0739,9
arabis,6.32414,45.93341,9
arabis,5.94446,46.0791,9
arabis,6.52617,46.0625,9
arabis,6.67646,46.37323,9
arabis,6.38584,45.88651,9
arabis,6.34051,46.20332,9
arabis,6.2517,45.80033,9
arabis,6.52328,46.01752,9
arabis,6.7784,45.96422,9
arabis,6.53776,46.24242,9
arabis,13.942811,64.920389,9
arabis,18.575305,68.969759,9
arabis,19.002056,69.575082,9
arabis,8.017961,44.205728,9
arabis,14.091389,47.84639,9
arabis,13.781389,47.81389,9
arabis,13.604722,47.829445,9
arabis,25.48889,35.04639,9
arabis,13.354445,48.06111,9
arabis,13.248611,48.071667,9
arabis,12.8625,46.612778,9
arabis,12.836111,48.163887,9
arabis,25.490555,35.115555,9
arabis,13.549723,47.6125,9
arabis,12.731667,46.634724,9
arabis,14.484167,48.192223,9
arabis,14.286389,47.642776,9
arabis,14.182777,47.63028,9
arabis,14.213611,47.872776,9
arabis,13.648889,47.503334,9
arabis,9.33519,42.3414,9
arabis,-23.395867,72.378433,9
arabis,21.442284,69.196334,9
arabis,21.377136,69.232901,9
arabis,26.978882,67.102829,9
arabis,21.055698,69.212195,9
arabis,27.586784,65.740347,9
arabis,20.842682,69.087651,9
arabis,25.930094,68.036732,9
arabis,21.201276,69.098829,9
arabis,25.712097,67.649571,9
arabis,24.519744,67.750152,9
arabis,25.746317,67.648494,9
arabis,25.788383,67.65509,9
arabis,29.502585,67.858376,9
arabis,27.156533,67.000037,9
arabis,6.8356,44.38688,9
arabis,6.85585,44.47463,9
arabis,6.68596,44.31098,9
arabis,6.68384,44.29435,9
arabis,6.8356,44.37788,9
arabis,6.77418,44.33368,9
arabis,6.78091,44.35213,9
arabis,6.71514,44.30049,9
arabis,6.76157,44.34166,9
arabis,6.8536,44.48588,9
arabis,6.76163,44.33188,9
arabis,6.67022,44.31909,9
arabis,5.82799,46.96055,9
arabis,5.66549,46.33377,9
arabis,20.27021,49.85803,9
arabis,2.66864,45.05107,9
arabis,2.79225,45.0099,9
arabis,2.75289,44.98045,9
arabis,2.62013,44.97141,9
arabis,2.58623,45.18412,9
arabis,2.78236,45.10349,9
arabis,2.72091,45.05571,9
arabis,5.60914,45.19318,9
arabis,2.558,45.13687,9
arabis,2.8199,45.07719,9
arabis,2.44311,45.12046,9
arabis,18.32946,68.40985,9
arabis,-2.33,42.95,9
arabis,-2.83,37.37,9
arabis,-2.89,37.09,9
arabis,-3.36,37.05,9
arabis,-3.34,37.05,9
arabis,15.06949,65.77583,9
arabis,-3.04,42.21,9
arabis,-2.76,43.05,9
arabis,-3.22,42.85,9
arabis,0.5,42.56,9
arabis,-2.17,42.85,9
arabis,-4.29,43.12,9
arabis,-2.12,42.75,9
arabis,-2.16,43.23,9
arabis,-0.76,42.97,9
arabis,-1.75,43.04,9
arabis,-3.18,42.73,9
arabis,-3.37,42.71,9
arabis,-3.34,42.7,9
arabis,-3.17,42.72,9
arabis,14.63127,65.68271,9
arabis,11.04167,46.85,9
arabis,24.2,48.275,9
arabis,2.45,42.41,9
arabis,7.576,62.247,9
arabis,7.922,46.605,9
arabis,13.23,47.74,9
arabis,13.41,47.11,9
arabis,13.36,47.11,9
arabis,13.01,47.23,9
arabis,12.99,47.83,9
arabis,12.72,47.17,9
arabis,13.13,47.14,9
arabis,13.39,47.21,9
arabis,13.29,47.49,9
arabis,13.51,47.48,9
arabis,12.82,47.12,9
arabis,12.26,47.18,9
arabis,13.42,47.1,9
arabis,12.53,47.18,9
arabis,13.28,47.64,9
arabis,12.67,47.58,9
arabis,13.77,47.24,9
arabis,12.17,47.22,9
arabis,13.05,47.82,9
arabis,13.21,47.44,9
arabis,12.94,47.94,9
arabis,13.36,47.2,9
arabis,13.08,47.8,9
arabis,20.78013,68.67766,9
arabis,21.96244,68.33108,9
arabis,9.39961,47.58661,9
arabis,12.183,46.916,9
arabis,13.11,47.815,9
arabis,13.13,47.576,9
arabis,-4.63,42.92,9
arabis,0.1,43.27,9
arabis,-3.67,42.23,9
arabis,-2.67,42.24,9
arabis,-7.11,42.66,9
arabis,-2.82,41.69,9
arabis,-0.58,40.46,9
arabis,-0.35,40.49,9
arabis,-4.78,42.93,9
arabis,-0.92,42.96,9
arabis,-0.75,42.88,9
arabis,-2.45,41.72,9
arabis,-6.228522,57.244394,9
arabis,65.509759,67.046534,9
arabis,8.06232,46.9269,9
arabis,7.47162,47.19844,9
arabis,8.52003,46.83353,9
arabis,7.07602,47.1529,9
arabis,8.25721,46.79074,9
arabis,6.74929,46.92651,9
arabis,8.58844,46.96781,9
arabis,8.71021,46.52857,9
arabis,8.33239,47.37488,9
arabis,7.93643,47.51218,9
arabis,8.52184,46.92348,9
arabis,7.60061,46.20884,9
arabis,8.32491,46.92517,9
arabis,7.5359,46.25389,9
arabis,7.47146,46.92859,9
arabis,8.4562,46.92408,9
arabis,9.82028,46.58884,9
arabis,6.10406,46.47096,9
arabis,7.27339,47.28827,9
arabis,7.40642,45.93908,9
arabis,7.60034,46.11888,9
arabis,7.66614,46.38864,9
arabis,7.60087,46.29879,9
arabis,6.4891,46.78971,9
arabis,8.31611,46.38548,9
arabis,8.45535,46.87911,9
arabis,8.52093,46.87851,9
arabis,8.58748,46.92284,9
arabis,8.00281,47.51187,9
arabis,7.01009,47.15267,9
arabis,6.74871,46.97149,9
arabis,7.01045,47.10769,9
arabis,8.00185,47.42194,9
arabis,8.38817,46.78972,9
arabis,8.32417,46.8802,9
arabis,6.94333,47.24235,9
arabis,7.67035,47.3781,9
arabis,10.21842,46.71482,9
arabis,7.20729,47.28816,9
arabis,7.27695,46.11888,9
arabis,8.26759,47.46531,9
arabis,7.34187,45.98402,9
arabis,8.84064,46.56014,9
arabis,10.1284,46.22193,9
arabis,8.90583,46.55932,9
arabis,5.97873,46.28947,9
arabis,14.68013,65.86132,9
arabis,7.9,48,9
arabis,7.51997,46.171391,9
arabis,-6.694339,42.486913,9
arabis,12.87,47.62,9
arabis,12.96,47.47,9
arabis,12.87,47.52,9
arabis,12.79,47.62,9
arabis,12.87,47.67,9
arabis,12.87,47.72,9
arabis,13.04,47.52,9
arabis,12.96,47.67,9
arabis,12.79,47.57,9
arabis,12.79,47.67,9
arabis,12.96,47.72,9
arabis,12.87,47.77,9
arabis,7.380359,44.150805,9
arabis,7.052066,45.076954,9
arabis,7.059533,44.615185,9
arabis,7.137539,44.91522,9
arabis,7.558374,45.671007,9
arabis,6.59881,45.04411,9
arabis,6.46017,44.73631,9
arabis,6.65959,43.6925,9
arabis,6.67112,43.87228,9
arabis,6.28364,45.06006,9
arabis,6.20421,44.42748,9
arabis,6.86228,44.85703,9
arabis,6.6617,44.17242,9
arabis,6.30345,43.97411,9
arabis,6.56368,44.14612,9
arabis,6.49014,43.84487,9
arabis,6.55805,44.0562,9
arabis,6.08851,44.61096,9
arabis,6.27295,44.7456,9
arabis,6.68272,44.05208,9
arabis,7.18119,44.03416,9
arabis,7.03747,43.76922,9
arabis,6.80136,43.95792,9
arabis,6.04,43.71158,9
arabis,6.33502,44.51369,9
arabis,6.48849,44.95953,9
arabis,6.30447,43.72853,9
arabis,6.36179,44.96344,9
arabis,5.89085,44.68478,9
arabis,6.66535,43.78239,9
arabis,6.16395,43.70804,9
arabis,6.6036,44.7756,9
arabis,6.42653,44.87291,9
arabis,6.09839,44.79088,9
arabis,6.09344,44.70092,9
arabis,6.96794,44.77472,9
arabis,5.55583,44.75348,9
arabis,6.8561,44.7671,9
arabis,6.69674,44.46252,9
arabis,6.44425,44.24003,9
arabis,6.36269,43.87451,9
arabis,5.69772,44.35097,9
arabis,5.81415,44.16792,9
arabis,6.26328,44.66378,9
arabis,6.80349,44.65264,9
arabis,5.31418,44.17961,9
arabis,5.52233,44.87923,9
arabis,6.7239,44.6815,9
arabis,6.46984,44.9957,9
arabis,6.82068,44.55902,9
arabis,6.65036,44.83937,9
arabis,5.56614,44.26176,9
arabis,6.76527,44.85332,9
arabis,7.2005,43.9627,9
arabis,6.24371,44.10606,9
arabis,7.1162,43.93769,9
arabis,6.38436,44.33913,9
arabis,5.94377,44.25459,9
arabis,6.44972,44.32996,9
arabis,6.61517,44.95548,9
arabis,6.60406,45.68608,9
arabis,5.63776,44.73459,9
arabis,6.5687,46.21892,9
arabis,6.66817,45.76502,9
arabis,6.27718,45.68693,9
arabis,6.54541,45.85909,9
arabis,5.32522,44.44953,9
arabis,6.12844,45.33069,9
arabis,5.35142,45.07947,9
arabis,5.91094,46.05744,9
arabis,6.14368,45.60062,9
arabis,6.92401,45.93126,9
arabis,5.56419,44.17405,9
arabis,6.55702,46.039,9
arabis,5.87329,45.33754,9
arabis,6.29325,45.95685,9
arabis,6.58046,46.39883,9
arabis,6.16942,46.0505,9
arabis,6.28787,45.86688,9
arabis,6.55121,45.94904,9
arabis,5.99121,45.15423,9
arabis,6.0552,46.32399,9
arabis,6.80287,45.85071,9
arabis,5.47844,45.07672,9
arabis,5.37821,45.7095,9
arabis,7.02741,45.3921,9
arabis,5.61386,45.2538,9
arabis,7.03394,45.48203,9
arabis,6.79668,45.76076,9
arabis,5.1996,44.45211,9
arabis,7.565,46.135,9
arabis,9.551944,62.288889,9
arabis,8.519281,47.333766,9
arabis,8.472519,47.395801,9
arabis,8.483344,47.402548,9
arabis,8.515332,47.384573,9
arabis,8.538201,47.378616,9
arabis,8.489912,47.391754,9
arabis,18.64055,68.3313,9
arabis,33.32,67.39,9
arabis,13.416667,46.383333,9
arabis,14.083333,37.766667,9
arabis,33.45,67.733333,9
arabis,0.533333,42.6,9
arabis,6.96917,45.45306,9
arabis,18.61998,67.8704,9
arabis,14.224248,66.981243,9
arabis,14.37582,67.013756,9
arabis,14.405824,67.006694,9
arabis,2.25686,42.6248,9
arabis,2.36405,42.46956,9
arabis,2.33235,42.60494,9
arabis,2.29418,42.45172,9
arabis,6.10662,47.07188,9
arabis,7.40684,47.45654,9
arabis,0.17817,42.78453,9
arabis,11.984752,63.49967,9
arabis,9.270625,62.375126,9
arabis,22.593157,70.297206,9
arabis,15.06714,66.395533,9
arabis,16.386265,67.607794,9
arabis,13.946273,65.331388,9
arabis,8.65122,62.446761,9
arabis,15.11182,66.377565,9
arabis,9.62209,62.544549,9
arabis,9.753626,62.364373,9
arabis,12.040638,63.348143,9
arabis,8.843955,62.64458,9
arabis,22.49014,70.342933,9
arabis,14.280478,65.674304,9
arabis,9.621716,62.526598,9
arabis,10.886896,61.635278,9
arabis,13.943126,64.873709,9
arabis,9.64095,62.517535,9
arabis,20.566111,69.371102,9
arabis,15.696643,67.30007,9
arabis,8.709175,62.464846,9
arabis,22.433748,70.298544,9
arabis,15.112021,66.42242,9
arabis,7.62275,62.898236,9
arabis,12.080474,63.546562,9
arabis,9.597797,62.302295,9
arabis,12.085053,63.501747,9
arabis,7.51659,60.312631,9
arabis,14.168085,66.780003,9
arabis,14.629082,68.352136,9
arabis,13.987317,66.977263,9
arabis,13.938422,68.301622,9
arabis,7.932762,62.526687,9
arabis,6.080517,60.538269,9
arabis,13.905786,66.876646,9
arabis,7.930714,62.510649,9
arabis,14.561736,68.28613,9
arabis,15.033791,68.304767,9
arabis,7.962604,62.520885,9
arabis,7.873671,62.511772,9
arabis,14.669507,68.347224,9
arabis,15.083612,68.314203,9
arabis,16.109138,67.808994,9
arabis,18.366595,68.747594,9
arabis,14.146355,66.816671,9
arabis,14.770594,68.211045,9
arabis,8.210781,61.578353,9
arabis,13.74444,46.43556,9
arabis,15.29139,48.01194,9
arabis,19.32472,49.01722,9
arabis,19.87611,49.16917,9
arabis,20.28778,49.21722,9
arabis,19.63472,49.21278,9
arabis,22.51972,49.07417,9
arabis,19.10028,49.23139,9
arabis,7.10722,60.85306,9
arabis,8.87611,42.28806,9
arabis,19.48534,68.24741,9
arabis,18.72271,68.36663,9
arabis,7.172742,59.808522,9
arabis,19.115943,69.711507,9
arabis,26.333347,69.822923,9
arabis,-4.4623,43.0445,9
arabis,-4.7,43.2033,9
arabis,12.7103,46.6519,9
arabis,13.0422,47.0889,9
arabis,-4.7438,43.0135,9
arabis,-4.7908,42.9407,9
arabis,-0.7699,42.96,9
arabis,-2.6983,42.2429,9
arabis,-4.038,42.6349,9
arabis,-7.5346,42.2519,9
arabis,-3.037,41.0003,9
arabis,-2.8544,37.3688,9
arabis,-2.7837,42.063,9
arabis,-4.6431,42.9159,9
arabis,-3.5201,41.9449,9
arabis,2.1483,42.3933,9
arabis,15.22778,47.58611,9
arabis,14.33944,47.02278,9
arabis,14.33361,47.03694,9
arabis,13.96944,47.6,9
arabis,11.54,47.57,9
arabis,12.46,47.72,9
arabis,11.37,47.42,9
arabis,11.12,47.52,9
arabis,11.04,47.42,9
arabis,11.46,47.57,9
arabis,11.37,47.57,9
arabis,12.54,47.62,9
arabis,12.04,47.67,9
arabis,11.04,47.47,9
arabis,11.62,47.52,9
arabis,12.79,47.77,9
arabis,12.54,47.72,9
arabis,11.71,47.67,9
arabis,10.87,47.52,9
arabis,12.71,47.72,9
arabis,11.62,47.67,9
arabis,11.21,47.37,9
arabis,11.04,47.52,9
arabis,11.46,47.62,9
arabis,12.37,47.67,9
arabis,11.46,47.52,9
arabis,11.21,47.47,9
arabis,12.79,47.72,9
arabis,10.87,47.77,9
arabis,10.96,47.42,9
arabis,10.96,47.47,9
arabis,11.12,47.47,9
arabis,11.62,47.62,9
arabis,11.71,47.57,9
arabis,11.54,47.52,9
arabis,11.54,47.67,9
arabis,11.96,47.62,9
arabis,11.29,47.47,9
arabis,11.29,47.37,9
arabis,11.12,47.37,9
arabis,11.96,47.72,9
arabis,11.21,47.42,9
arabis,10.96,47.52,9
arabis,11.29,47.62,9
arabis,11.37,47.47,9
arabis,11.29,47.42,9
arabis,11.79,47.62,9
arabis,11.04,47.37,9
arabis,12.54,47.77,9
arabis,12.04,47.72,9
arabis,11.37,47.62,9
arabis,11.12,47.42,9
arabis,12.04,47.62,9
arabis,11.87,47.57,9
arabis,11.71,47.62,9
arabis,10.96,47.62,9
arabis,12.37,47.72,9
arabis,10.96,47.37,9
arabis,11.96,47.67,9
arabis,10.96,47.57,9
arabis,10.87,47.57,9
arabis,12.62,47.77,9
arabis,11.79,47.67,9
arabis,12.62,47.67,9
arabis,11.54,47.62,9
arabis,10.87,47.62,9
arabis,11.04,47.57,9
arabis,11.12,47.57,9
arabis,12.71,47.67,9
arabis,11.87,47.67,9
arabis,11.29,47.52,9
arabis,11.37,47.52,9
arabis,12.46,47.67,9
arabis,12.62,47.72,9
arabis,21.36972,39.0375,9
arabis,15.9075,47.905,9
arabis,7.144228,59.653564,9
arabis,7.117632,59.653185,9
arabis,7.058573,59.308352,9
arabis,6.988635,59.302797,9
arabis,7.189002,59.662722,9
arabis,7.164557,59.655202,9
arabis,7.079819,59.850219,9
arabis,7.2192,59.6569,9
arabis,7.2484341,59.6123115,9
arabis,7.3329435,59.445506,9
arabis,-5.131,43.068,9
arabis,0.189,42.621,9
arabis,-6.265,42.848,9
arabis,-5.08,43.005,9
arabis,-5.149,42.887,9
arabis,-6.218,42.81,9
arabis,-5.179,43.031,9
arabis,-5.067,42.997,9
arabis,-6.206,42.801,9
arabis,-6.694,42.506,9
arabis,-6.494,42.313,9
arabis,12.7,47.066667,9
arabis,-5.12,35.27,9
arabis,-5.1503,35.1365,9
arabis,-5.13,35.12,9
arabis,21.94611,40.63806,9
arabis,21.35,39.66667,9
arabis,22.57667,38.75694,9
arabis,22.23222,38.80639,9
arabis,21.97639,38.61944,9
arabis,22.44611,37.98389,9
arabis,11.8749,47.6249,9
arabis,11.4582,47.6749,9
arabis,12.8749,47.5749,9
arabis,12.9583,47.5749,9
arabis,9.0275,42.22722,9
arabis,14.4225,40.82194,9
arabis,22.27778,37.64722,9
arabis,22.16944,37.65,9
arabis,22.26667,37.65,9
arabis,19.672566,69.713649,9
arabis,21.73437,70.328502,9
arabis,21.801986,70.343471,9
arabis,14.75146,67.082783,9
arabis,12.51403,63.18491,9
arabis,10.96,47.67,9
arabis,13.04,47.57,9
arabis,12.96,47.52,9
arabis,11.21,47.52,9
arabis,11.46,47.92,9
arabis,11.79,47.57,9
arabis,10.98,47.69,9
arabis,9.51846,62.53672,9
arabis,20.81484,69.4953,9
arabis,20.232967,67.852012,9
arabis,20.202771,67.84908,9
arabis,11.2954477,62.4533654,9
arabis,8.5836,59.8255,9
arabis,11.9315002,61.7681436,9
arabis,10.9664,62.3063,9
arabis,8.6697189,61.0611831,9
arabis,10.7732,62.5131,9
arabis,10.754,62.5004,9
arabis,13.7698032,78.2071933,9
arabis,15.0198087,78.6355251,9
arabis,14.1086818,65.9600389,9
arabis,10.7711297,62.4385597,9
arabis,11.101912,60.7905965,9
arabis,9.7441936,62.4343493,9
arabis,10.9417247,62.6787711,9
arabis,6.9505,62.0528,9
arabis,10.9207,62.5574,9
arabis,24.6872112,70.8771382,9
arabis,15.5111924,66.8414895,9
arabis,8.3579,62.527,9
arabis,10.7699431,62.1409475,9
arabis,10.469,62.9631,9
arabis,15.1110103,78.6623272,9
arabis,6.6980243,59.4308987,9
arabis,9.7981028,62.2769434,9
arabis,10.7953,62.4765,9
arabis,16.49453,67.50082,9
arabis,15.3,47.63333,9
arabis,14.95833,46.775,9
arabis,13.29167,47.425,9
arabis,14.875,47.075,9
arabis,14.95833,47.025,9
arabis,25.147746,68.532056,9
arabis,26.915301,67.148044,9
arabis,22.993761,68.521394,9
arabis,21.126352,69.096274,9
arabis,25.898699,68.024466,9
arabis,22.286741,68.619841,9
arabis,21.049664,69.192633,9
arabis,21.217813,69.036397,9
arabis,23.002893,68.490628,9
arabis,21.558363,69.182507,9
arabis,21.094975,69.212198,9
arabis,23.634085,68.68761,9
arabis,26.001156,68.05511,9
arabis,21.505933,69.189833,9
arabis,24.400869,68.595728,9
arabis,24.077008,68.148455,9
arabis,21.297192,69.021071,9
arabis,29.316488,67.918124,9
arabis,11.7712597,62.5659746,9
arabis,9.6989,62.42327,9
arabis,13.911995,46.399623,9
arabis,13.745342,46.499604,9
arabis,-0.32,40.45,9
arabis,18.48409,68.35792,9
arabis,10.612695,63.27907,9
arabis,15.9203,66.7741,9
arabis,13.7208,66.6819,9
arabis,14.1245,66.7923,9
arabis,20.4040805,69.2585359,9
arabis,12.8406503,78.5329997,9
arabis,19.1339952,69.6083419,9
arabis,20.4297829,69.2406353,9
arabis,18.9983,69.6983,9
arabis,19.5452,68.8784,9
arabis,19.9497901,68.709208,9
arabis,19.0286883,69.6340422,9
arabis,20.0753518,69.4611425,9
arabis,22.8476439,70.3172009,9
arabis,25.9394744,70.9961511,9
arabis,30.2614366,70.5931553,9
arabis,29.7001082,70.5218495,9
arabis,17.9513121,68.4042788,9
arabis,29.0126,70.2342,9
arabis,29.2603899,70.3766408,9
arabis,25.8262651,71.0492529,9
arabis,22.8275221,68.8910367,9
arabis,9.7767058,62.1963399,9
arabis,19.161717,69.2856277,9
arabis,13.3776217,68.0856247,9
arabis,26.292027,70.3701248,9
arabis,13.642806,51.106289,9
arabis,1.51,42.495,9
arabis,9.4,42.81667,9
arabis,9.31667,42.53333,9
arabis,7.1247,60.1083,9
arabis,5.6857,61.4163,9
arabis,7.6921,60.4299,9
arabis,7.202,60.258,9
arabis,5.582,60.3884,9
arabis,8.5436,61.4316,9
arabis,-3.23087,47.91019,9
arabis,-1.62098,43.29539,9
arabis,-0.60303,42.79393,9
arabis,1.84077,42.75827,9
arabis,1.71679,42.84679,9
arabis,1.59242,42.93517,9
arabis,-0.85885,42.96509,9
arabis,0.00701,42.81271,9
arabis,-0.99353,43.14027,9
arabis,0.48753,43.00499,9
arabis,0.4953,42.82522,9
arabis,0.62109,42.73813,9
arabis,0.73602,42.92054,9
arabis,0.85834,42.92305,9
arabis,0.85501,43.01294,9
arabis,0.12906,42.81604,9
arabis,7.16148,43.76455,9
arabis,6.91345,43.77375,9
arabis,1.96278,42.75952,9
arabis,2.33091,42.58263,9
arabis,2.33296,42.40286,9
arabis,2.08196,42.94047,9
arabis,2.20926,42.5818,9
arabis,2.45001,42.85305,9
arabis,2.44831,43.03291,9
arabis,2.3278,42.85236,9
arabis,3.06217,43.84399,9
arabis,2.57223,42.85361,9
arabis,2.69397,42.94395,9
arabis,2.93803,43.66402,9
arabis,2.20804,42.6717,9
arabis,2.32884,42.76244,9
arabis,3.5604,43.93257,9
arabis,2.20682,42.76161,9
arabis,1.83898,42.84818,9
arabis,5.31052,44.08964,9
arabis,5.65139,43.36165,9
arabis,7.56203,44.10908,9
arabis,7.1746,43.94429,9
arabis,7.67933,44.01397,9
arabis,6.91961,43.86363,9
arabis,7.42332,43.93449,9
arabis,2.80774,45.55433,9
arabis,2.68266,45.01378,9
arabis,2.55573,45.01335,9
arabis,2.80929,45.10411,9
arabis,2.68215,45.10382,9
arabis,2.55429,45.19343,9
arabis,2.8096,45.01407,9
arabis,2.55501,45.10339,9
arabis,2.42787,45.10281,9
arabis,3.06398,45.46443,9
arabis,3.06409,45.55448,9
arabis,3.06378,45.28434,9
arabis,2.93602,45.46443,9
arabis,2.93591,45.55448,9
arabis,2.80743,45.64438,9
arabis,2.67905,45.64408,9
arabis,-1.17,42.856998,9
arabis,-2.169,43.237,9
arabis,0.19,42.612,9
arabis,5.93497,46.50737,9
arabis,5.93983,46.59735,9
arabis,5.80464,46.51064,9
arabis,5.9594,46.95725,9
arabis,5.93013,46.41738,9
arabis,6.07036,46.59392,9
arabis,5.21369,44.81208,9
arabis,5.46259,44.71676,9
arabis,6.83415,46.30043,9
arabis,5.77259,45.8807,9
arabis,6.80909,45.94065,9
arabis,6.69222,46.12482,9
arabis,6.82158,46.12054,9
arabis,6.74183,44.95129,9
arabis,6.15393,45.78057,9
arabis,6.60938,44.86554,9
arabis,6.98232,44.76264,9
arabis,6.73584,44.86136,9
arabis,6.23508,44.9672,9
arabis,6.97596,44.67272,9
arabis,6.71796,44.59157,9
arabis,5.96257,44.61441,9
arabis,6.47177,44.6897,9
arabis,5.95785,44.52445,9
arabis,6.8438,44.58726,9
arabis,5.83661,44.61772,9
arabis,6.28252,45.7769,9
arabis,6.45043,46.40283,9
arabis,5.68918,44.17106,9
arabis,6.21957,44.69732,9
arabis,6.34034,44.60364,9
arabis,6.84994,44.67718,9
arabis,5.9673,44.70438,9
arabis,6.59211,44.59573,9
arabis,6.81532,46.0306,9
arabis,6.35103,44.78353,9
arabis,6.47733,44.77964,9
arabis,6.3564,44.87348,9
arabis,6.62098,45.04543,9
arabis,6.4941,45.04948,9
arabis,6.72986,44.77143,9
arabis,6.4829,44.86958,9
arabis,6.34568,44.69358,9
arabis,6.71204,44.50165,9
arabis,6.96962,44.58281,9
arabis,5.22081,44.99208,9
arabis,6.8255,44.31752,9
arabis,5.93911,44.16464,9
arabis,5.25339,45.80215,9
arabis,6.70026,44.32181,9
arabis,5.76807,45.7907,9
arabis,6.30867,44.06403,9
arabis,6.83768,44.49734,9
arabis,6.42255,43.88036,9
arabis,6.07868,44.43106,9
arabis,6.54684,43.87639,9
arabis,5.9205,46.23741,9
arabis,6.575,44.32595,9
arabis,5.91571,46.14742,9
arabis,5.80971,44.07797,9
arabis,6.29824,43.88419,9
arabis,6.07379,44.34111,9
arabis,6.06892,44.25116,9
arabis,6.83158,44.40743,9
arabis,6.41717,43.79046,9
arabis,6.3672,45.05339,9
arabis,5.92531,46.3274,9
arabis,6.77822,45.49093,9
arabis,6.78435,45.58087,9
arabis,6.42224,45.95302,9
arabis,6.79051,45.67082,9
arabis,6.02533,45.7841,9
arabis,6.1488,45.6906,9
arabis,6.938,45.93624,9
arabis,6.70437,46.30472,9
arabis,6.4391,46.22291,9
arabis,6.57457,46.30887,9
arabis,6.69829,46.21477,9
arabis,6.43346,46.13295,9
arabis,6.75994,45.2211,9
arabis,6.50537,45.22939,9
arabis,7.15504,45.38743,9
arabis,6.29864,46.04682,9
arabis,6.65033,45.49516,9
arabis,6.42784,46.04298,9
arabis,6.68855,44.14198,9
arabis,6.58068,44.41588,9
arabis,5.57234,44.35398,9
arabis,5.32153,44.35956,9
arabis,5.31785,44.26958,9
arabis,5.21725,44.90208,9
arabis,6.27185,45.59696,9
arabis,6.62682,45.13537,9
arabis,6.49973,45.13943,9
arabis,5.85943,45.06759,9
arabis,5.59709,44.89384,9
arabis,5.97682,44.88431,9
arabis,5.60965,45.16381,9
arabis,5.47049,44.89673,9
arabis,5.38597,45.88952,9
arabis,5.85483,44.97761,9
arabis,5.59293,44.80386,9
arabis,5.60545,45.07382,9
arabis,5.9816,44.97428,9
arabis,6.11836,45.15075,9
arabis,6.24028,45.05716,9
arabis,6.41665,45.86305,9
arabis,5.97205,44.79434,9
arabis,5.71497,44.71085,9
arabis,5.58879,44.71388,9
arabis,5.87795,45.42752,9
arabis,5.47446,44.98672,9
arabis,5.7457,45.34074,9
arabis,5.60126,44.98383,9
arabis,5.35521,45.16947,9
arabis,5.48243,45.16671,9
arabis,5.86866,45.24755,9
arabis,5.61809,45.3438,9
arabis,5.98639,45.06426,9
arabis,6.12339,45.24072,9
arabis,6.11335,45.06078,9
arabis,5.84569,44.79766,9
arabis,6.10336,44.88085,9
arabis,6.10835,44.97081,9
arabis,5.86403,45.15757,9
arabis,6.17462,46.14048,9
arabis,5.34764,44.98947,9
arabis,6.68618,46.03487,9
arabis,5.58054,44.53392,9
arabis,5.43919,44.1769,9
arabis,6.71047,46.39467,9
arabis,5.22438,45.08208,9
arabis,5.34387,44.89948,9
arabis,5.45083,44.44681,9
arabis,5.20663,44.63209,9
arabis,5.08059,44.63453,9
arabis,5.34012,44.80948,9
arabis,5.46653,44.80674,9
arabis,5.71064,44.62088,9
arabis,5.84114,44.70769,9
arabis,5.58466,44.6239,9
arabis,5.45866,44.62677,9
arabis,5.44694,44.35684,9
arabis,-3.67,43.16,9
arabis,-0.71,42.91,9
arabis,-1.72,41.7,9
arabis,-1.76,41.72,9
arabis,-1.72,41.69,9
arabis,-4.34,42.97,9
arabis,-2.33,42.93,9
arabis,-0.69,42.81,9
arabis,-0.75,42.9,9
arabis,-0.86,42.93,9
arabis,12.54492,63.06076,9
arabis,-24.833333,71.366667,5
arabis,4.86613,47.3461,5
arabis,3.91637,47.4845,5
arabis,20.75,69.0019,5
arabis,20.850611,69.046089,5
arabis,-17.986,65.645,5
arabis,-23.782,65.596,5
arabis,-23.253,66.159,5
arabis,-23.472,66.177,5
arabis,2.0028,42.55864,5
arabis,2.58729,45.03598,5
arabis,2.71405,45.0814,5
arabis,2.66864,45.05107,5
arabis,2.7162,45.11632,5
arabis,2.68571,45.10419,5
arabis,2.82605,45.52881,5
arabis,2.81246,45.53625,5
arabis,2.72089,45.05568,5
arabis,2.5506,44.91687,5
arabis,2.75051,45.08995,5
arabis,6.7417,45.42454,5
arabis,6.15142,45.17235,5
arabis,5.4371,46.31636,5
arabis,6.73868,45.37957,5
arabis,5.36049,46.04771,5
arabis,5.48772,45.99994,5
arabis,6.2786,45.16868,5
arabis,5.54812,45.9085,5
arabis,6.27596,45.1237,5
arabis,5.311,46.40907,5
arabis,-18.307,66.109,5
arabis,-13.783,65.281,5
arabis,-15.118,65.318,5
arabis,-13.726,65.16,5
arabis,-13.842,65.281,5
arabis,-22.681,65.844,5
arabis,-13.666,65.163,5
arabis,-13.982,65.161,5
arabis,-13.68,65.156,5
arabis,-13.9,65.06,5
arabis,-14.439,64.875,5
arabis,-14.779,64.571,5
arabis,-16.859,63.982,5
arabis,-13.979,65.571,5
arabis,-23.466,65.762,5
arabis,-21.566,66.014,5
arabis,-23.093,65.967,5
arabis,-23.365,66.08,5
arabis,-23.567,65.66,5
arabis,-21.626,66.02,5
arabis,-17.579,65.802,5
arabis,-22.373,66.094,5
arabis,3.86249,47.44216,5
arabis,29.334041,66.269648,5
arabis,26.34507,69.872222,5
arabis,26.865058,69.963019,5
arabis,25.701781,67.627027,5
arabis,20.851941,68.996601,5
arabis,23.631673,68.679034,5
arabis,21.275457,69.200305,5
arabis,6.88777,44.36707,5
arabis,6.92114,44.42554,5
arabis,6.86426,44.48407,5
arabis,6.87052,44.38194,5
arabis,6.87298,44.41314,5
arabis,5.82799,46.96055,5
arabis,20.2783,49.2216,5
arabis,20.27021,49.85803,5
arabis,2.78236,45.10349,5
arabis,12.34383,63.22839,5
arabis,12.27727,63.03356,5
arabis,7.70367,59.80373,5
arabis,8.03354,60.61076,5
arabis,9.45125,62.12133,5
arabis,7.50399,60.60247,5
arabis,7.30879,60.34263,5
arabis,-4.79,43.08,5
arabis,1.95,42.33,5
arabis,1.93,42.32,5
arabis,-4.8,42.94,5
arabis,27.416666,58.05,5
arabis,9.11956,47.14119,5
arabis,8.19173,46.79119,5
arabis,-2.2,42.86,5
arabis,6.48751,46.87965,5
arabis,6.87824,47.1521,5
arabis,6.5531,46.88018,5
arabis,6.68301,46.97107,5
arabis,7.27464,46.8835,5
arabis,6.87918,47.06215,5
arabis,6.81442,46.97186,5
arabis,6.74929,46.92651,5
arabis,7.66996,47.28816,5
arabis,8.59134,47.10272,5
arabis,33.6,67.64,5
arabis,6.37262,45.14335,5
arabis,6.07379,44.34111,5
arabis,6.24371,44.10606,5
arabis,6.84994,44.44437,5
arabis,5.27941,46.43223,5
arabis,5.39379,46.06953,5
arabis,6.11836,45.15075,5
arabis,5.40561,46.33955,5
arabis,7.950556,46.031944,5
arabis,7.776944,46.009444,5
arabis,9.469167,46.8925,5
arabis,8.027778,47.395,5
arabis,8.774167,46.536389,5
arabis,7.833333,46.169722,5
arabis,8.16,47.585278,5
arabis,7.991315,47.413058,5
arabis,9.996432,46.582823,5
arabis,7.5,61.416667,5
arabis,8.25,61.416667,5
arabis,18.5,68.57,5
arabis,18.61273,67.91116,5
arabis,6.84917,44.34585,5
arabis,6.78191,44.27513,5
arabis,6.74404,44.25911,5
arabis,7.43053,43.9959,5
arabis,22.871119,69.845996,5
arabis,20.246762,69.04714,5
arabis,24.794001,69.799051,5
arabis,23.41404,69.347645,5
arabis,23.465242,69.795621,5
arabis,25.801087,70.346875,5
arabis,7.491262,59.664371,5
arabis,9.916394,61.584171,5
arabis,9.550185,62.070895,5
arabis,9.96744,61.499427,5
arabis,7.510297,60.828906,5
arabis,7.580587,60.778483,5
arabis,7.605089,60.700617,5
arabis,7.163587,59.812885,5
arabis,7.288554,59.81008,5
arabis,7.296776,59.823659,5
arabis,7.463276,60.581876,5
arabis,7.490369,60.588022,5
arabis,7.550592,60.608893,5
arabis,7.552929,60.617899,5
arabis,7.530568,60.607328,5
arabis,7.529186,60.61764,5
arabis,7.557032,60.587411,5
arabis,7.251994,60.691537,5
arabis,7.280652,60.68652,5
arabis,7.249577,60.668605,5
arabis,6.290789,61.616968,5
arabis,6.655811,61.505161,5
arabis,6.577579,61.556336,5
arabis,7.68621,62.322436,5
arabis,7.547277,62.401854,5
arabis,7.418725,62.454322,5
arabis,7.319843,62.489078,5
arabis,7.431303,62.466207,5
arabis,8.977369,61.621802,5
arabis,6.679558,61.577417,5
arabis,9.336391,62.206228,5
arabis,9.402449,62.114492,5
arabis,9.382523,62.206108,5
arabis,9.417984,62.129257,5
arabis,9.423109,62.153029,5
arabis,9.456452,62.137214,5
arabis,9.401287,62.171496,5
arabis,9.454843,62.157866,5
arabis,9.319,62.743036,5
arabis,9.325736,62.732699,5
arabis,9.415525,62.718101,5
arabis,7.056113,60.613846,5
arabis,7.449628,60.561962,5
arabis,7.445316,60.651714,5
arabis,7.446086,60.604954,5
arabis,6.41003,60.70697,5
arabis,20.86962,69.902449,5
arabis,21.12819,69.543751,5
arabis,21.889809,69.362161,5
arabis,20.102733,69.541495,5
arabis,16.914576,68.008038,5
arabis,14.425889,67.031437,5
arabis,7.257657,60.739207,5
arabis,7.126438,59.839307,5
arabis,6.858991,59.835228,5
arabis,7.116288,60.018798,5
arabis,7.121379,59.929053,5
arabis,6.948132,59.836648,5
arabis,7.180427,59.831083,5
arabis,7.19777,59.840303,5
arabis,7.305707,59.794961,5
arabis,7.352691,59.774973,5
arabis,7.807698,60.745225,5
arabis,7.811017,60.655461,5
arabis,10.019367,59.963566,5
arabis,9.28645,62.007062,5
arabis,9.382049,62.139612,5
arabis,7.410074,59.661544,5
arabis,28.052956,69.937589,5
arabis,27.112279,69.806217,5
arabis,27.034338,69.743502,5
arabis,27.008479,69.770397,5
arabis,26.98265,69.680757,5
arabis,27.060156,69.725568,5
arabis,26.803509,69.52826,5
arabis,25.767119,69.290909,5
arabis,26.825757,69.940622,5
arabis,27.008486,69.788325,5
arabis,27.139052,69.931691,5
arabis,26.854055,69.626914,5
arabis,26.777341,69.582012,5
arabis,26.879834,69.617969,5
arabis,26.624091,69.536929,5
arabis,26.726339,69.555048,5
arabis,27.165013,69.913741,5
arabis,26.573389,69.50992,5
arabis,26.956875,69.671789,5
arabis,27.034367,69.761429,5
arabis,27.815207,69.867123,5
arabis,26.878034,69.931703,5
arabis,26.90547,69.635913,5
arabis,27.243563,69.940541,5
arabis,27.008377,69.510441,5
arabis,26.866767,69.694107,5
arabis,26.904829,69.779335,5
arabis,27.322176,69.958344,5
arabis,26.866202,69.783744,5
arabis,27.085822,69.680737,5
arabis,27.060284,69.770387,5
arabis,29.573668,67.845163,5
arabis,26.293721,69.455224,5
arabis,26.092219,69.391536,5
arabis,26.547992,69.500892,5
arabis,26.867326,69.604467,5
arabis,28.569884,68.113446,5
arabis,27.843024,69.911816,5
arabis,27.086077,69.743484,5
arabis,26.956802,69.707645,5
arabis,-2.2675,42.8083,5
arabis,16.111742,68.733019,5
arabis,17.365062,68.899629,5
arabis,16.353885,68.684539,5
arabis,16.419762,68.751277,5
arabis,16.540243,68.70537,5
arabis,15.301677,67.433982,5
arabis,15.406374,67.411327,5
arabis,14.5062,67.0345,5
arabis,7.6325,62.4764,5
arabis,7.1105,62.4479,5
arabis,11.5849,62.8678,5
arabis,10.0755,62.9861,5
arabis,10.2921,62.7509,5
arabis,11.9284,62.6635,5
arabis,11.5565,62.768,5
arabis,13.3438,64.8611,5
arabis,13.9129,64.8753,5
arabis,13.2366,64.7252,5
arabis,13.2644,64.7839,5
arabis,7.0779045,60.1915322,5
arabis,8.5583999,61.4077958,5
arabis,15.5110926,66.8369894,5
arabis,2.21,42.4,5
arabis,3.845555,50.983888,5
arabis,5.222222,50.159722,5
arabis,25.5,65,5
arabis,24.97,60.22,5
arabis,19.819909,66.958357,5
arabis,20.232967,67.852012,5
arabis,16.349428,66.574042,5
arabis,18.198945,68.025171,5
arabis,7.5883328,62.1464154,5
arabis,7.1328,59.8699,5
arabis,9.1986,62.0023,5
arabis,8.7828,61.9318,5
arabis,9.5708,62.2517,5
arabis,9.2295,61.9259,5
arabis,8.913,62.0554,5
arabis,8.0647,61.6478,5
arabis,9.5364,62.2123,5
arabis,8.4971,62.1631,5
arabis,9.5128,62.0674,5
arabis,14.5004,66.1974,5
arabis,8.3071357,62.5962412,5
arabis,8.9207609,62.5171443,5
arabis,8.9723,61.9934,5
arabis,9.3906,61.7124,5
arabis,9.0263,61.4907,5
arabis,9.5287,61.7141,5
arabis,14.3182102,77.4294617,5
arabis,11.688,62.812,5
arabis,21.6768,69.4618,5
arabis,9.1237,62.1321,5
arabis,9.44,62.7203,5
arabis,9.7276,62.4857,5
arabis,10.3706,62.7547,5
arabis,11.736,62.6943,5
arabis,10.2143,62.7651,5
arabis,11.6096,62.8135,5
arabis,11.6436,62.7544,5
arabis,9.6944,62.3108,5
arabis,10.2932,62.7778,5
arabis,10.0246,62.9416,5
arabis,11.7736,62.7834,5
arabis,12.2204,64.3953,5
arabis,13.4952,64.9839,5
arabis,10.873,62.8027,5
arabis,9.6188,62.3875,5
arabis,10.3286,62.6922,5
arabis,21.2689,69.5167,5
arabis,13.7997,64.8116,5
arabis,10.1146,62.9769,5
arabis,10.8865,62.8609,5
arabis,13.4896,64.894,5
arabis,12.6602,64.5915,5
arabis,25.1137,70.2872,5
arabis,6.1099,61.766,5
arabis,10.7368,62.8224,5
arabis,25.807,71.1585,5
arabis,33.651546,67.679476,5
arabis,34.895214,67.777422,5
arabis,34.848857,67.814984,5
arabis,33.663674,67.615094,5
arabis,33.834521,67.659605,5
arabis,33.701758,67.640175,5
arabis,65.093974,67.011741,5
arabis,26.35604,69.513689,5
arabis,26.611953,69.514446,5
arabis,25.933015,67.718381,5
arabis,26.358722,69.424054,5
arabis,26.103898,69.422928,5
arabis,25.916461,68.076951,5
arabis,21.829155,68.894136,5
arabis,27.273339,68.210322,5
arabis,21.601894,69.210863,5
arabis,21.540427,69.253898,5
arabis,21.467203,69.242566,5
arabis,21.490089,69.252295,5
arabis,17.25943,62.89678,5
arabis,12.4535,62.90274,5
arabis,16.1134628,67.807237,5
arabis,14.7676,77.6494,5
arabis,-8.4251728,70.9933913,5
arabis,19.0260908,74.3779593,5
arabis,19.1421985,74.3757601,5
arabis,14.5854,67.1037,5
arabis,14.4491,67.0225,5
arabis,14.8622,67.0414,5
arabis,16.2742,67.2427,5
arabis,14.4149,67.009,5
arabis,18.9775,69.8757,5
arabis,19.7663,68.7053,5
arabis,18.9799,69.3482,5
arabis,19.3926717,68.5612972,5
arabis,30.7678,70.4133,5
arabis,9.13333,42.06667,5
arabis,7.2186,60.6911,5
arabis,7.1823,60.6738,5
arabis,6.5552,60.0743,5
arabis,7.4403,60.1454,5
arabis,7.5034,60.3681,5
arabis,-0.49727,43.06749,5
arabis,7.03747,43.76922,5
arabis,6.67112,43.87228,5
arabis,6.91345,43.77375,5
arabis,2.55573,45.01335,5
arabis,2.80774,45.55433,5
arabis,2.80929,45.10411,5
arabis,4.92049,47.33946,5
arabis,6.2455,45.14712,5
arabis,6.24028,45.05716,5
arabis,6.83768,44.49734,5
arabis,6.96962,44.58281,5
arabis,6.83158,44.40743,5
arabis,6.957,44.40299,5
arabis,5.80971,44.07797,5
arabis,6.3672,45.05339,5
arabis,6.77211,45.40099,5
arabis,5.51486,45.88672,5
arabis,9.51846,62.53672,5
arabis,18.10904,68.41681,5
arabis,18.26028,68.42878,5
arabis,18.88844,68.43828,5
arabis,17.50456,68.71652,5
arabis,15.6057,65.63593,5
arabis,20.29801,68.03292,5
arabis,18.32691,68.42338,5
arabis,12.22444,63.02438,5
arabis,14.622165,66.061785,5
arabis,-19.36025,63.532833,12
arabis,9.63512,62.338025,12
arabis,9.792779,62.545958,12
arabis,6.975773,47.136918,12
arabis,21.272498,69.217156,12
arabis,21.473181,69.211827,12
arabis,21.203896,69.207018,12
arabis,16.72495,66.6785,12
arabis,23.24522,69.557733,12
arabis,20.85302,69.054108,12
arabis,7.863969,61.503461,12
arabis,8.075441,61.260765,12
arabis,8.100199,61.263425,12
arabis,8.119692,61.26799,12
arabis,53.285188,68.321895,12
arabis,9.470755,46.89198,12
arabis,54.248403,68.211419,12
arabis,7.6669,46.56855,12
arabis,7.47127,46.61375,12
arabis,6.75673,46.34183,12
arabis,10.02882,46.85429,12
arabis,8.38423,46.56485,12
arabis,9.76474,46.81498,12
arabis,8.98128,46.91821,12
arabis,8.85002,46.9199,12
arabis,10.22538,46.84967,12
arabis,7.01509,46.52301,12
arabis,7.60114,46.38875,12
arabis,7.01615,46.38807,12
arabis,7.7309,46.34351,12
arabis,8.6572,47.10204,12
arabis,9.82226,46.6338,12
arabis,7.66446,45.98384,12
arabis,9.45411,47.27078,12
arabis,8.06811,47.42159,12
arabis,8.7209,47.01139,12
arabis,7.53646,46.56874,12
arabis,7.92857,46.65768,12
arabis,8.52366,47.01342,12
arabis,7.53622,46.4338,12
arabis,7.47176,47.4233,12
arabis,8.91813,47.00901,12
arabis,9.89982,46.90214,12
arabis,10.41942,46.79976,12
arabis,10.42191,46.84471,12
arabis,6.81284,47.10679,12
arabis,7.47149,46.97357,12
arabis,8.45876,47.05899,12
arabis,7.53671,46.70367,12
arabis,8.00185,47.42194,12
arabis,8.78552,46.96566,12
arabis,6.68111,47.10599,12
arabis,6.87965,47.01718,12
arabis,7.27381,47.15335,12
arabis,7.08321,46.07346,12
arabis,9.1884,47.23013,12
arabis,9.25288,47.18415,12
arabis,7.34122,46.34385,12
arabis,8.65312,46.92216,12
arabis,7.92493,46.25289,12
arabis,9.83023,46.81362,12
arabis,7.60428,47.42319,12
arabis,7.14856,45.93871,12
arabis,7.34073,46.61371,12
arabis,7.21302,45.93886,12
arabis,7.53769,47.24338,12
arabis,9.23029,46.50968,12
arabis,9.55414,46.45912,12
arabis,7.79321,45.93853,12
arabis,10.2161,46.66987,12
arabis,8.12855,46.9715,12
arabis,7.0838,45.9835,12
arabis,10.27903,46.62332,12
arabis,9.68612,46.50158,12
arabis,7.08233,46.20839,12
arabis,7.86289,46.61297,12
arabis,9.2985,46.59857,12
arabis,7.14094,47.33298,12
arabis,7.08262,46.16341,12
arabis,7.7935,45.98351,12
arabis,10.22306,46.80472,12
arabis,7.60208,46.7036,12
arabis,10.0159,46.58458,12
arabis,8.1251,46.70165,12
arabis,7.40583,46.88361,12
arabis,7.92694,46.47778,12
arabis,8.05973,46.70202,12
arabis,7.60008,46.02893,12
arabis,9.37663,46.95719,12
arabis,8.75898,45.88636,12
arabis,7.27709,46.0739,12
arabis,9.76669,46.85993,12
arabis,9.95908,46.76585,12
arabis,7.21284,45.98384,12
arabis,8.06076,46.79198,12
arabis,7.47091,45.98406,12
arabis,10.29567,46.93795,12
arabis,10.36129,46.93629,12
arabis,9.36373,46.59748,12
arabis,9.88549,46.58746,12
arabis,7.40614,46.38886,12
arabis,8.51285,46.47375,12
arabis,10.36374,46.98123,12
arabis,6.68174,47.06102,12
arabis,7.27533,46.65862,12
arabis,9.82028,46.58884,12
arabis,7.21095,46.43361,12
arabis,8.7113,46.60665,12
arabis,7.72898,45.98369,12
arabis,8.71555,46.78653,12
arabis,7.40628,46.16397,12
arabis,9.83623,46.94849,12
arabis,8.72305,47.10132,12
arabis,9.84025,47.0384,12
arabis,9.90394,46.99205,12
arabis,8.78665,47.01063,12
arabis,7.66614,46.38864,12
arabis,9.30783,46.86835,12
arabis,7.79437,46.11844,12
arabis,8.71024,46.56168,12
arabis,8.05409,46.20728,12
arabis,9.44397,47.00102,12
arabis,9.322,47.27301,12
arabis,7.80246,47.33279,12
arabis,7.53606,46.34385,12
arabis,7.08203,46.25337,12
arabis,8.38817,46.78972,12
arabis,7.40634,46.07402,12
arabis,8.0546,46.25226,12
arabis,9.95698,46.7209,12
arabis,9.25594,47.27407,12
arabis,7.86254,46.56799,12
arabis,8.95465,45.97386,12
arabis,6.28786,47.01276,12
arabis,6.02606,46.96485,12
arabis,7.60101,46.34377,12
arabis,7.67016,47.33313,12
arabis,9.11815,47.09623,12
arabis,7.92453,46.20791,12
arabis,6.87871,47.10713,12
arabis,8.39056,46.92464,12
arabis,9.31883,47.18309,12
arabis,8.52184,46.92348,12
arabis,9.757,46.63514,12
arabis,8.71662,46.8315,12
arabis,7.40631,46.11899,12
arabis,7.34081,46.56874,12
arabis,6.55458,46.79023,12
arabis,7.14517,46.5684,12
arabis,7.20768,47.19821,12
arabis,9.17816,46.91539,12
arabis,7.1476,46.11862,12
arabis,9.43894,46.86614,12
arabis,8.6521,46.87719,12
arabis,8.58844,46.96781,12
arabis,8.58941,47.01278,12
arabis,9.25441,47.22911,12
arabis,7.67055,47.42307,12
arabis,9.11113,46.8714,12
arabis,8.40021,47.46428,12
arabis,6.88707,46.29756,12
arabis,7.14614,46.38849,12
arabis,7.67035,47.3781,12
arabis,9.38151,47.09207,12
arabis,7.47178,47.46827,12
arabis,7.07572,47.19787,12
arabis,7.40549,47.4233,12
arabis,7.47157,47.10849,12
arabis,7.53802,47.42326,12
arabis,7.86897,47.37753,12
arabis,15.40419,65.90698,12
arabis,15.09694,65.86028,12
arabis,6.61788,61.517165,12
arabis,9.919477,49.787323,12
arabis,11.314228,47.084255,12
arabis,9.638485,46.789469,12
arabis,8.412622,46.84153,12
arabis,11.321025,47.095957,12
arabis,6.001957,46.462188,12
arabis,9.312593,47.155142,12
arabis,6.675427,44.915175,12
arabis,6.28438,45.896693,12
arabis,21.72964,54.009508,12
arabis,12.815812,46.25417,12
arabis,24.935904,60.16436,12
arabis,6.733512,46.933153,12
arabis,17.050568,43.343963,12
arabis,10.393878,46.569268,12
arabis,9.818063,46.821072,12
arabis,15.706825,47.690641,12
arabis,9.684104,46.860906,12
arabis,8.990785,46.95863,12
arabis,8.762616,52.98277,12
arabis,8.473708,47.043293,12
arabis,13.649149,48.007946,12
arabis,1.897101,42.787483,12
arabis,7.627091,47.277404,12
arabis,6.774925,44.330653,12
arabis,30.435467,50.436016,12
arabis,7.3775,46.175,12
arabis,10.737818,47.446207,12
arabis,0.843495,42.960963,12
arabis,8.37404,46.91166,12
arabis,20.489597,50.744183,12
arabis,18.419288,43.868204,12
arabis,6.241456,50.554367,12
arabis,3.068167,41.945672,12
arabis,4.801107,43.738155,12
arabis,5.882423,43.933222,12
arabis,10.452192,45.884574,12
arabis,18.344614,49.813141,12
arabis,-4.129078,47.943577,12
arabis,7.454855,46.705509,12
arabis,10.739087,47.538313,12
arabis,6.788131,51.538441,12
arabis,13.0068,47.719883,12
arabis,13.606511,47.215972,12
arabis,13.546778,47.259617,12
arabis,13.249822,47.742745,12
arabis,15.799466,47.926066,12
arabis,13.193458,47.232544,12
arabis,10.571181,47.488978,12
arabis,15.76176,47.753848,12
arabis,-1.91757,42.977108,12
arabis,13.537203,47.124705,12
arabis,25.96803,71.006995,12
arabis,12.765246,47.064169,12
arabis,13.279634,47.502884,12
arabis,12.204264,46.88911,12
arabis,10.924371,46.934535,12
arabis,13.537857,47.152799,12
arabis,10.255488,46.694529,12
arabis,11.9918,61.6649,12
arabis,18.67983,68.40796,12
arabis,5.2579,44.18529,12
arabis,6.7634,44.38357,12
arabis,6.96794,44.77472,12
arabis,6.72228,44.76426,12
arabis,8.98925,42.29834,12
arabis,20.8703,69.04705,12
arabis,8.689521,62.67528,12
arabis,10.399289,47.382931,12
arabis,10.232155,47.39593,12
arabis,18.726074,68.651734,12
arabis,22.015803,69.691337,12
arabis,21.935108,69.715574,12
arabis,23.7643,69.5664,12
arabis,14.488011,66.985781,12
arabis,14.224499,66.786033,12
arabis,7.362341,59.788434,12
arabis,10.378342,47.455443,12
arabis,7.738995,61.787533,12
arabis,9.63577,62.560994,12
arabis,8.078271,61.649345,12
arabis,19.79213,67.81412,12
arabis,8.474722,61.376667,12
arabis,10.535664,47.445915,12
arabis,16.156195,67.12825,12
arabis,10.607858,46.459804,12
arabis,14.018652,47.596743,12
arabis,11.694018,46.919425,12
arabis,9.341698,47.08506,12
arabis,12.201001,49.7316,12
arabis,13.509372,66.294865,12
arabis,9.045005,50.325236,12
arabis,14.0772,52.55975,12
arabis,10.329117,43.998658,12
arabis,7.910851,47.387776,12
arabis,6.788922,45.832631,12
arabis,6.74078,45.228125,12
arabis,11.582661,45.877294,12
arabis,7.528073,47.258509,12
arabis,12.211626,46.130956,12
arabis,7.405772,47.243423,12
arabis,7.25728,47.125173,12
arabis,7.451503,47.336693,12
arabis,-0.103071,43.0507,12
arabis,7.999589,46.319807,12
arabis,9.386589,47.426095,12
arabis,6.682456,45.506456,12
arabis,9.666395,44.485208,12
arabis,8.85154,46.981185,12
arabis,12.772752,41.768799,12
arabis,13.447354,48.455637,12
arabis,7.644444,46.473056,12
arabis,8.182313,46.972967,12
arabis,6.475292,45.999163,12
arabis,8.650207,47.233276,12
arabis,7.708808,47.321573,12
arabis,11.405833,46.653056,12
arabis,6.006906,46.365353,12
arabis,9.882994,46.322533,12
arabis,7.402252,47.225052,12
arabis,9.361563,46.838656,12
arabis,11.501647,49.941566,12
arabis,7.264874,46.373351,12
arabis,19.696954,52.147609,12
arabis,-6.693186,42.48764,12
arabis,6.73,46.998611,12
arabis,-1.955701,43.048951,12
arabis,10.161131,47.508246,12
arabis,6.96735,45.964007,12
arabis,13.171235,52.509099,12
arabis,7.155878,47.30207,12
arabis,7.553421,47.329449,12
arabis,6.429738,45.885645,12
arabis,7.607282,47.38299,12
arabis,7.225799,48.478643,12
arabis,5.812756,46.877902,12
arabis,21.303848,48.729128,12
arabis,0.947552,44.460457,12
arabis,10.066966,47.199503,12
arabis,8.363313,46.736571,12
arabis,9.136144,45.914429,12
arabis,11.184237,45.971303,12
arabis,-2.741205,55.621458,12
arabis,1.990263,42.300865,12
arabis,2.076361,48.869654,12
arabis,6.510593,45.369853,12
arabis,1.120554,49.478807,12
arabis,8.040393,45.909572,12
arabis,10.111944,47.320556,12
arabis,20.748026,48.510145,12
arabis,5.238963,44.889197,12
arabis,-4.1675,42.961667,12
arabis,-4.852109,43.382145,12
arabis,10.831447,45.60138,12
arabis,18.826799,47.651566,12
arabis,2.448466,47.497158,12
arabis,10.138678,44.162464,12
arabis,-4.405084,40.348155,12
arabis,9.543272,45.605495,12
arabis,-4.98335,43.268822,12
arabis,0.88891,44.561115,12
arabis,2.326124,49.867931,12
arabis,10.002659,51.954237,12
arabis,21.098356,52.105887,12
arabis,8.384957,46.99839,12
arabis,7.553445,46.712404,12
arabis,21.691003,48.883992,12
arabis,6.591816,47.0544,12
arabis,0.339278,52.145464,12
arabis,2.044332,42.502705,12
arabis,0.384011,49.234849,12
arabis,9.119602,45.580021,12
arabis,-2.121019,51.416138,12
arabis,7.839385,45.338797,12
arabis,11.831713,46.262547,12
arabis,-21.214783,64.031056,12
arabis,6.773996,46.327603,12
arabis,13.138821,47.113708,12
arabis,17.718424,49.832176,12
arabis,7.018333,45.396389,12
arabis,13.672985,46.626181,12
arabis,-2.299633,42.83267,12
arabis,-1.803611,53.345475,12
arabis,9.699908,52.391602,12
arabis,1.423043,43.596677,12
arabis,5.592008,45.050296,12
arabis,7.289413,46.188675,12
arabis,22.622181,53.201653,12
arabis,0.655092,45.350033,12
arabis,10.084157,44.12146,12
arabis,10.123832,44.114906,12
arabis,14.062169,50.655192,12
arabis,9.658295,47.081839,12
arabis,6.837838,46.481225,12
arabis,5.781521,45.173447,12
arabis,3.349151,45.580725,12
arabis,11.001944,48.868333,12
arabis,14.333889,46.106389,12
arabis,15.165458,46.949894,12
arabis,0.146481,42.811447,12
arabis,8.513056,52.102778,12
arabis,11.783181,43.900706,12
arabis,15.564669,47.747776,12
arabis,19.233167,48.266713,12
arabis,2.280905,48.65762,12
arabis,2.146475,48.958155,12
arabis,18.438779,47.397979,12
arabis,2.302908,42.33897,12
arabis,6.126145,45.898087,12
arabis,-4.07291,48.200981,12
arabis,8.24752,52.945253,12
arabis,-1.520802,48.035907,12
arabis,7.015717,47.486036,12
arabis,3.569659,44.330193,12
arabis,2.429,48.726201,12
arabis,21.536108,53.641489,12
arabis,-1.1593,51.511288,12
arabis,4.388611,45.061944,12
arabis,14.711389,40.781944,12
arabis,19.552113,51.866801,12
arabis,6.707287,44.246372,12
arabis,13.831944,45.690833,12
arabis,5.864008,45.273758,12
arabis,6.966247,45.45691,12
arabis,1.993942,45.849437,12
arabis,10.207353,44.057679,12
arabis,5.303818,43.68071,12
arabis,5.82831,46.31529,12
arabis,15.040999,47.868597,12
arabis,8.544512,46.129499,12
arabis,7.576769,44.727467,12
arabis,7.414917,46.252114,12
arabis,16.594161,49.203341,12
arabis,3.600285,44.320671,12
arabis,7.28146,45.732826,12
arabis,1.18342,47.478157,12
arabis,-0.783499,51.802681,12
arabis,5.888055,49.519422,12
arabis,1.776676,45.503208,12
arabis,5.856392,44.941906,12
arabis,1.911453,41.325312,12
arabis,2.49457,43.067449,12
arabis,14.527692,52.325209,12
arabis,13.659626,51.028877,12
arabis,7.095422,45.659437,12
arabis,23.284697,53.298677,12
arabis,6.709272,47.082264,12
arabis,2.43721,42.840495,12
arabis,7.52562,46.138428,12
arabis,7.237218,46.587724,12
arabis,11.815107,50.579354,12
arabis,8.213077,50.008289,12
arabis,15.81482,50.079528,12
arabis,17.033731,43.753738,12
arabis,2.089003,48.891103,12
arabis,17.073408,52.374367,12
arabis,3.70238,45.674464,12
arabis,1.54102,42.881706,12
arabis,5.520842,45.3176,12
arabis,0.113028,45.579311,12
arabis,7.130576,45.749901,12
arabis,9.795627,46.462806,12
arabis,5.449219,60.694695,12
arabis,15.606522,47.125965,12
arabis,6.651667,45.409722,12
arabis,2.800703,47.957248,12
arabis,14.426925,50.110881,12
arabis,5.354851,43.357153,12
arabis,14.63762,47.16134,12
arabis,6.983611,44.096389,12
arabis,6.345556,45.255,12
arabis,5.860969,51.110792,12
arabis,11.096035,49.403724,12
arabis,9.173195,49.743407,12
arabis,16.273293,48.27014,12
arabis,10.177665,44.120163,12
arabis,15.347886,47.984509,12
arabis,7.720188,45.065986,12
arabis,11.66724,46.503743,12
arabis,6.493776,44.850951,12
arabis,6.75497,47.115517,12
arabis,8.520985,45.816988,12
arabis,7.212346,45.825182,12
arabis,8.929906,52.542886,12
arabis,-3.628321,43.186984,12
arabis,5.167427,46.480303,12
arabis,3.667911,49.167901,12
arabis,6.354641,45.279987,12
arabis,5.173611,44.973889,12
arabis,-4.376036,48.472508,12
arabis,13.887141,51.035979,12
arabis,6.286181,45.383636,12
arabis,2.386468,42.407507,12
arabis,3.095836,50.676909,12
arabis,17.980485,49.461371,12
arabis,7.005528,43.871861,12
arabis,-4.637403,43.055096,12
arabis,3.015178,50.518688,12
arabis,-0.964708,43.12674,12
arabis,15.014836,40.822083,12
arabis,2.01865,48.687156,12
arabis,1.281064,47.513854,12
arabis,4.217818,43.948486,12
arabis,5.388466,43.310193,12
arabis,-1.22907,43.010215,12
arabis,4.68737,43.969903,12
arabis,0.285689,45.609013,12
arabis,7.69295,48.580078,12
arabis,8.087074,46.442025,12
arabis,7.100264,48.699882,12
arabis,14.660027,46.286775,12
arabis,14.473365,40.668648,12
arabis,59.630192,64.523256,12
arabis,48.440835,55.631495,12
arabis,13.43,47.65,12
arabis,12.98,47.73,12
arabis,13.5,47.1,12
arabis,13.36,47.62,12
arabis,10.99,46.98,12
arabis,13.57,47.08,12
arabis,13.07,47.7,12
arabis,13.24,47.73,12
arabis,13.42,47.63,12
arabis,12.83,47.12,12
arabis,12.3,46.91,12
arabis,13.24,47.75,12
arabis,13.09,47.08,12
arabis,13.28,47.64,12
arabis,10.71,46.86,12
arabis,13.34,47.08,12
arabis,13.24,47.78,12
arabis,13.08,47.61,12
arabis,13.56,47.18,12
arabis,13.28,47.05,12
arabis,13.12,47.8,12
arabis,13.1,47.11,12
arabis,9.98,47.06,12
arabis,12.26,47.12,12
arabis,12.42,47.11,12
arabis,12.45,47.11,12
arabis,12.24,47.15,12
arabis,13.26,47.01,12
arabis,12.39,47.13,12
arabis,12.41,47.13,12
arabis,13.28,47.02,12
arabis,12.41,47.12,12
arabis,13.26,47.03,12
arabis,12.31,47.11,12
arabis,12.27,47.01,12
arabis,12.43,47.12,12
arabis,12.47,47.14,12
arabis,12.3,47.16,12
arabis,12.41,47.1,12
arabis,12.4,47.14,12
arabis,12.24,47.02,12
arabis,12.26,47.14,12
arabis,13.24,47.04,12
arabis,12.47,47.11,12
arabis,12.34,47.15,12
arabis,13.23,47.05,12
arabis,13.24,47.02,12
arabis,12.33,47.16,12
arabis,12.45,47.14,12
arabis,6.99066,43.84943,12
arabis,-0.39876,42.95443,12
arabis,-0.03676,42.69814,12
arabis,-0.35599,42.86034,12
arabis,1.35577,42.76654,12
arabis,0.14229,42.93668,12
arabis,-0.22605,43.00515,12
arabis,0.04524,42.93736,12
arabis,-0.22848,42.98964,12
arabis,0.30546,42.80886,12
arabis,7.00043,45.4731,12
arabis,6.13532,45.1711,12
arabis,6.25907,45.9754,12
arabis,5.19855,44.6503,12
arabis,6.47438,46.2123,12
arabis,5.19872,44.6173,12
arabis,6.17608,45.1546,12
arabis,6.82482,46.1062,12
arabis,6.67632,45.4155,12
arabis,5.53621,44.6934,12
arabis,5.5101,44.6546,12
arabis,5.772,45.22747,12
arabis,-0.17081,43.03052,12
arabis,3.07775,43.92784,12
arabis,-0.0769,43.06335,12
arabis,-0.15758,43.08414,12
arabis,14.178398,66.78848,12
arabis,14.133024,66.779733,12
arabis,9.667058,62.596101,12
arabis,9.764247,62.476803,12
arabis,18.721582,69.625874,12
arabis,18.654963,68.51882,12
arabis,16.53009,67.49509,12
arabis,16.71565,67.5365,12
arabis,16.80979,67.54382,12
arabis,16.52688,67.32598,12
arabis,16.66616,67.58932,12
arabis,16.71082,67.32301,12
arabis,16.44827,67.35706,12
arabis,19.909956,49.243913,12
arabis,-0.768688,42.964377,12
arabis,9.63868,62.298218,12
arabis,10.334295,47.549225,12
arabis,10.395687,47.17369,12
arabis,9.83862,47.013819,12
arabis,9.4875,62.0379,12
arabis,5.501202,61.429764,12
arabis,9.80071,62.078401,12
arabis,19.184286,68.874182,12
arabis,13.485172,47.1376,12
arabis,-18.101169,65.68805,12
arabis,-23.644549,64.798994,12
arabis,13.28896,47.651173,12
arabis,10.361234,47.287072,12
arabis,14.279647,47.916497,12
arabis,12.992548,47.749466,12
arabis,13.404531,47.625546,12
arabis,-21.703265,63.834886,12
arabis,6.39224,44.382948,12
arabis,-20.270821,63.439209,12
arabis,12.843756,47.084822,12
arabis,13.298039,47.681757,12
arabis,13.466581,47.619949,12
arabis,9.687039,46.332981,12
arabis,12.832833,47.096973,12
arabis,7.991217,46.583687,12
arabis,13.641855,47.516605,12
arabis,11.737565,47.128394,12
arabis,11.822698,47.010176,12
arabis,13.617138,47.511738,12
arabis,14.49002,47.45657,12
arabis,7.32654,60.441645,12
arabis,10.392131,46.739537,12
arabis,8.557366,47.942625,12
arabis,10.342357,47.411532,12
arabis,13.365586,47.877839,12
arabis,16.58212,67.27414,12
arabis,16.62061,67.26954,12
arabis,16.01767,65.98195,12
arabis,18.84776,68.635799,12
arabis,18.897284,68.63666,12
arabis,17.063373,68.766029,12
arabis,18.586521,68.74451,12
arabis,12.154565,62.987783,12
arabis,6.759418,59.414094,12
arabis,5.48406,50.26083,12
arabis,7.64575,61.034116,12
arabis,18.997967,69.62861,12
arabis,9.681171,62.7189,12
arabis,9.514938,62.052718,12
arabis,31.095633,70.371901,12
arabis,29.734061,66.20105,12
arabis,6.588069,59.266083,12
arabis,14.775272,46.516717,12
arabis,13.61809,47.838351,12
arabis,15.15565,65.81702,12
arabis,14.90018,66.13169,12
arabis,15.16865,65.79543,12
arabis,16.27599,66.12341,12
arabis,16.22639,66.13736,12
arabis,12.70491,62.8764,12
arabis,9.986661,62.246107,12
arabis,-0.755538,42.824528,12
arabis,19.917917,69.39222,12
arabis,-19.734438,65.162418,12
arabis,17.866302,68.074768,12
arabis,6.986951,44.68847,12
arabis,10.453422,46.531477,12
arabis,7.508448,60.597942,12
arabis,9.773032,62.487648,12
arabis,9.668729,62.322083,12
arabis,9.400182,46.972833,12
arabis,7.714212,46.421426,12
arabis,18.64629,68.41184,12
arabis,12.30065,62.77715,12
arabis,18.31836,68.41608,12
arabis,15.96397,66.0784,12
arabis,18.73993,68.36327,12
arabis,15.99052,66.7629,12
arabis,18.70839,68.36342,12
arabis,18.59105,68.36107,12
arabis,18.73967,68.49176,12
arabis,12.45014,62.73137,12
arabis,18.65874,68.4299,12
arabis,9.536237,62.716195,12
arabis,9.745319,62.447032,12
arabis,7.642363,62.439859,12
arabis,9.842293,62.285391,12
arabis,21.392139,70.244667,12
arabis,9.743559,62.428024,12
arabis,33.591963,67.70147,12
arabis,33.567092,67.710145,12
arabis,10.232245,47.27037,12
arabis,18.635529,68.36467,12
arabis,10.986217,47.421238,12
arabis,11.975733,47.724012,12
arabis,15.811436,47.788739,12
arabis,13.98178,47.594948,12
arabis,8.394581,46.483849,12
arabis,2.686552,45.103865,12
arabis,7.10887,46.252358,12
arabis,15.990282,67.097642,12
arabis,8.86966,61.5463,12
arabis,9.863349,62.437153,12
arabis,7.469698,61.761506,12
arabis,14.724816,67.078403,12
arabis,8.161015,62.37732,12
arabis,19.50556,69.77366,12
arabis,9.822664,62.55319,12
arabis,17.050473,68.784482,12
arabis,16.149373,67.144787,12
arabis,9.642876,62.771101,12
arabis,17.291482,68.818563,12
arabis,20.683018,69.375906,12
arabis,14.240417,65.399993,12
arabis,7.834808,46.557228,12
arabis,13.448758,47.794662,12
arabis,10.63483,45.806314,12
arabis,10.082779,46.048912,12
arabis,9.563159,46.019829,12
arabis,11.057951,47.384092,12
arabis,15.696269,47.682203,12
arabis,9.694514,46.033881,12
arabis,14.663314,47.608024,12
arabis,12.8217,47.64095,12
arabis,14.210376,46.439516,12
arabis,10.044529,45.833246,12
arabis,13.95928,63.85488,12
arabis,-3.51,37.32,12
arabis,6.46673,47.01807,12
arabis,6.48802,47.05418,12
arabis,5.92839,46.68756,12
arabis,6.1233,44.99499,12
arabis,5.65164,45.21286,12
arabis,5.73525,45.38017,12
arabis,9.22071,41.8189,12
arabis,9.42688,42.3716,12
arabis,9.32996,42.3416,12
arabis,9.42803,42.3425,12
arabis,9.23376,41.82369,12
arabis,9.32991,42.3854,12
arabis,8.97633,42.52247,12
arabis,9.3564,42.3441,12
arabis,25.164533,70.298773,12
arabis,7.04561,45.29195,12
arabis,7.09181,45.3859,12
arabis,6.9364,45.4816,12
arabis,13.1422,47.580921,12
arabis,8.4092,51.462097,12
arabis,12.745612,46.761051,12
arabis,-5.829284,43.272851,12
arabis,5.542322,44.884079,12
arabis,8.077588,46.631195,12
arabis,13.03986,47.400436,12
arabis,7.965101,61.270663,12
arabis,11.515135,63.655498,12
arabis,19.678288,69.71284,12
arabis,4.25733,50.74665,12
arabis,5.90613,50.2683,12
arabis,19.217874,69.736831,12
arabis,17.149827,68.781429,12
arabis,8.738362,45.859863,12
arabis,8.883957,47.03118,12
arabis,8.781889,45.893658,12
arabis,16.126944,66.8025,12
arabis,17.025581,68.853778,12
arabis,12.261703,47.606124,12
arabis,11.520435,46.537987,12
arabis,19.69956,69.738545,12
arabis,8.45365,46.78916,12
arabis,8.84884,46.87493,12
arabis,8.12169,46.43179,12
arabis,9.23926,46.77948,12
arabis,7.00937,47.24261,12
arabis,9.31725,47.13813,12
arabis,7.34098,46.47878,12
arabis,7.20729,47.28816,12
arabis,10.42441,46.88965,12
arabis,8.96975,46.51349,12
arabis,8.52003,46.83353,12
arabis,9.68798,46.54654,12
arabis,10.29328,46.893,12
arabis,7.98931,46.20762,12
arabis,10.20918,46.53502,12
arabis,6.23123,46.60734,12
arabis,9.16659,46.55566,12
arabis,9.61739,46.41292,12
arabis,8.97999,46.87324,12
arabis,8.78439,46.92069,12
arabis,8.89855,46.2895,12
arabis,7.73066,46.29854,12
arabis,10.35154,46.75651,12
arabis,10.06581,46.26841,12
arabis,6.10517,46.42599,12
arabis,7.92898,46.70266,12
arabis,10.0789,46.53813,12
arabis,9.81633,46.49893,12
arabis,7.72922,46.02867,12
arabis,9.11674,47.05126,12
arabis,8.45196,46.69921,12
arabis,7.663371,61.026473,12
arabis,-2.020407,42.858787,12
arabis,18.02935,67.904,12
arabis,17.02081,67.93936,12
arabis,18.18543,67.88908,12
arabis,18.15466,67.89839,12
arabis,3.73775,51.04524,12
arabis,5.20246,49.80213,12
arabis,-1.377654,42.918757,12
arabis,9.705625,47.346305,12
arabis,11.002956,46.550421,12
arabis,7.890499,47.379811,12
arabis,59.643012,64.591049,12
arabis,20.061419,49.300399,12
arabis,-21.265393,64.382957,12
arabis,9.187621,46.002207,12
arabis,4.54279,50.07851,12
arabis,30.597894,70.543378,12
arabis,14.761862,66.241012,12
arabis,10.711636,46.884032,12
arabis,10.744005,46.957689,12
arabis,13.52377,47.282253,12
arabis,9.35815,62.294986,12
arabis,12.979716,47.047022,12
arabis,2.559185,42.870482,12
arabis,6.784986,45.866355,12
arabis,11.296188,47.430397,12
arabis,13.278738,47.564964,12
arabis,13.57491,47.23838,12
arabis,12.156952,47.207272,12
arabis,10.201327,47.337803,12
arabis,12.084722,46.665556,12
arabis,10.606322,46.493294,12
arabis,13.402792,47.091476,12
arabis,12.299745,47.122543,12
arabis,13.372704,47.157314,12
arabis,10.340214,46.980223,12
arabis,13.226175,47.608105,12
arabis,13.496416,47.608932,12
arabis,13.307344,47.289976,12
arabis,0.93,42.86,12
arabis,13.122039,47.77269,12
arabis,13.324306,47.260748,12
arabis,8.976389,46.956112,12
arabis,10.359703,47.488612,12
arabis,10.150353,46.596162,12
arabis,13.317337,47.183186,12
arabis,22.84914,43.32781,12
arabis,7.086076,60.171573,12
arabis,6.988653,60.180199,12
arabis,5.1505,44.64202,12
arabis,6.72045,45.34992,12
arabis,5.85135,45.38559,12
arabis,-0.47439,43.08007,12
arabis,6.8135,43.65856,12
arabis,1.08095,42.84391,12
arabis,6.86953,45.27694,12
arabis,6.42653,44.87291,12
arabis,6.27295,44.7456,12
arabis,6.35802,46.75347,12
arabis,6.21294,45.66843,12
arabis,29.121787,65.999089,12
arabis,26.11557,69.394721,12
arabis,17.065306,68.041642,12
arabis,-1.544465,43.038005,12
arabis,65.4703,66.988144,12
arabis,66.178978,67.230361,12
arabis,13.849736,47.792596,12
arabis,6.378193,43.753307,12
arabis,13.415471,47.101462,12
arabis,15.755985,47.736086,12
arabis,15.066705,47.853843,12
arabis,13.310936,47.817775,12
arabis,13.490705,47.255511,12
arabis,13.834535,47.484131,12
arabis,13.668086,46.607589,12
arabis,13.375919,47.800053,12
arabis,7.607229,47.408903,12
arabis,13.726451,46.593436,12
arabis,13.368683,47.812764,12
arabis,11.307129,47.144123,12
arabis,0.931687,42.783056,12
arabis,13.456925,47.867764,12
arabis,9.972047,47.39512,12
arabis,11.20457,47.469886,12
arabis,10.912892,46.849121,12
arabis,11.045186,46.837431,12
arabis,13.394797,47.795444,12
arabis,6.26355,45.010211,12
arabis,13.378247,47.919406,12
arabis,11.115749,46.987191,12
arabis,11.418972,47.129483,12
arabis,13.420753,47.798706,12
arabis,12.087292,47.568825,12
arabis,15.74739,47.713372,12
arabis,25.496167,67.710497,12
arabis,21.208608,69.261057,12
arabis,23.155083,70.347686,12
arabis,16.89173,67.91246,12
arabis,16.99692,67.92346,12
arabis,17.70812,67.93037,12
arabis,18.51222,68.42447,12
arabis,17.67761,67.97676,12
arabis,17.69298,67.74283,12
arabis,17.38394,67.90036,12
arabis,18.75402,68.35157,12
arabis,20.4613,69.0311,12
arabis,17.72629,67.97364,12
arabis,18.10011,67.89481,12
arabis,14.78447,66.02562,12
arabis,18.01721,67.91521,12
arabis,20.42358,69.03718,12
arabis,14.627,65.6818,12
arabis,14.82008,66.02148,12
arabis,17.5523,68.04144,12
arabis,18.6323,68.42186,12
arabis,12.3324,63.62194,12
arabis,17.80548,67.73508,12
arabis,18.9548,68.34542,12
arabis,18.32583,68.39675,12
arabis,16.86825,67.95292,12
arabis,17.73827,67.93805,12
arabis,17.73378,67.73658,12
arabis,17.05074,67.96019,12
arabis,18.24027,68.05167,12
arabis,16.95293,67.92687,12
arabis,18.43907,67.40322,12
arabis,18.46075,68.39854,12
arabis,18.71864,68.38858,12
arabis,15.09101,65.81781,12
arabis,18.01835,67.95048,12
arabis,17.35892,67.94728,12
arabis,16.91052,67.952,12
arabis,7.159905,61.853015,12
arabis,16.01139,49.35806,12
arabis,11.752066,63.191427,12
arabis,13.181313,65.823894,12
arabis,21.040709,69.34669,12
arabis,8.1855,46.34143,12
arabis,7.21152,46.29868,12
arabis,9.38477,47.18199,12
arabis,7.73656,47.37795,12
arabis,8.38266,46.4749,12
arabis,8.12,46.29686,12
arabis,9.38314,47.13703,12
arabis,8.8512,46.96487,12
arabis,9.75893,46.6801,12
arabis,9.04556,46.87234,12
arabis,7.66483,46.0738,12
arabis,7.0158,46.43305,12
arabis,9.24832,47.04926,12
arabis,8.12056,46.34184,12
arabis,7.08174,46.29834,12
arabis,9.76086,46.72506,12
arabis,10.01376,46.53962,12
arabis,7.92333,46.07298,12
arabis,7.01789,46.16319,12
arabis,9.04422,46.82737,12
arabis,8.11775,46.11696,12
arabis,9.81436,46.45397,12
arabis,9.50105,46.77505,12
arabis,8.64806,46.6973,12
arabis,9.75122,46.50027,12
arabis,8.71768,46.87648,12
arabis,9.29541,46.50864,12
arabis,8.32269,46.79025,12
arabis,9.89366,46.76728,12
arabis,7.47117,46.43384,12
arabis,8.18304,46.16153,12
arabis,9.03622,46.55756,12
arabis,9.94653,46.49612,12
arabis,9.55765,46.54904,12
arabis,8.58556,46.83289,12
arabis,8.52093,46.87851,12
arabis,7.79614,46.3883,12
arabis,7.40595,46.70371,12
arabis,7.21227,46.11877,12
arabis,8.98516,47.05311,12
arabis,8.84532,46.74002,12
arabis,8.84064,46.56014,12
arabis,6.95357,46.11795,12
arabis,7.79644,46.43328,12
arabis,9.18107,47.00532,12
arabis,7.08144,46.34332,12
arabis,7.72994,46.1636,12
arabis,7.85871,46.07324,12
arabis,7.20788,47.15324,12
arabis,7.92373,46.11796,12
arabis,7.27641,46.29879,12
arabis,8.83947,46.51517,12
arabis,9.88143,46.49754,12
arabis,8.78102,46.78578,12
arabis,9.83222,46.85858,12
arabis,6.4891,46.78971,12
arabis,8.11887,46.20691,12
arabis,7.79703,46.52324,12
arabis,7.73138,46.43347,12
arabis,6.42531,46.6992,12
arabis,7.79584,46.34333,12
arabis,9.62646,46.63773,12
arabis,7.99435,46.70236,12
arabis,6.74929,46.92651,12
arabis,7.98976,46.25259,12
arabis,7.34179,46.029,12
arabis,7.47104,46.20895,12
arabis,7.27695,46.11888,12
arabis,7.79525,46.25337,12
arabis,9.88753,46.63241,12
arabis,8.51823,46.74359,12
arabis,10.00736,46.40476,12
arabis,8.84649,46.78499,12
arabis,8.05511,46.29723,12
arabis,7.08351,46.02848,12
arabis,8.05308,46.11733,12
arabis,6.23223,46.56237,12
arabis,8.91442,46.87411,12
arabis,7.34171,46.07398,12
arabis,6.95317,46.16293,12
arabis,8.97742,46.78331,12
arabis,9.12381,47.27608,12
arabis,7.27614,46.38875,12
arabis,7.21133,46.34366,12
arabis,8.18923,46.61129,12
arabis,7.21246,46.07379,12
arabis,9.04826,46.96227,12
arabis,8.4562,46.92408,12
arabis,7.92573,46.34284,12
arabis,8.65414,46.96713,12
arabis,6.82371,46.16229,12
arabis,8.77322,46.47099,12
arabis,9.82823,46.76867,12
arabis,7.1459,46.43346,12
arabis,9.82624,46.72371,12
arabis,6.88844,46.16263,12
arabis,7.14784,46.07364,12
arabis,9.37825,47.00215,12
arabis,8.91689,46.96404,12
arabis,9.74739,46.41035,12
arabis,18.692558,68.696325,12
arabis,6.951173,60.178747,12
arabis,9.416841,47.286927,12
arabis,11.7465,61.7098,12
arabis,11.877,61.7757,12
arabis,27.449715,53.879517,12
arabis,11.252503,46.688642,12
arabis,12.797763,47.762178,12
arabis,8.193534,60.567151,12
arabis,7.032084,60.198907,12
arabis,7.18698,61.83067,12
arabis,8.15523,60.523703,12
arabis,12.311222,46.635188,12
arabis,11.884915,47.665375,12
arabis,8.657827,50.126633,12
arabis,8.499799,47.739784,12
arabis,11.832743,47.705898,12
arabis,11.742316,46.476997,12
arabis,11.770961,46.579166,12
arabis,13.39156,47.894012,12
arabis,6.40833,45.064034,12
arabis,7.621929,46.410793,12
arabis,12.048203,47.093464,12
arabis,11.81571,46.570663,12
arabis,8.045997,46.787319,12
arabis,11.734428,46.511272,12
arabis,11.608686,46.504391,12
arabis,8.206392,47.610779,12
arabis,10.112357,46.906712,12
arabis,12.002703,47.734032,12
arabis,11.755885,46.513279,12
arabis,9.557358,47.326756,12
arabis,-19.988493,63.614957,12
arabis,7.965208,46.818438,12
arabis,7.956458,46.831413,12
arabis,12.03981,47.70061,12
arabis,8.413748,46.558281,12
arabis,6.866209,46.972173,12
arabis,13.26,47.5,12
arabis,12.92,47.35,12
arabis,13.51,47.16,12
arabis,13.03,47.73,12
arabis,13.17,47.5,12
arabis,11.17,47.41,12
arabis,12.87,47.12,12
arabis,12.92,47.34,12
arabis,12.87,47.37,12
arabis,13.06,47.56,12
arabis,13.13,47.82,12
arabis,13.15,47.13,12
arabis,20.542782,69.601547,12
arabis,9.4046,47.267969,12
arabis,5.3225,44.895,12
arabis,9.033018,62.082191,12
arabis,12.095738,46.452865,12
arabis,9.224087,46.90253,12
arabis,9.75438,47.066624,12
arabis,7.524154,60.604484,12
arabis,7.441913,60.838319,12
arabis,9.761911,62.441538,12
arabis,16.398233,67.191969,12
arabis,10.684099,46.893539,12
arabis,13.24218,46.555507,12
arabis,9.77468,47.373163,12
arabis,25.649345,70.360419,12
arabis,16.217888,67.028535,12
arabis,9.657743,62.304515,12
arabis,16.256497,67.049452,12
arabis,7.688395,45.987805,12
arabis,9.645555,46.424533,12
arabis,9.621315,46.767863,12
arabis,8.042367,46.667158,12
arabis,7.270182,62.049085,12
arabis,6.44746,59.96778,12
arabis,9.06649,61.657589,12
arabis,18.12784,68.426138,12
arabis,11.00045,47.143721,12
arabis,18.82059,68.350893,12
arabis,20.873775,69.373612,12
arabis,19.086577,69.702528,12
arabis,15.491708,66.844773,12
arabis,19.062753,69.588872,12
arabis,6.965824,61.868385,12
arabis,21.209493,69.821623,12
arabis,19.067559,69.605814,12
arabis,21.289749,69.764297,12
arabis,12.870955,47.645387,12
arabis,12.217937,46.230557,12
arabis,11.850487,46.403782,12
arabis,9.796403,46.833946,12
arabis,18.585257,68.433062,12
arabis,9.393386,62.403856,12
arabis,14.828679,66.373348,12
arabis,21.055163,69.334951,12
arabis,21.101767,69.378576,12
arabis,10.171569,45.980676,12
arabis,10.409661,45.906941,12
arabis,11.489389,47.41076,12
arabis,7.769993,46.018585,12
arabis,11.042437,46.828598,12
arabis,7.806818,62.496307,12
arabis,16.171633,66.973542,12
arabis,6.888111,59.87768,12
arabis,9.727524,62.553617,12
arabis,19.511543,69.759278,12
arabis,7.21,46.6585,12
arabis,8.18365,46.2065,12
arabis,6.94208,47.37726,12
arabis,7.27491,46.79355,12
arabis,9.76863,46.90489,12
arabis,7.5359,46.25389,12
arabis,7.0165,46.3431,12
arabis,8.25721,46.79074,12
arabis,8.64304,46.47244,12
arabis,7.73235,46.61338,12
arabis,8.84414,46.69505,12
arabis,7.14711,46.20857,12
arabis,7.86009,46.25315,12
arabis,6.94458,47.10743,12
arabis,6.95155,46.34284,12
arabis,8.11831,46.16193,12
arabis,7.01045,47.10769,12
arabis,7.99574,46.83729,12
arabis,7.21076,46.47859,12
arabis,8.84297,46.65008,12
arabis,7.53582,46.20891,12
arabis,9.02174,46.06291,12
arabis,7.99621,46.88226,12
arabis,7.66633,46.43362,12
arabis,8.0587,46.61207,12
arabis,9.24984,47.09423,12
arabis,6.29553,46.65299,12
arabis,7.27353,47.2433,12
arabis,7.695743,46.454015,12
arabis,11.4896,46.339492,12
arabis,13.897005,46.35891,12
arabis,11.377914,47.118523,12
arabis,7.64589,46.456041,12
arabis,15.759468,66.80739,12
arabis,8.073851,60.551539,12
arabis,13.822741,45.97677,12
arabis,9.797714,45.946615,12
arabis,19.049333,69.622118,12
arabis,6.662481,60.334304,12
arabis,19.167829,69.741102,12
arabis,6.431129,60.2303,12
arabis,2.837506,45.070115,12
arabis,13.513116,47.411129,12
arabis,5.49799,50.35067,12
arabis,5.84478,50.59168,12
arabis,5.07172,50.30912,12
arabis,10.885623,59.974496,12
arabis,7.105611,61.429274,12
arabis,9.577658,62.21573,12
arabis,25.023749,70.260853,12
arabis,10.580124,61.717965,12
arabis,11.264312,47.400793,12
arabis,11.881833,46.307582,12
arabis,13.876716,46.920268,12
arabis,8.473056,47.052778,12
arabis,9.945903,47.395999,12
arabis,10.03243,46.316908,12
arabis,9.015156,47.131111,12
arabis,11.2943,62.7215,12
arabis,7.86861,47.33256,12
arabis,7.07541,47.24284,12
arabis,6.94333,47.24235,12
arabis,7.07479,47.33278,12
arabis,7.99068,46.34255,12
arabis,9.89776,46.85719,12
arabis,7.33931,47.37829,12
arabis,6.36084,46.65362,12
arabis,7.01081,47.06272,12
arabis,7.07418,47.42273,12
arabis,6.11396,46.06622,12
arabis,6.42447,46.74417,12
arabis,7.73309,46.74831,12
arabis,7.34057,46.70367,12
arabis,8.98776,47.14304,12
arabis,7.34065,46.65869,12
arabis,6.88661,46.34254,12
arabis,8.05562,46.34221,12
arabis,7.60442,47.46816,12
arabis,6.35995,46.6986,12
arabis,8.92186,47.14391,12
arabis,7.40589,46.79366,12
arabis,7.73631,47.33298,12
arabis,7.1412,47.288,12
arabis,9.11534,47.0063,12
arabis,7.67074,47.46804,12
arabis,6.87824,47.1521,12
arabis,6.834851,45.015317,12
arabis,10.982075,47.544751,12
arabis,-2.269488,42.83587,12
arabis,13.14,47.6,12
arabis,13.32,47.55,12
arabis,13.51,47.29,12
arabis,9.043611,47.036111,12
arabis,6.987165,44.678066,12
arabis,10.01804,46.62953,12
arabis,8.7008,46.15693,12
arabis,8.26829,47.51028,12
arabis,8.51107,46.3838,12
arabis,10.2909,46.84805,12
arabis,8.65515,47.0121,12
arabis,10.41198,46.66493,12
arabis,7.47146,46.92859,12
arabis,10.28377,46.71321,12
arabis,8.59717,47.37253,12
arabis,7.2071,47.33313,12
arabis,6.74697,47.10641,12
arabis,6.81442,46.97186,12
arabis,7.33965,47.1984,12
arabis,7.86933,47.42251,12
arabis,7.14069,47.37795,12
arabis,10.679928,47.557589,12
arabis,10.212778,47.488889,12
arabis,18.66247,68.39168,12
arabis,6.984114,59.626143,12
arabis,16.13576,66.65246,12
arabis,15.96499,66.77808,12
arabis,14.79494,66.07184,12
arabis,15.09448,65.77365,12
arabis,15.88689,66.76416,12
arabis,14.67974,65.8654,12
arabis,9.780032,46.279648,12
arabis,11.728536,46.531291,12
arabis,13.804887,66.522831,12
arabis,14.127697,66.744496,12
arabis,13.704312,66.537303,12
arabis,13.817257,66.494758,12
arabis,8.993376,62.352178,12
arabis,16.46535,67.34541,12
arabis,8.814027,61.398193,12
arabis,10.866508,45.771788,12
arabis,7.79379,46.02849,12
arabis,10.40457,46.53009,12
arabis,9.88346,46.5425,12
arabis,7.92293,46.028,12
arabis,7.14145,47.24303,12
arabis,9.31567,47.09317,12
arabis,18.907533,68.609204,12
arabis,13.33,47.18,12
arabis,15.22,47.81,12
arabis,13.77,46.99,12
arabis,12.71,47.17,12
arabis,12.73,47.18,12
arabis,14.94,47.51,12
arabis,12.28,47.02,12
arabis,15.8,47.77,12
arabis,12.72,47.19,12
arabis,13.42,47.64,12
arabis,13.08,47.1,12
arabis,13.49,47.41,12
arabis,12.72,47.05,12
arabis,13.12,47.57,12
arabis,13.43,47.11,12
arabis,13.45,47.28,12
arabis,12.82,47.09,12
arabis,13.33,47.21,12
arabis,12.22,47.04,12
arabis,13.37,46.92,12
arabis,13.45,47.27,12
arabis,13.6,47.07,12
arabis,13.58,47.23,12
arabis,13.3,47.49,12
arabis,13.57,47.29,12
arabis,13.5,47.42,12
arabis,21.241949,69.817988,12
arabis,10.940757,46.169455,12
arabis,-0.007366,42.696007,12
arabis,6.601067,45.357574,12
arabis,9.837864,62.263358,12
arabis,22.10079,68.02957,12
arabis,54.555764,68.267309,12
arabis,6.740985,59.37646,12
arabis,6.739754,59.421357,12
arabis,21.125133,69.366316,12
arabis,7.310589,60.926055,12
arabis,10.199618,47.195299,12
arabis,6.906692,47.014706,12
arabis,12.485932,46.104995,12
arabis,18.11735,67.71547,12
arabis,15.24925,47.813315,12
arabis,-14.904874,65.06874,12
arabis,13.45743,47.297394,12
arabis,13.383009,52.525997,12
arabis,11.462239,49.29096,12
arabis,13.638304,47.280919,12
arabis,-4.440425,37.480964,12
arabis,9.035817,48.539445,12
arabis,15.528285,47.65496,12
arabis,60.787109,57.007085,12
arabis,16.84136,52.400897,12
arabis,10.808151,45.660091,12
arabis,8.890436,45.86021,12
arabis,9.832399,51.395937,12
arabis,-1.544444,53.826111,12
arabis,2.697799,48.868032,12
arabis,9.662778,48.441111,12
arabis,-0.415952,47.39991,12
arabis,17.77616,49.805494,12
arabis,19.010807,47.61949,12
arabis,5.027926,44.734484,12
arabis,9.876762,45.870122,12
arabis,6.967777,43.631448,12
arabis,9.390443,48.798452,12
arabis,8.347408,46.786728,12
arabis,6.460391,45.891337,12
arabis,17.971445,52.435696,12
arabis,12.944722,46.605556,12
arabis,-21.6225,64.405,12
arabis,21.25657,48.972384,12
arabis,7.828886,45.774134,12
arabis,23.286766,53.307935,12
arabis,15.34218,47.420929,12
arabis,20.268036,48.219232,12
arabis,7.68,52.852778,12
arabis,14.506003,48.89725,12
arabis,6.077062,50.797202,12
arabis,-0.833611,49.028611,12
arabis,6.7675,47.045556,12
arabis,5.908923,45.32501,12
arabis,-0.200653,44.76215,12
arabis,4.441252,45.411523,12
arabis,4.402378,45.302381,12
arabis,7.79852,46.74812,12
arabis,9.01784,45.928,12
arabis,7.27587,46.4787,12
arabis,7.14903,45.84876,12
arabis,7.66539,46.20873,12
arabis,9.05096,47.0522,12
arabis,7.47114,46.38886,12
arabis,9.18253,47.05028,12
arabis,6.10072,46.60588,12
arabis,11.054026,46.912429,12
arabis,7.53558,46.07398,12
arabis,8.4579,47.01402,12
arabis,7.53566,46.11896,12
arabis,7.00828,47.37753,12
arabis,9.83824,46.99344,12
arabis,6.82116,46.38718,12
arabis,9.44062,46.9111,12
arabis,8.25449,46.61084,12
arabis,9.6301,46.72765,12
arabis,7.47093,46.02904,12
arabis,9.05231,47.09717,12
arabis,8.78778,47.0556,12
arabis,9.69173,46.63646,12
arabis,7.73333,46.79329,12
arabis,7.01474,46.56798,12
arabis,6.74755,47.06143,12
arabis,9.08093,45.88211,12
arabis,9.44903,47.1359,12
arabis,7.14492,46.61337,12
arabis,8.12567,46.74662,12
arabis,7.86395,46.7479,12
arabis,7.60034,46.11888,12
arabis,8.70813,46.47173,12
arabis,8.97871,46.82827,12
arabis,8.64705,46.65233,12
arabis,9.55941,46.594,12
arabis,8.51733,46.69861,12
arabis,7.4062,46.2989,12
arabis,6.1702,46.42674,12
arabis,6.88753,46.25258,12
arabis,7.40598,46.65873,12
arabis,8.05921,46.65705,12
arabis,7.14394,46.79328,12
arabis,8.51196,46.42877,12
arabis,7.08115,46.3883,12
arabis,8.32343,46.83522,12
arabis,9.69549,46.72637,12
arabis,8.57984,46.56306,12
arabis,7.92533,46.29787,12
arabis,7.33948,47.28835,12
arabis,8.19048,46.70124,12
arabis,10.14855,46.6265,12
arabis,9.81239,46.40901,12
arabis,9.184,47.09524,12
arabis,6.95115,46.38781,12
arabis,8.71342,46.69659,12
arabis,9.32041,47.22805,12
arabis,7.4713,46.65873,12
arabis,7.47125,46.56877,12
arabis,9.0496,47.00724,12
arabis,9.03489,46.5126,12
arabis,10.07671,46.49317,12
arabis,8.98387,47.00814,12
arabis,7.47165,47.24341,12
arabis,9.2288,46.46472,12
arabis,7.47133,46.70371,12
arabis,8.44442,46.29445,12
arabis,7.21057,46.52357,12
arabis,6.81232,47.15176,12
arabis,7.60154,46.52368,12
arabis,8.00328,47.55684,12
arabis,8.85476,47.09977,12
arabis,9.1738,46.78049,12
arabis,6.62006,46.79072,12
arabis,7.40592,46.74868,12
arabis,8.13437,47.42122,12
arabis,7.01009,47.15267,12
arabis,9.23476,46.64458,12
arabis,8.31611,46.38548,12
arabis,7.47112,46.34388,12
arabis,7.9302,46.83759,12
arabis,9.11253,46.91637,12
arabis,6.29744,46.56304,12
arabis,7.08025,46.52323,12
arabis,7.14687,46.25355,12
arabis,10.28852,46.80311,12
arabis,9.11956,47.14119,12
arabis,8.71449,46.74156,12
arabis,8.5093,46.29385,12
arabis,6.16598,46.60663,12
arabis,9.38641,47.22695,12
arabis,9.69737,46.77133,12
arabis,9.2468,47.0043,12
arabis,7.14541,46.52342,12
arabis,7.14639,46.34351,12
arabis,7.27682,46.16386,12
arabis,9.44566,47.04598,12
arabis,7.80276,47.37776,12
arabis,7.07602,47.1529,12
arabis,7.66652,46.4786,12
arabis,7.14663,46.29853,12
arabis,6.5531,46.88018,12
arabis,7.8636,46.70292,12
arabis,9.37501,46.91223,12
arabis,7.47167,47.28839,12
arabis,9.579,47.08856,12
arabis,7.21019,46.61352,12
arabis,7.33957,47.24337,12
arabis,7.66784,46.79344,12
arabis,7.08292,46.11843,12
arabis,7.47135,46.74868,12
arabis,7.40555,47.33336,12
arabis,7.34114,46.38882,12
arabis,9.12098,47.18615,12
arabis,7.73114,46.38849,12
arabis,6.95034,46.47777,12
arabis,7.27628,46.34377,12
arabis,7.1488,45.89374,12
arabis,8.98646,47.09808,12
arabis,7.66521,46.16375,12
arabis,9.01655,45.88303,12
arabis,8.85239,47.00984,12
arabis,8.20192,47.51073,12
arabis,6.94993,46.52274,12
arabis,9.08906,46.15192,12
arabis,7.40617,46.34388,12
arabis,7.60061,46.20884,12
arabis,8.12396,46.6117,12
arabis,8.51375,46.51872,12
arabis,6.4883,46.83468,12
arabis,7.21038,46.56855,12
arabis,8.85357,47.05481,12
arabis,8.51913,46.78856,12
arabis,9.52191,47.31456,12
arabis,7.27668,46.20884,12
arabis,10.2814,46.66826,12
arabis,6.81389,47.01684,12
arabis,8.91937,47.05398,12
arabis,9.30627,46.82339,12
arabis,9.94237,46.40621,12
arabis,7.14566,46.47844,12
arabis,9.05366,47.14213,12
arabis,7.86079,46.3431,12
arabis,6.68365,46.9261,12
arabis,7.1422,47.10811,12
arabis,7.40606,46.5238,12
arabis,7.53574,46.16393,12
arabis,9.82425,46.67875,12
arabis,6.87918,47.06215,12
arabis,9.09452,46.33179,12
arabis,9.69925,46.81629,12
arabis,6.95074,46.43279,12
arabis,8.06285,46.97187,12
arabis,9.64853,47.17723,12
arabis,7.07995,46.56821,12
arabis,9.24377,46.91437,12
arabis,7.79408,46.07346,12
arabis,7.07633,47.10792,12
arabis,6.61869,46.88067,12
arabis,7.21209,46.16375,12
arabis,7.93476,47.3323,12
arabis,7.60074,46.25382,12
arabis,9.24529,46.95934,12
arabis,8.83831,46.4702,12
arabis,18.987888,69.595528,12
arabis,23.266393,69.896944,12
arabis,19.019392,69.592171,12
arabis,15.49417,47.38447,12
arabis,11.446727,45.980441,12
arabis,6.096174,60.312043,12
arabis,19.41466,64.78943,12
arabis,12.040638,46.500125,12
arabis,14.608691,66.71766,12
arabis,9.569025,61.881111,12
arabis,7.501817,60.56395,12
arabis,6.442502,59.958823,12
arabis,10.543413,46.528217,12
arabis,9.830821,62.544208,12
arabis,14.41991,65.14833,12
arabis,9.811597,62.539494,12
arabis,16.17847,67.785507,12
arabis,16.196184,67.812461,12
arabis,9.026757,61.491317,12
arabis,14.992864,66.695814,12
arabis,16.149813,67.846855,12
arabis,13.554863,42.467048,12
arabis,9.669908,46.410778,12
arabis,9.714163,46.50947,12
arabis,11.488795,47.661954,12
arabis,21.202837,69.536893,12
arabis,7.50979,60.825846,12
arabis,7.290197,62.478571,12
arabis,21.276499,69.499677,12
arabis,8.443176,61.577686,12
arabis,7.487438,60.394438,12
arabis,15.788439,66.778207,12
arabis,16.875014,68.752523,12
arabis,9.993326,62.335466,12
arabis,21.007301,69.359883,12
arabis,9.835438,62.293933,12
arabis,9.81493,62.277089,12
arabis,9.546028,62.492461,12
arabis,9.692993,62.437623,12
arabis,8.686053,61.410124,12
arabis,18.69407,68.39574,12
arabis,18.73995,68.31792,12
arabis,19.019023,69.638249,12
arabis,24.478094,70.436068,12
arabis,7.223883,62.457311,12
arabis,7.211657,62.43638,12
arabis,8.791722,61.347519,12
arabis,16.108033,67.135103,12
arabis,8.20998,61.391188,12
arabis,5.59537,50.54742,12
arabis,5.40816,50.46016,12
arabis,4.52568,50.37916,12
arabis,4.85677,50.72498,12
arabis,2.577427,50.727053,12
arabis,4.71448,43.656872,12
arabis,4.126633,46.919746,12
arabis,1.682515,48.64452,12
arabis,-0.825567,47.408845,12
arabis,6.434191,45.947276,12
arabis,1.765292,42.86195,12
arabis,8.994262,47.069267,12
arabis,11.057603,47.4341,12
arabis,7.134305,46.266065,12
arabis,9.01795,47.084739,12
arabis,15.227281,47.571551,12
arabis,7.353758,59.619057,12
arabis,8.816627,47.146589,12
arabis,38.424038,55.773928,12
arabis,9.256178,47.146214,12
arabis,8.224329,46.699479,12
arabis,6.949195,46.997979,12
arabis,7.96923,45.137939,12
